url,page_source,profondeur,texte_lien,indice_nom,indice_texte_lien,accord_des_indices,commune,code_insee,population,departement
https://www.laferriere-vendee.fr/medias/2020/12/Proces-verbal-Conseil-Municipal-4-novembre-2020-1.pdf,https://www.laferriere-vendee.fr/conseil-municipal/,1,Procès-verbal Conseil Municipal – 4 novembre 2020.,proces-verbal;conseil-municipal,proces-verbal;conseil municipal,True,La Ferrière,85089,5454,85
https://www.laferriere-vendee.fr/medias/2021/01/Proces-verbal-Conseil-Municipal-9-decembre-2020.pdf,https://www.laferriere-vendee.fr/conseil-municipal/,1,Procès-verbal Conseil Municipal – 9 décembre 2020,proces-verbal;conseil-municipal,proces-verbal;conseil municipal,True,La Ferrière,85089,5454,85
https://www.laferriere-vendee.fr/medias/2021/03/Proces-verbal-Conseil-Municipal-27-janvier-2021.pdf,https://www.laferriere-vendee.fr/conseil-municipal/,1,Procès-verbal Conseil Municipal – 27 janvier 2021,proces-verbal;conseil-municipal,proces-verbal;conseil municipal,True,La Ferrière,85089,5454,85
https://www.laferriere-vendee.fr/medias/2021/05/Proces-verbal-Conseil-Municipal-17-mars-2021.pdf,https://www.laferriere-vendee.fr/conseil-municipal/,1,Procès-verbal Conseil Municipal – 17 mars 2021,proces-verbal;conseil-municipal,proces-verbal;conseil municipal,True,La Ferrière,85089,5454,85
https://www.laferriere-vendee.fr/medias/2021/06/Proces-verbal-Conseil-Municipal-5-mai-2021.pdf,https://www.laferriere-vendee.fr/conseil-municipal/,1,Procès-verbal Conseil Municipal – 5 mai 2021,proces-verbal;conseil-municipal,proces-verbal;conseil municipal,True,La Ferrière,85089,5454,85
https://www.laferriere-vendee.fr/medias/2021/07/Proces-verbal-Conseil-Municipal-9-juin-2021.pdf,https://www.laferriere-vendee.fr/conseil-municipal/,1,Procès-verbal Conseil Municipal – 9 juin 2021,proces-verbal;conseil-municipal,proces-verbal;conseil municipal,True,La Ferrière,85089,5454,85
https://www.laferriere-vendee.fr/medias/2021/09/Proces-verbal-Conseil-Municipal-7-juillet-2021.pdf,https://www.laferriere-vendee.fr/conseil-municipal/,1,Procès-verbal Conseil Municipal – 7 juillet 2021,proces-verbal;conseil-municipal,proces-verbal;conseil municipal,True,La Ferrière,85089,5454,85
https://www.laferriere-vendee.fr/medias/2021/10/Proces-verbal-Conseil-Municipal-8-septembre-2021.pdf,https://www.laferriere-vendee.fr/conseil-municipal/,1,Procès-verbal Conseil Municipal – 8 septembre 2021,proces-verbal;conseil-municipal,proces-verbal;conseil municipal,True,La Ferrière,85089,5454,85
https://www.laferriere-vendee.fr/medias/2021/12/Proces-verbal-Conseil-Municipal-20-octobre-2021.pdf,https://www.laferriere-vendee.fr/conseil-municipal/,1,Procès-verbal Conseil Municipal – 20 octobre 2021,proces-verbal;conseil-municipal,proces-verbal;conseil municipal,True,La Ferrière,85089,5454,85
https://www.laferriere-vendee.fr/medias/2022/01/Proces-verbal-Conseil-Municipal-8-decembre-2021.pdf,https://www.laferriere-vendee.fr/conseil-municipal/,1,Procès-verbal Conseil Municipal – 8 décembre 2021,proces-verbal;conseil-municipal,proces-verbal;conseil municipal,True,La Ferrière,85089,5454,85
https://www.laferriere-vendee.fr/medias/2022/03/Proces-verbal-Conseil-Municipal-26-janvier-2022.pdf,https://www.laferriere-vendee.fr/conseil-municipal/,1,Procès-verbal Conseil Municipal – 26 janvier 2022,proces-verbal;conseil-municipal,proces-verbal;conseil municipal,True,La Ferrière,85089,5454,85
https://www.laferriere-vendee.fr/medias/2022/05/Proces-verbal-Conseil-Municipal-16-mars-2022.pdf,https://www.laferriere-vendee.fr/conseil-municipal/,1,Procès-verbal Conseil Municipal – 16 mars 2022,proces-verbal;conseil-municipal,proces-verbal;conseil municipal,True,La Ferrière,85089,5454,85
https://www.laferriere-vendee.fr/medias/2022/06/Proces-verbal-Conseil-Municipal-11-mai-2022.pdf,https://www.laferriere-vendee.fr/conseil-municipal/,1,Procès-verbal Conseil Municipal – 11 mai 2022,proces-verbal;conseil-municipal,proces-verbal;conseil municipal,True,La Ferrière,85089,5454,85
https://www.laferriere-vendee.fr/medias/2022/07/Proces-verbal-Conseil-Municipal-8-juin-2022.pdf,https://www.laferriere-vendee.fr/conseil-municipal/,1,Procès-verbal Conseil Municipal – 8 juin 2022,proces-verbal;conseil-municipal,proces-verbal;conseil municipal,True,La Ferrière,85089,5454,85
https://www.laferriere-vendee.fr/medias/2022/09/Proces-verbal-Conseil-Municipal-4-juillet-2022.pdf,https://www.laferriere-vendee.fr/conseil-municipal/,1,Procès-verbal Conseil Municipal – 4 juillet 2022,proces-verbal;conseil-municipal,proces-verbal;conseil municipal,True,La Ferrière,85089,5454,85
https://www.laferriere-vendee.fr/medias/2022/12/Proces-verbal-Conseil-Municipal-14-septembre-2022.pdf,https://www.laferriere-vendee.fr/conseil-municipal/,1,Procès-verbal Conseil Municipal – 14 septembre 2022,proces-verbal;conseil-municipal,proces-verbal;conseil municipal,True,La Ferrière,85089,5454,85
https://www.laferriere-vendee.fr/medias/2022/12/Proces-verbal-Conseil-Municipal-19-octobre-2022.pdf,https://www.laferriere-vendee.fr/conseil-municipal/,1,Procès-verbal Conseil Municipal – 19 octobre 2022,proces-verbal;conseil-municipal,proces-verbal;conseil municipal,True,La Ferrière,85089,5454,85
https://www.laferriere-vendee.fr/medias/2020/12/Proces-verbal-Conseil-Municipal-7-decembre-2022.pdf,https://www.laferriere-vendee.fr/conseil-municipal/,1,Procès-verbal Conseil Municipal – 7 décembre 2022,proces-verbal;conseil-municipal,proces-verbal;conseil municipal,True,La Ferrière,85089,5454,85
https://www.laferriere-vendee.fr/medias/2023/03/Proces-verbal-Conseil-Municipal-23-janvier-2023.pdf,https://www.laferriere-vendee.fr/conseil-municipal/,1,Procès-verbal Conseil Municipal – 23 janvier 2023,proces-verbal;conseil-municipal,proces-verbal;conseil municipal,True,La Ferrière,85089,5454,85
https://www.laferriere-vendee.fr/medias/2023/03/Proces-verbal-Conseil-Municipal-20-fevrier-2023.pdf,https://www.laferriere-vendee.fr/conseil-municipal/,1,Procès-verbal Conseil Municipal – 20 février 2023,proces-verbal;conseil-municipal,proces-verbal;conseil municipal,True,La Ferrière,85089,5454,85
https://www.laferriere-vendee.fr/medias/2023/05/Proces-verbal-Conseil-Municipal-20-mars-2023.pdf,https://www.laferriere-vendee.fr/conseil-municipal/,1,Procès-verbal Conseil Municipal – 20 mars 2023,proces-verbal;conseil-municipal,proces-verbal;conseil municipal,True,La Ferrière,85089,5454,85
https://www.laferriere-vendee.fr/medias/2023/06/Proces-verbal-Conseil-Municipal-3-mai-2023.pdf,https://www.laferriere-vendee.fr/conseil-municipal/,1,Procès-verbal Conseil Municipal 3 mai 2023,proces-verbal;conseil-municipal,proces-verbal;conseil municipal,True,La Ferrière,85089,5454,85
https://www.laferriere-vendee.fr/medias/2023/09/Proces-verbal-Conseil-Municipal-5-juin-2023.pdf,https://www.laferriere-vendee.fr/conseil-municipal/,1,Procès-verbal Conseil Municipal – 5 juin 2023,proces-verbal;conseil-municipal,proces-verbal;conseil municipal,True,La Ferrière,85089,5454,85
https://www.laferriere-vendee.fr/medias/2023/09/Proces-verbal-Conseil-Municipal-3-juillet-2023.pdf,https://www.laferriere-vendee.fr/conseil-municipal/,1,Procès-verbal Conseil Municipal – 3 juillet 2023,proces-verbal;conseil-municipal,proces-verbal;conseil municipal,True,La Ferrière,85089,5454,85
https://www.laferriere-vendee.fr/medias/2020/12/Proces-verbal-Conseil-Municipal-18-septembre-2023.pdf,https://www.laferriere-vendee.fr/conseil-municipal/,1,Procès-verbal Conseil Municipal – 18 septembre 2023,proces-verbal;conseil-municipal,proces-verbal;conseil municipal,True,La Ferrière,85089,5454,85
https://www.laferriere-vendee.fr/medias/2020/12/Proces-verbal-Conseil-Municipal-16-octobre-2023-1.pdf,https://www.laferriere-vendee.fr/conseil-municipal/,1,Procès-verbal Conseil Municipal 16 octobre 2023,proces-verbal;conseil-municipal,proces-verbal;conseil municipal,True,La Ferrière,85089,5454,85
https://www.laferriere-vendee.fr/medias/2020/12/Proces-verbal-Conseil-Municipal-4-decembre-2023.pdf,https://www.laferriere-vendee.fr/conseil-municipal/,1,Procès-verbal Conseil Municipal 4 décembre 2023,proces-verbal;conseil-municipal,proces-verbal;conseil municipal,True,La Ferrière,85089,5454,85
https://www.laferriere-vendee.fr/medias/2020/12/Proces-verbal-du-Conseil-Municipal-du-22-janvier-2024.pdf,https://www.laferriere-vendee.fr/conseil-municipal/,1,Procès-verbal Conseil Municipal du 22 janvier 2024,proces-verbal;conseil-municipal,proces-verbal;conseil municipal,True,La Ferrière,85089,5454,85
https://www.laferriere-vendee.fr/medias/2020/12/Proces-verbal-du-Conseil-Municipal-18-mars-2024.pdf,https://www.laferriere-vendee.fr/conseil-municipal/,1,Procès-verbal Conseil Municipal – 18 mars 2024,proces-verbal;conseil-municipal,proces-verbal;conseil municipal,True,La Ferrière,85089,5454,85
https://www.laferriere-vendee.fr/medias/2020/12/Proces-verbal-du-Conseil-Municipal-du-8-avril-2024-1.pdf,https://www.laferriere-vendee.fr/conseil-municipal/,1,Procès-verbal Conseil Municipal – 8 avril 2024,proces-verbal;conseil-municipal,proces-verbal;conseil municipal,True,La Ferrière,85089,5454,85
https://www.laferriere-vendee.fr/medias/2020/12/Proces-verbal-du-Conseil-Municipal-du-27-mai-2024.pdf,https://www.laferriere-vendee.fr/conseil-municipal/,1,Procès-verbal Conseil Municipal – 27 mai 2024,proces-verbal;conseil-municipal,proces-verbal;conseil municipal,True,La Ferrière,85089,5454,85
https://www.laferriere-vendee.fr/medias/2020/12/Proces-verbal-du-Conseil-Municipal-du-1er-juillet-2024.pdf,https://www.laferriere-vendee.fr/conseil-municipal/,1,Procès-verbal Conseil Municipal – 1er juillet 2024,proces-verbal;conseil-municipal,proces-verbal;conseil municipal,True,La Ferrière,85089,5454,85
https://www.laferriere-vendee.fr/medias/2020/12/Proces-verbal-du-Conseil-Municipal-du-16-septembre-2024.pdf,https://www.laferriere-vendee.fr/conseil-municipal/,1,Procès-verbal Conseil Municipal – 16 septembre 2024,proces-verbal;conseil-municipal,proces-verbal;conseil municipal,True,La Ferrière,85089,5454,85
https://www.laferriere-vendee.fr/medias/2020/12/Proces-verbal-du-Conseil-Municipal-du-14-octobre-2024.pdf,https://www.laferriere-vendee.fr/conseil-municipal/,1,Procès-verbal Conseil Municipal – 14 octobre 2024,proces-verbal;conseil-municipal,proces-verbal;conseil municipal,True,La Ferrière,85089,5454,85
https://www.laferriere-vendee.fr/medias/2020/12/Proces-verbal-du-Conseil-Municipal-du-9-decembre-2024.pdf,https://www.laferriere-vendee.fr/conseil-municipal/,1,Procès-verbal Conseil Municipal – 9 décembre 2024,proces-verbal;conseil-municipal,proces-verbal;conseil municipal,True,La Ferrière,85089,5454,85
https://www.laferriere-vendee.fr/medias/2020/12/Proces-verbal-du-Conseil-Municipal-du-27-janvier-2025.pdf,https://www.laferriere-vendee.fr/conseil-municipal/,1,Procès-verbal Conseil Municipal – 27 janvier 2025,proces-verbal;conseil-municipal,proces-verbal;conseil municipal,True,La Ferrière,85089,5454,85
https://www.laferriere-vendee.fr/medias/2020/12/Proces-verbal-du-Conseil-Municipal-du-3-mars-2025.pdf,https://www.laferriere-vendee.fr/conseil-municipal/,1,Procès-verbal Conseil Municipal – 3 mars 2025,proces-verbal;conseil-municipal,proces-verbal;conseil municipal,True,La Ferrière,85089,5454,85
https://www.laferriere-vendee.fr/medias/2020/12/Proces-verbal-du-Conseil-Municipal-du-28-avril-2025.pdf,https://www.laferriere-vendee.fr/conseil-municipal/,1,Procès-verbal Conseil Municipal – 28 avril 2025,proces-verbal;conseil-municipal,proces-verbal;conseil municipal,True,La Ferrière,85089,5454,85
https://www.laferriere-vendee.fr/medias/2020/12/Proces-verbal-du-Conseil-Municipal-du-2-juin-2025.pdf,https://www.laferriere-vendee.fr/conseil-municipal/,1,Procès-verbal Conseil Municipal – 2 juin 2025,proces-verbal;conseil-municipal,proces-verbal;conseil municipal,True,La Ferrière,85089,5454,85
https://www.laferriere-vendee.fr/medias/2020/12/Proces-verbal-du-Conseil-Municipal-du-7-juillet-2025.pdf,https://www.laferriere-vendee.fr/conseil-municipal/,1,Procès-verbal Conseil Municipal – 7 juillet 2025,proces-verbal;conseil-municipal,proces-verbal;conseil municipal,True,La Ferrière,85089,5454,85
https://www.laferriere-vendee.fr/medias/2020/12/Proces-verbal-du-Conseil-Municipal-du-15-septembre-2025.pdf,https://www.laferriere-vendee.fr/conseil-municipal/,1,Procès-verbal Conseil Municipal – 15 septembre 2025,proces-verbal;conseil-municipal,proces-verbal;conseil municipal,True,La Ferrière,85089,5454,85
https://www.laferriere-vendee.fr/medias/2020/12/Proces-verbal-du-Conseil-Municipal-du-13-octobre-2025.pdf,https://www.laferriere-vendee.fr/conseil-municipal/,1,Procès-verbal Conseil Municipal – 13 octobre 2025,proces-verbal;conseil-municipal,proces-verbal;conseil municipal,True,La Ferrière,85089,5454,85
https://www.laferriere-vendee.fr/medias/2020/12/Proces-verbal-du-Conseil-Municipal-du-1er-decembre-2025.pdf,https://www.laferriere-vendee.fr/conseil-municipal/,1,Procès-verbal Conseil Municipal – 1er décembre 2025,proces-verbal;conseil-municipal,proces-verbal;conseil municipal,True,La Ferrière,85089,5454,85
https://www.laferriere-vendee.fr/medias/2020/12/Proces-verbal-du-Conseil-Municipal-du-26-janvier-2026.pdf,https://www.laferriere-vendee.fr/conseil-municipal/,1,Procès-verbal Conseil Municipal – 26 janvier 2026,proces-verbal;conseil-municipal,proces-verbal;conseil municipal,True,La Ferrière,85089,5454,85
https://www.laferriere-vendee.fr/medias/2020/12/Proces-verbal-du-Conseil-Municipal-du-2-mars-2026.pdf,https://www.laferriere-vendee.fr/conseil-municipal/,1,Procès-verbal Conseil Municipal – 2 mars 2026,proces-verbal;conseil-municipal,proces-verbal;conseil municipal,True,La Ferrière,85089,5454,85
https://www.laferriere-vendee.fr/medias/2020/12/Proces-verbal-du-Conseil-Municipal-du-20-mars-2026.pdf,https://www.laferriere-vendee.fr/conseil-municipal/,1,Procès-verbal Conseil Municipal – 20 mars 2026,proces-verbal;conseil-municipal,proces-verbal;conseil municipal,True,La Ferrière,85089,5454,85
https://www.laferriere-vendee.fr/medias/2020/12/Proces-verbal-du-Conseil-Municipal-du-30-mars-2026.pdf,https://www.laferriere-vendee.fr/conseil-municipal/,1,Procès-verbal Conseil Municipal – 30 mars 2026,proces-verbal;conseil-municipal,proces-verbal;conseil municipal,True,La Ferrière,85089,5454,85
https://www.laferriere-vendee.fr/medias/2020/10/Compte-rendu-du-Conseil-Municipal-du-9-septembre-2020-V3.pdf,https://www.laferriere-vendee.fr/conseil-municipal/,1,Compte-rendu du Conseil Municipal du 9 septembre 2020,compte-rendu;conseil-municipal,compte-rendu;conseil municipal,True,La Ferrière,85089,5454,85
https://www.laferriere-vendee.fr/medias/2020/11/Compte-rendu-du-Conseil-Municipal-du-7-octobre-2020-.pdf,https://www.laferriere-vendee.fr/conseil-municipal/,1,Compte-rendu du Conseil Municipal du 7 octobre 2020,compte-rendu;conseil-municipal,compte-rendu;conseil municipal,True,La Ferrière,85089,5454,85
https://www.laferriere-vendee.fr/medias/2020/11/Compte-rendu-04.11.2020.pdf,https://www.laferriere-vendee.fr/conseil-municipal/,1,Compte-rendu du Conseil Municipal du 4 novembre 2020,compte-rendu,compte-rendu;conseil municipal,True,La Ferrière,85089,5454,85
https://www.laferriere-vendee.fr/medias/2020/12/Compte-rendu-09.12.2020.pdf,https://www.laferriere-vendee.fr/conseil-municipal/,1,Compte-rendu du Conseil Municipal du 9 décembre 2020,compte-rendu,compte-rendu;conseil municipal,True,La Ferrière,85089,5454,85
https://www.laferriere-vendee.fr/medias/2021/01/Compte-rendu-27.01.2021.pdf,https://www.laferriere-vendee.fr/conseil-municipal/,1,Compte-rendu Conseil Municipal 27 janvier 2021,compte-rendu,compte-rendu;conseil municipal,True,La Ferrière,85089,5454,85
https://www.laferriere-vendee.fr/medias/2021/03/Compte-rendu-17-mars-2021.pdf,https://www.laferriere-vendee.fr/conseil-municipal/,1,Compte-rendu du Conseil Municipal du 17 mars 2021,compte-rendu,compte-rendu;conseil municipal,True,La Ferrière,85089,5454,85
https://www.laferriere-vendee.fr/medias/2021/05/Compte-rendu-CM-5-mai-2021.pdf,https://www.laferriere-vendee.fr/conseil-municipal/,1,Compte-rendu du Conseil Municipal du 5 mai 2021,compte-rendu;cm-;-cm,compte-rendu;conseil municipal,True,La Ferrière,85089,5454,85
https://www.laferriere-vendee.fr/medias/2021/06/Compte-rendu-Conseil-Municipal-9-juin-2021.pdf,https://www.laferriere-vendee.fr/conseil-municipal/,1,Compte-rendu du Conseil Municipal du 9 juin 2021,compte-rendu;conseil-municipal,compte-rendu;conseil municipal,True,La Ferrière,85089,5454,85
https://www.laferriere-vendee.fr/medias/2017/03/Compte-rendu-CM-7-juillet-2021.pdf,https://www.laferriere-vendee.fr/conseil-municipal/,1,Compte rendu - Conseil Municipal du 7 juillet 2021,compte-rendu;cm-;-cm,compte rendu;conseil municipal,True,La Ferrière,85089,5454,85
https://www.laferriere-vendee.fr/medias/2017/03/Compte-rendu-CM-8-septembre-2021.pdf,https://www.laferriere-vendee.fr/conseil-municipal/,1,Compte rendu - Conseil Municipal du 08 septembre 2021,compte-rendu;cm-;-cm,compte rendu;conseil municipal,True,La Ferrière,85089,5454,85
https://www.laferriere-vendee.fr/medias/2021/10/Compte-rendu-CM-20-octobre-2021.pdf,https://www.laferriere-vendee.fr/conseil-municipal/,1,Compte-rendu du Conseil Municipal du 20 octobre 2021,compte-rendu;cm-;-cm,compte-rendu;conseil municipal,True,La Ferrière,85089,5454,85
https://www.laferriere-vendee.fr/medias/2017/03/Compte-rendu-CM-8-decembre-2021.pdf,https://www.laferriere-vendee.fr/conseil-municipal/,1,Compte-rendu Conseil Municipal du 8 décembre 2021,compte-rendu;cm-;-cm,compte-rendu;conseil municipal,True,La Ferrière,85089,5454,85
https://www.laferriere-vendee.fr/medias/2022/03/Compte-rendu-CM-16-mars-2022.pdf,https://www.laferriere-vendee.fr/conseil-municipal/,1,Compte-rendu du Conseil Municipal du 16 mars 2022,compte-rendu;cm-;-cm,compte-rendu;conseil municipal,True,La Ferrière,85089,5454,85
https://www.laferriere-vendee.fr/medias/2022/01/Compte-rendu-CM-26-janvier-2022.pdf,https://www.laferriere-vendee.fr/conseil-municipal/,1,Compte-rendu Conseil Municipal du 26 janvier 2022,compte-rendu;cm-;-cm,compte-rendu;conseil municipal,True,La Ferrière,85089,5454,85
https://www.laferriere-vendee.fr/medias/2022/05/Compte-rendu-CM-11-mai-2022.pdf,https://www.laferriere-vendee.fr/conseil-municipal/,1,Compte-rendu Conseil Municipal 11 mai 2022,compte-rendu;cm-;-cm,compte-rendu;conseil municipal,True,La Ferrière,85089,5454,85
https://www.laferriere-vendee.fr/medias/2022/06/Compte-rendu-CM-8-juin-2022.pdf,https://www.laferriere-vendee.fr/conseil-municipal/,1,Compte-rendu Conseil Municipal 8 juin 2022,compte-rendu;cm-;-cm,compte-rendu;conseil municipal,True,La Ferrière,85089,5454,85
https://www.laferriere-vendee.fr/medias/2022/07/Liste-des-deliberations-CM-4-juillet-2022.pdf,https://www.laferriere-vendee.fr/conseil-municipal/,1,Liste des délibérations Conseil Municipal 4 juillet 2022,deliberation;delib;cm-;-cm,deliberation;delib;conseil municipal,True,La Ferrière,85089,5454,85
https://www.laferriere-vendee.fr/medias/2022/09/Liste-des-deliberations-CM-14-septembre-2022.pdf,https://www.laferriere-vendee.fr/conseil-municipal/,1,Liste des délibérations Conseil Municipal 14 septembre 2022,deliberation;delib;cm-;-cm,deliberation;delib;conseil municipal,True,La Ferrière,85089,5454,85
https://www.laferriere-vendee.fr/medias/2022/10/Liste-des-deliberations-CM-19-octobre-2022.pdf,https://www.laferriere-vendee.fr/conseil-municipal/,1,Liste des délibérations Conseil Municipal 19 octobre 2022,deliberation;delib;cm-;-cm,deliberation;delib;conseil municipal,True,La Ferrière,85089,5454,85
https://www.laferriere-vendee.fr/medias/2022/12/Liste-des-deliberations-CM-7-decembre-2022.pdf,https://www.laferriere-vendee.fr/conseil-municipal/,1,Liste des délibérations CM 7 décembre 2022,deliberation;delib;cm-;-cm,deliberation;delib,True,La Ferrière,85089,5454,85
https://www.laferriere-vendee.fr/medias/2017/03/Liste-des-deliberations-CM-23-janvier-2023.pdf,https://www.laferriere-vendee.fr/conseil-municipal/,1,Liste des délibérations CM 23 janvier 2023,deliberation;delib;cm-;-cm,deliberation;delib,True,La Ferrière,85089,5454,85
https://www.laferriere-vendee.fr/medias/2023/02/Liste-des-deliberations-CM-20-fevrier-2023.pdf,https://www.laferriere-vendee.fr/conseil-municipal/,1,Liste des délibérations CM 20 février 2023,deliberation;delib;cm-;-cm,deliberation;delib,True,La Ferrière,85089,5454,85
https://www.laferriere-vendee.fr/medias/2023/03/Liste-des-deliberations-CM-20-mars-2023.pdf,https://www.laferriere-vendee.fr/conseil-municipal/,1,Liste des délibérations CM 20 mars 2023,deliberation;delib;cm-;-cm,deliberation;delib,True,La Ferrière,85089,5454,85
https://www.laferriere-vendee.fr/medias/2023/05/Liste-des-deliberations-CM-3-mai-2023.pdf,https://www.laferriere-vendee.fr/conseil-municipal/,1,Liste des délibérations CM 3 mai 2023,deliberation;delib;cm-;-cm,deliberation;delib,True,La Ferrière,85089,5454,85
https://www.laferriere-vendee.fr/medias/2023/06/Liste-des-deliberations-CM-5-juin-2023.pdf,https://www.laferriere-vendee.fr/conseil-municipal/,1,Liste des délibérations CM 5 juin 2023,deliberation;delib;cm-;-cm,deliberation;delib,True,La Ferrière,85089,5454,85
https://www.laferriere-vendee.fr/medias/2023/07/Liste-des-deliberations-CM-3-juillet-2023.pdf,https://www.laferriere-vendee.fr/conseil-municipal/,1,Liste des délibérations CM 3 juillet 2023,deliberation;delib;cm-;-cm,deliberation;delib,True,La Ferrière,85089,5454,85
https://www.laferriere-vendee.fr/medias/2023/09/Liste-des-deliberations-CM-18-septembre-2023.pdf,https://www.laferriere-vendee.fr/conseil-municipal/,1,Liste des délibérations CM 18 septembre 2023,deliberation;delib;cm-;-cm,deliberation;delib,True,La Ferrière,85089,5454,85
https://www.laferriere-vendee.fr/medias/2017/03/Liste-des-deliberations-CM-18-mars-2024-1.pdf,https://www.laferriere-vendee.fr/conseil-municipal/,1,Liste des délibérations CM 18 mars 2024,deliberation;delib;cm-;-cm,deliberation;delib,True,La Ferrière,85089,5454,85
https://www.laferriere-vendee.fr/medias/2017/03/Liste-des-deliberations-CM-22-janvier-2024.pdf,https://www.laferriere-vendee.fr/conseil-municipal/,1,Liste des délibérations CM 22 janvier 2024,deliberation;delib;cm-;-cm,deliberation;delib,True,La Ferrière,85089,5454,85
https://www.laferriere-vendee.fr/medias/2017/03/03-Liste-des-deliberations-CM-8-avril-2024-1.pdf,https://www.laferriere-vendee.fr/conseil-municipal/,1,03 - Liste des délibérations CM 8 avril 2024,deliberation;delib;cm-;-cm,deliberation;delib,True,La Ferrière,85089,5454,85
https://www.laferriere-vendee.fr/medias/2017/03/04-Liste-des-deliberations-CM-27-mai-2024.pdf,https://www.laferriere-vendee.fr/conseil-municipal/,1,04 - Liste des délibérations CM 27 mai 2024,deliberation;delib;cm-;-cm,deliberation;delib,True,La Ferrière,85089,5454,85
https://www.laferriere-vendee.fr/medias/2017/03/Liste-des-deliberations-CM-1er-juillet-2024.pdf,https://www.laferriere-vendee.fr/conseil-municipal/,1,Liste des délibérations CM 1er juillet 2024,deliberation;delib;cm-;-cm,deliberation;delib,True,La Ferrière,85089,5454,85
https://www.laferriere-vendee.fr/medias/2024/09/Liste-des-deliberations-CM-16-septembre-2024.pdf,https://www.laferriere-vendee.fr/conseil-municipal/,1,Liste des délibérations CM 16 septembre 2024,deliberation;delib;cm-;-cm,deliberation;delib,True,La Ferrière,85089,5454,85
https://www.laferriere-vendee.fr/medias/2017/03/Liste-des-deliberations-CM-14-octobre-2024.pdf,https://www.laferriere-vendee.fr/conseil-municipal/,1,Liste des délibérations CM 14 octobre 2024,deliberation;delib;cm-;-cm,deliberation;delib,True,La Ferrière,85089,5454,85
https://www.laferriere-vendee.fr/medias/2017/03/Liste-des-deliberations-CM-9-decembre-2024.pdf,https://www.laferriere-vendee.fr/conseil-municipal/,1,Liste des délibérations CM 9 décembre 2024,deliberation;delib;cm-;-cm,deliberation;delib,True,La Ferrière,85089,5454,85
https://www.laferriere-vendee.fr/medias/2017/03/Liste-des-deliberations-CM-27-janvier-2025.pdf,https://www.laferriere-vendee.fr/conseil-municipal/,1,Liste des délibérations CM 27 janvier 2025,deliberation;delib;cm-;-cm,deliberation;delib,True,La Ferrière,85089,5454,85
https://www.laferriere-vendee.fr/medias/2017/03/Liste-des-deliberations-CM-3-mars-2025.pdf,https://www.laferriere-vendee.fr/conseil-municipal/,1,Liste des délibérations CM 3 mars 2025,deliberation;delib;cm-;-cm,deliberation;delib,True,La Ferrière,85089,5454,85
https://www.laferriere-vendee.fr/medias/2017/03/Liste-des-deliberations-CM-28-avril-2025.pdf,https://www.laferriere-vendee.fr/conseil-municipal/,1,Liste des délibérations CM 28 avril 2025,deliberation;delib;cm-;-cm,deliberation;delib,True,La Ferrière,85089,5454,85
https://www.laferriere-vendee.fr/medias/2017/03/Liste-des-deliberations-CM-2-juin-2025.pdf,https://www.laferriere-vendee.fr/conseil-municipal/,1,Liste des délibérations CM 2 juin 2025,deliberation;delib;cm-;-cm,deliberation;delib,True,La Ferrière,85089,5454,85
https://www.laferriere-vendee.fr/medias/2017/03/Liste-des-deliberations-CM-7-juillet-2025-1.pdf,https://www.laferriere-vendee.fr/conseil-municipal/,1,Liste des délibérations CM 7 juillet 2025,deliberation;delib;cm-;-cm,deliberation;delib,True,La Ferrière,85089,5454,85
https://www.laferriere-vendee.fr/medias/2017/03/Liste-des-deliberations-CM-15-septembre-2025.pdf,https://www.laferriere-vendee.fr/conseil-municipal/,1,Liste des délibérations CM 15 septembre 2025,deliberation;delib;cm-;-cm,deliberation;delib,True,La Ferrière,85089,5454,85
https://www.laferriere-vendee.fr/medias/2017/03/Liste-des-deliberations-CM-13-octobre-2025.pdf,https://www.laferriere-vendee.fr/conseil-municipal/,1,Liste des délibérations CM 13 octobre 2025,deliberation;delib;cm-;-cm,deliberation;delib,True,La Ferrière,85089,5454,85
https://www.laferriere-vendee.fr/medias/2017/03/Liste-des-deliberations-CM-1er-decembre-2025.pdf,https://www.laferriere-vendee.fr/conseil-municipal/,1,Liste des délibérations CM 1er décembre 2025,deliberation;delib;cm-;-cm,deliberation;delib,True,La Ferrière,85089,5454,85
https://www.laferriere-vendee.fr/medias/2017/03/Liste-des-deliberations-CM-26-janvier-2026.pdf,https://www.laferriere-vendee.fr/conseil-municipal/,1,Liste des délibérations CM 26 janvier 2026,deliberation;delib;cm-;-cm,deliberation;delib,True,La Ferrière,85089,5454,85
https://www.laferriere-vendee.fr/medias/2017/03/Liste-des-deliberations-CM-2-mars-2026.pdf,https://www.laferriere-vendee.fr/conseil-municipal/,1,Liste des délibérations CM 2 mars 2026,deliberation;delib;cm-;-cm,deliberation;delib,True,La Ferrière,85089,5454,85
https://www.laferriere-vendee.fr/medias/2017/03/Liste-des-deliberations-CM-27-avril-2026.pdf,https://www.laferriere-vendee.fr/conseil-municipal/,1,Liste des délibérations CM 27 avril 2026,deliberation;delib;cm-;-cm,deliberation;delib,True,La Ferrière,85089,5454,85
https://www.laferriere-vendee.fr/medias/2017/03/Liste-des-deliberations-CM-8-juin-2026.pdf,https://www.laferriere-vendee.fr/conseil-municipal/,1,Liste des délibérations CM 8 juin 2026,deliberation;delib;cm-;-cm,deliberation;delib,True,La Ferrière,85089,5454,85
https://www.segreenanjoubleu.fr/wp-content/uploads/2026/06/CR.pdf,https://www.segreenanjoubleu.fr/ma-mairie/conseil-municipal/proces-verbaux/,1,Compte-rendu de la séance du 25 juin 2026,,compte-rendu;seance du,False,Segré-en-Anjou Bleu,49331,17667,49
https://www.segreenanjoubleu.fr/wp-content/uploads/2026/06/PV.pdf,https://www.segreenanjoubleu.fr/ma-mairie/conseil-municipal/proces-verbaux/,1,PV de la séance du 21/05/2026,,pv ;seance du,False,Segré-en-Anjou Bleu,49331,17667,49
https://www.segreenanjoubleu.fr/wp-content/uploads/2026/05/CR.pdf,https://www.segreenanjoubleu.fr/ma-mairie/conseil-municipal/proces-verbaux/,1,Compte-rendu de la séance du 21 mai 2026,,compte-rendu;seance du,False,Segré-en-Anjou Bleu,49331,17667,49
https://www.segreenanjoubleu.fr/wp-content/uploads/2026/05/PV-1.pdf,https://www.segreenanjoubleu.fr/ma-mairie/conseil-municipal/proces-verbaux/,1,PV de la séance du 09/04/2026,pv-,pv ;seance du,True,Segré-en-Anjou Bleu,49331,17667,49
https://www.segreenanjoubleu.fr/wp-content/uploads/2026/05/PV.pdf,https://www.segreenanjoubleu.fr/ma-mairie/conseil-municipal/proces-verbaux/,1,PV de la séance du 22/03/2026,,pv ;seance du,False,Segré-en-Anjou Bleu,49331,17667,49
https://www.cranves-sales.fr/wp-content/uploads/2024/05/Dossier-candidature-CME-Cranves-Sales-2024-2026-MAJ-29-05.pdf,https://www.cranves-sales.fr/conseil-municipal-des-enfants/,1,Dossier de candidature CME 2024,-cm,,False,Cranves-Sales,74094,7762,74
https://www.chasse-sur-rhone.fr/wp-content/uploads/2026/04/008pm-2026-bal-cm2.pdf,https://www.chasse-sur-rhone.fr/conseil-municipal/,1,008PM-2026 bal CM2,-cm,,False,Chasse-sur-Rhône,38087,6588,38
https://www.chasse-sur-rhone.fr/wp-content/uploads/2026/02/convocation-cm-23-fevrier-2026.pdf,https://www.chasse-sur-rhone.fr/conseil-municipal/,1,– ordre du jour et convocation du conseil municipal du 23 février 2026,cm-;-cm,conseil municipal,True,Chasse-sur-Rhône,38087,6588,38
https://www.chasse-sur-rhone.fr/wp-content/uploads/2026/02/liste-des-deliberations-23-fevrier-2026.pdf,https://www.chasse-sur-rhone.fr/conseil-municipal/,1,Liste des délibérations,deliberation;delib,deliberation;delib,True,Chasse-sur-Rhône,38087,6588,38
https://www.chasse-sur-rhone.fr/wp-content/uploads/2026/02/23-02-011-1r3-deliberation-modification-du-tableau-des-emplois-creation-de-poste-suite-a-promotion-interne.pdf,https://www.chasse-sur-rhone.fr/conseil-municipal/,1,modification du tableau des emplois – création de poste suite à promotion interne,deliberation;delib,,False,Chasse-sur-Rhône,38087,6588,38
https://www.chasse-sur-rhone.fr/wp-content/uploads/2026/02/23-02-012-1a1-deliberation-attribution-des-subventions-contrat-de-ville-2026.pdf,https://www.chasse-sur-rhone.fr/conseil-municipal/,1,attribution des subventions contrat de ville 2026,deliberation;delib,,False,Chasse-sur-Rhône,38087,6588,38
https://www.chasse-sur-rhone.fr/wp-content/uploads/2026/02/23-02-013-2b12-deliberation-regularisation-de-lemprise-irreguliere-paix-et-barbieres-poursuite-de-la-procedure-de-dup-et-de-cessibilite.pdf,https://www.chasse-sur-rhone.fr/conseil-municipal/,1,RÉGULARISATION DE L’EMPRISE IRRÉGULIÈRE PAIX ET BARBIÈRES POURSUITE DE LA PROCÉDURE DE DUP ET DE CESSIBILITÉ,deliberation;delib,,False,Chasse-sur-Rhône,38087,6588,38
https://www.chasse-sur-rhone.fr/wp-content/uploads/2026/02/23-02-014-2h8-deliberation-convention-de-servitude-rue-wagner.pdf,https://www.chasse-sur-rhone.fr/conseil-municipal/,1,convention de servitude rue Wagner,deliberation;delib,,False,Chasse-sur-Rhône,38087,6588,38
https://www.chasse-sur-rhone.fr/wp-content/uploads/2026/02/23-02-005-1t5-deliberation-convention-refacturation-portage-repas-au-ccas.pdf,https://www.chasse-sur-rhone.fr/conseil-municipal/,1,Convention refacturation portage repas au CCAS,deliberation;delib,,False,Chasse-sur-Rhône,38087,6588,38
https://www.chasse-sur-rhone.fr/wp-content/uploads/2026/02/23-02-007-1c3-deliberation-adhesion-institut-ecocitoyen.pdf,https://www.chasse-sur-rhone.fr/conseil-municipal/,1,adhésion institut écocitoyen,deliberation;delib,,False,Chasse-sur-Rhône,38087,6588,38
https://www.chasse-sur-rhone.fr/wp-content/uploads/2026/02/23-02-008-1r6-deliberation-instauration-de-lindemnite-forfaitaire-complementaire-pour-elections-ifce.pdf,https://www.chasse-sur-rhone.fr/conseil-municipal/,1,Instauration de l’indemnité forfaitaire complémentaire pour élections IFCE,deliberation;delib,,False,Chasse-sur-Rhône,38087,6588,38
https://www.chasse-sur-rhone.fr/wp-content/uploads/2026/02/23-02-009-1r3-deliberation-creation-de-poste-pour-remplacement-temporaire.pdf,https://www.chasse-sur-rhone.fr/conseil-municipal/,1,création de poste pour remplacement temporaire,deliberation;delib,,False,Chasse-sur-Rhône,38087,6588,38
https://www.chasse-sur-rhone.fr/wp-content/uploads/2026/02/23-02-010-1r3-deliberation-creation-de-poste-modification-du-tableau-des-emplois.pdf,https://www.chasse-sur-rhone.fr/conseil-municipal/,1,création de poste – modification du tableau des emplois,deliberation;delib,,False,Chasse-sur-Rhône,38087,6588,38
https://www.chasse-sur-rhone.fr/wp-content/uploads/2026/03/convocation-cm-installation.pdf,https://www.chasse-sur-rhone.fr/conseil-municipal/,1,– ordre du jour et convocation du conseil municipal du 28 mars 2026,cm-;-cm,conseil municipal,True,Chasse-sur-Rhône,38087,6588,38
https://www.chasse-sur-rhone.fr/wp-content/uploads/2026/04/doc010426-01042026141830.pdf,https://www.chasse-sur-rhone.fr/conseil-municipal/,1,– Liste des délibérations,,deliberation;delib,False,Chasse-sur-Rhône,38087,6588,38
https://www.chasse-sur-rhone.fr/wp-content/uploads/2026/04/28_03_017_1B3_election-des-adjoints.pdf,https://www.chasse-sur-rhone.fr/conseil-municipal/,1,– Délibération n°28_03_017_1B3,,deliberation;delib,False,Chasse-sur-Rhône,38087,6588,38
https://www.chasse-sur-rhone.fr/wp-content/uploads/2026/04/CM-13042026-Convocation-VD-1.pdf,https://www.chasse-sur-rhone.fr/conseil-municipal/,1,– ordre du jour et convocation du conseil municipal du 13 avril 2026,cm-,conseil municipal,True,Chasse-sur-Rhône,38087,6588,38
https://www.chasse-sur-rhone.fr/wp-content/uploads/2026/04/liste-des-deliberations-13-avril-2026.pdf,https://www.chasse-sur-rhone.fr/conseil-municipal/,1,Liste des délibérations 13 avril 2026,deliberation;delib,deliberation;delib,True,Chasse-sur-Rhône,38087,6588,38
https://www.chasse-sur-rhone.fr/wp-content/uploads/2026/04/019-delib-delegation-maire.pdf,https://www.chasse-sur-rhone.fr/conseil-municipal/,1,019 delib delegation Maire,delib,delib,True,Chasse-sur-Rhône,38087,6588,38
https://www.chasse-sur-rhone.fr/wp-content/uploads/2026/04/020-delib-indemnites-elus.pdf,https://www.chasse-sur-rhone.fr/conseil-municipal/,1,020 delib indemnites élus,delib,delib,True,Chasse-sur-Rhône,38087,6588,38
https://www.chasse-sur-rhone.fr/wp-content/uploads/2026/04/021-delib-commissions-municipales.pdf,https://www.chasse-sur-rhone.fr/conseil-municipal/,1,021 delib commissions municipales,delib,delib,True,Chasse-sur-Rhône,38087,6588,38
https://www.chasse-sur-rhone.fr/wp-content/uploads/2026/04/022-delib-cao.pdf,https://www.chasse-sur-rhone.fr/conseil-municipal/,1,022 delib cao,delib,delib,True,Chasse-sur-Rhône,38087,6588,38
https://www.chasse-sur-rhone.fr/wp-content/uploads/2026/04/023-delib-fixation-nombre-representants-ccas.pdf,https://www.chasse-sur-rhone.fr/conseil-municipal/,1,023 delib fixation nombre representants CCAS,delib,delib,True,Chasse-sur-Rhône,38087,6588,38
https://www.chasse-sur-rhone.fr/wp-content/uploads/2026/04/024-delib-representants-ccas.pdf,https://www.chasse-sur-rhone.fr/conseil-municipal/,1,024 delib representants CCAS,delib,delib,True,Chasse-sur-Rhône,38087,6588,38
https://www.chasse-sur-rhone.fr/wp-content/uploads/2026/04/025-delib-delegues-sicogec.pdf,https://www.chasse-sur-rhone.fr/conseil-municipal/,1,025 delib delegues SICOGEC,delib,delib,True,Chasse-sur-Rhône,38087,6588,38
https://www.chasse-sur-rhone.fr/wp-content/uploads/2026/04/026-delib-designation-representant-centre-social-1.pdf,https://www.chasse-sur-rhone.fr/conseil-municipal/,1,026-delib-designation-representant-centre-social-1,delib,delib,True,Chasse-sur-Rhône,38087,6588,38
https://www.chasse-sur-rhone.fr/wp-content/uploads/2026/04/027-delib-designation-representant-mjc-em.pdf,https://www.chasse-sur-rhone.fr/conseil-municipal/,1,027 delib désignation représentant MJC-EM,delib,delib,True,Chasse-sur-Rhône,38087,6588,38
https://www.chasse-sur-rhone.fr/wp-content/uploads/2026/04/028-delib-representants-te38.pdf,https://www.chasse-sur-rhone.fr/conseil-municipal/,1,028 delib representants te38,delib,delib,True,Chasse-sur-Rhône,38087,6588,38
https://www.chasse-sur-rhone.fr/wp-content/uploads/2026/04/029-delib-conseiller-defense.pdf,https://www.chasse-sur-rhone.fr/conseil-municipal/,1,029 delib conseiller défense,delib,delib,True,Chasse-sur-Rhône,38087,6588,38
https://www.chasse-sur-rhone.fr/wp-content/uploads/2026/04/030-delib-conseiller-incendie.pdf,https://www.chasse-sur-rhone.fr/conseil-municipal/,1,030 delib conseiller incendie,delib,delib,True,Chasse-sur-Rhône,38087,6588,38
https://www.chasse-sur-rhone.fr/wp-content/uploads/2026/04/031-delib-designation-institut-ecocitoyen.pdf,https://www.chasse-sur-rhone.fr/conseil-municipal/,1,031 delib désignation institut écocitoyen,delib,delib,True,Chasse-sur-Rhône,38087,6588,38
https://www.chasse-sur-rhone.fr/wp-content/uploads/2026/04/032-delib-designation-sircat.pdf,https://www.chasse-sur-rhone.fr/conseil-municipal/,1,032 delib désignation SIRCAT,delib,delib,True,Chasse-sur-Rhône,38087,6588,38
https://www.chasse-sur-rhone.fr/wp-content/uploads/2026/04/033-delib-designation-cos.pdf,https://www.chasse-sur-rhone.fr/conseil-municipal/,1,033 delib désignation COS,delib,delib,True,Chasse-sur-Rhône,38087,6588,38
https://www.chasse-sur-rhone.fr/wp-content/uploads/2026/04/034-delib-designation-representants-comite-de-jumelage.pdf,https://www.chasse-sur-rhone.fr/conseil-municipal/,1,034 delib désignation représentants comité de jumelage,delib,delib,True,Chasse-sur-Rhône,38087,6588,38
https://www.chasse-sur-rhone.fr/wp-content/uploads/2026/04/035-delib-changement-de-lieu-cm.pdf,https://www.chasse-sur-rhone.fr/conseil-municipal/,1,035 delib changement de lieu CM,delib;-cm,delib,True,Chasse-sur-Rhône,38087,6588,38
https://www.chasse-sur-rhone.fr/wp-content/uploads/2026/04/036-delib-creation-emploi-technicien-coordinateur-maintenance-et-entretien-des-batiments.pdf,https://www.chasse-sur-rhone.fr/conseil-municipal/,1,036 delib création emploi technicien – coordinateur maintenance et entretien des batiments,delib,delib,True,Chasse-sur-Rhône,38087,6588,38
https://www.chasse-sur-rhone.fr/wp-content/uploads/2026/04/037-delib-renouvellement-cofinancement-chef-de-projet-pvd.pdf,https://www.chasse-sur-rhone.fr/conseil-municipal/,1,037 delib renouvellement cofinancement chef de projet PVD,delib;-pv,delib,True,Chasse-sur-Rhône,38087,6588,38
https://www.chasse-sur-rhone.fr/wp-content/uploads/2026/04/038-delib-nouvelle-convention-chapeau-ort-coeur-de-ville-et-pvd.pdf,https://www.chasse-sur-rhone.fr/conseil-municipal/,1,038 delib Nouvelle convention chapeau ORT coeur de ville et PVD,delib;-pv,delib,True,Chasse-sur-Rhône,38087,6588,38
https://www.chasse-sur-rhone.fr/wp-content/uploads/2026/06/cm-13042026-proces-verbal.pdf,https://www.chasse-sur-rhone.fr/conseil-municipal/,1,CM 13042026-Procès-verbal,proces-verbal;cm-,proces-verbal,True,Chasse-sur-Rhône,38087,6588,38
https://www.chasse-sur-rhone.fr/wp-content/uploads/2026/06/cm01062026-convocation.pdf,https://www.chasse-sur-rhone.fr/conseil-municipal/,1,– ordre du jour et convocation du conseil municipal du 01 juin 2026,,conseil municipal,False,Chasse-sur-Rhône,38087,6588,38
https://www.chasse-sur-rhone.fr/wp-content/uploads/2026/06/cm01062026-liste-deliberations.pdf,https://www.chasse-sur-rhone.fr/conseil-municipal/,1,Liste des délibérations 01 juin 2026,deliberation;delib,deliberation;delib,True,Chasse-sur-Rhône,38087,6588,38
https://www.chasse-sur-rhone.fr/wp-content/uploads/2026/06/039-delib-representation-au-sein-de-prevenir.pdf,https://www.chasse-sur-rhone.fr/conseil-municipal/,1,039 delib Représentation au sein de PREVENIR,delib,delib,True,Chasse-sur-Rhône,38087,6588,38
https://www.chasse-sur-rhone.fr/wp-content/uploads/2026/06/040-delib-designation-representant-amaris.pdf,https://www.chasse-sur-rhone.fr/conseil-municipal/,1,040 delib designation representant AMARIS,delib,delib,True,Chasse-sur-Rhône,38087,6588,38
https://www.chasse-sur-rhone.fr/wp-content/uploads/2026/06/041-delib-designation-representant-cnas.pdf,https://www.chasse-sur-rhone.fr/conseil-municipal/,1,041 delib designation representant CNAS,delib,delib,True,Chasse-sur-Rhône,38087,6588,38
https://www.chasse-sur-rhone.fr/wp-content/uploads/2026/06/042-delib-designation-representant-caue.pdf,https://www.chasse-sur-rhone.fr/conseil-municipal/,1,042 delib designation representant CAUE,delib,delib,True,Chasse-sur-Rhône,38087,6588,38
https://www.chasse-sur-rhone.fr/wp-content/uploads/2026/06/043-delib-designation-representant-urbalyon.pdf,https://www.chasse-sur-rhone.fr/conseil-municipal/,1,043 delib designation representant URBALYON,delib,delib,True,Chasse-sur-Rhône,38087,6588,38
https://www.chasse-sur-rhone.fr/wp-content/uploads/2026/06/044-delib-designation-representant-gs-football-chasse.pdf,https://www.chasse-sur-rhone.fr/conseil-municipal/,1,044 delib désignation représentant GS Football Chasse,delib,delib,True,Chasse-sur-Rhône,38087,6588,38
https://www.chasse-sur-rhone.fr/wp-content/uploads/2026/06/046-delib-designation-representant-rugby-club.pdf,https://www.chasse-sur-rhone.fr/conseil-municipal/,1,046 delib désignation représentant Rugby Club,delib,delib,True,Chasse-sur-Rhône,38087,6588,38
https://www.chasse-sur-rhone.fr/wp-content/uploads/2026/06/047-delib-designation-representant-les-sauveteurs.pdf,https://www.chasse-sur-rhone.fr/conseil-municipal/,1,047 delib désignation représentant Les Sauveteurs,delib,delib,True,Chasse-sur-Rhône,38087,6588,38
https://www.chasse-sur-rhone.fr/wp-content/uploads/2026/06/048-delib-proposition-de-nomination-des-commissaires-titulaires-et-suppleants-pour-la-constitution-de-la-nouvelle-commission-des-impots.pdf,https://www.chasse-sur-rhone.fr/conseil-municipal/,1,048 delib Proposition de nomination des commissaires titulaires et suppléants pour la constitution de la nouvelle commis,delib,delib,True,Chasse-sur-Rhône,38087,6588,38
https://www.chasse-sur-rhone.fr/wp-content/uploads/2026/06/049-delib-mise-a-jour-du-reglement-et-des-tarifs-periscolaires.pdf,https://www.chasse-sur-rhone.fr/conseil-municipal/,1,049 delib mise à jour du règlement et des tarifs périscolaires,delib,delib,True,Chasse-sur-Rhône,38087,6588,38
https://www.chasse-sur-rhone.fr/wp-content/uploads/2026/06/050-delib-vote-du-compte-financier-unique-cfu-2025-budget-communal.pdf,https://www.chasse-sur-rhone.fr/conseil-municipal/,1,050 delib Vote du compte financier unique CFU 2025 budget communal,delib,delib,True,Chasse-sur-Rhône,38087,6588,38
https://www.chasse-sur-rhone.fr/wp-content/uploads/2026/06/051-delib-vote-du-resultat-definitif-2025.pdf,https://www.chasse-sur-rhone.fr/conseil-municipal/,1,051 delib vote du résultat définitif 2025,delib,delib,True,Chasse-sur-Rhône,38087,6588,38
https://www.chasse-sur-rhone.fr/wp-content/uploads/2026/06/052-delib-du-budget-supplementaire-bs-2026.pdf,https://www.chasse-sur-rhone.fr/conseil-municipal/,1,052 delib du budget supplementaire (BS) 2026,delib,delib,True,Chasse-sur-Rhône,38087,6588,38
https://www.chasse-sur-rhone.fr/wp-content/uploads/2026/06/053-delib-finances-convention-aeje-avec-vca-annexe.pdf,https://www.chasse-sur-rhone.fr/conseil-municipal/,1,053 delib Finances_Convention AEJE avec VCA-Annexe,delib,delib,True,Chasse-sur-Rhône,38087,6588,38
https://www.chasse-sur-rhone.fr/wp-content/uploads/2026/06/054-delib-finance-signature-bail-commercial-local-de-la-postedocx.pdf,https://www.chasse-sur-rhone.fr/conseil-municipal/,1,054 delib Finance_Signature bail commercial local de la poste,delib,delib,True,Chasse-sur-Rhône,38087,6588,38
https://www.chasse-sur-rhone.fr/wp-content/uploads/2026/06/054-delib-finance-signature-bail-commercial-local-de-la-poste-annexe.pdf,https://www.chasse-sur-rhone.fr/conseil-municipal/,1,054 delib Finance_Signature bail commercial local de la poste-Annexe,delib,delib,True,Chasse-sur-Rhône,38087,6588,38
https://www.chasse-sur-rhone.fr/wp-content/uploads/2026/06/055-delib-finance-signature-dun-contrat-de-pret-avec-la-banque-postale-budget-communedocx.pdf,https://www.chasse-sur-rhone.fr/conseil-municipal/,1,055 delib Finance_Signature d’un contrat de prêt avec La Banque postale – Budget commune,delib,delib,True,Chasse-sur-Rhône,38087,6588,38
https://www.chasse-sur-rhone.fr/wp-content/uploads/2026/06/056-delib-creation-de-postesdocx.pdf,https://www.chasse-sur-rhone.fr/conseil-municipal/,1,056 delib création de postes,delib,delib,True,Chasse-sur-Rhône,38087,6588,38
https://www.chasse-sur-rhone.fr/wp-content/uploads/2026/06/057-delib-designation-representants-du-cstdocx.pdf,https://www.chasse-sur-rhone.fr/conseil-municipal/,1,057 délib désignation représentants du CST,delib,delib,True,Chasse-sur-Rhône,38087,6588,38
https://www.chasse-sur-rhone.fr/wp-content/uploads/2026/06/058-delib-mise-en-place-astreintesdocx.pdf,https://www.chasse-sur-rhone.fr/conseil-municipal/,1,058 delib mise en place astreintes,delib,delib,True,Chasse-sur-Rhône,38087,6588,38
https://www.chasse-sur-rhone.fr/wp-content/uploads/2026/06/058-delib-mise-en-place-astreintes-annexe-reglement-astreintes-techniques.pdf,https://www.chasse-sur-rhone.fr/conseil-municipal/,1,058 delib mise en place astreintes-Annexe Règlement astreintes techniques,delib,delib,True,Chasse-sur-Rhône,38087,6588,38
https://www.chasse-sur-rhone.fr/wp-content/uploads/2026/06/059-delib-formation-elusdoc.pdf,https://www.chasse-sur-rhone.fr/conseil-municipal/,1,059 delib formation élus,delib,delib,True,Chasse-sur-Rhône,38087,6588,38
https://www.chasse-sur-rhone.fr/wp-content/uploads/2026/06/060-delib-acquisition-epora-rue-de-la-republique-parcelles-an-n-722-788-790.pdf,https://www.chasse-sur-rhone.fr/conseil-municipal/,1,060 delib Acquisition EPORA rue de la République- Parcelles AN n° 722-788-790,delib,delib,True,Chasse-sur-Rhône,38087,6588,38
https://www.chasse-sur-rhone.fr/wp-content/uploads/2026/06/061-delib-acquisition-de-parcelles-de-terrain-emplacement-reserve-n11-amenagement-du-centre-ville-et-cheminement-pieton.pdf,https://www.chasse-sur-rhone.fr/conseil-municipal/,1,061 delib Acquisition de parcelles de terrain – emplacement réservé n°11 – aménagement du centre-ville et cheminement pi,delib,delib,True,Chasse-sur-Rhône,38087,6588,38
https://www.chasse-sur-rhone.fr/wp-content/uploads/2026/06/062-delib-rectification-de-superficie-acquisition-de-parcelle-rue-des-orangers.pdf,https://www.chasse-sur-rhone.fr/conseil-municipal/,1,062 delib Rectification de superficie – acquisition de parcelle – rue des Orangers,delib,delib,True,Chasse-sur-Rhône,38087,6588,38
https://www.chasse-sur-rhone.fr/wp-content/uploads/2026/07/ordre-du-jour.pdf,https://www.chasse-sur-rhone.fr/conseil-municipal/,1,– ordre du jour et convocation du conseil municipal du 06 juillet 2026,,conseil municipal,False,Chasse-sur-Rhône,38087,6588,38
https://www.chasse-sur-rhone.fr/wp-content/uploads/2026/07/01-delib-convention-de-coordination-avec-les-forces-de-letat.pdf,https://www.chasse-sur-rhone.fr/conseil-municipal/,1,63 délib Convention de coordination avec les forces de l’état,delib,delib,True,Chasse-sur-Rhône,38087,6588,38
https://www.chasse-sur-rhone.fr/wp-content/uploads/2026/07/02-delib-modification-du-reglement-interieur-du-cm.pdf,https://www.chasse-sur-rhone.fr/conseil-municipal/,1,64 délib Modification du règlement intérieur du CM,delib;-cm,delib,True,Chasse-sur-Rhône,38087,6588,38
https://www.chasse-sur-rhone.fr/wp-content/uploads/2026/07/03-delib-convention-sdis-38-employeur-public.pdf,https://www.chasse-sur-rhone.fr/conseil-municipal/,1,65 délib Convention SDIS 38 employeur public,delib,delib,True,Chasse-sur-Rhône,38087,6588,38
https://www.chasse-sur-rhone.fr/wp-content/uploads/2026/07/04-delib-mise-en-place-du-prelevement.pdf,https://www.chasse-sur-rhone.fr/conseil-municipal/,1,66 délib Mise en place du prélèvement,delib,delib,True,Chasse-sur-Rhône,38087,6588,38
https://www.chasse-sur-rhone.fr/wp-content/uploads/2026/07/05-delib-mise-a-jour-du-reglement-budgetaire-et-financier.pdf,https://www.chasse-sur-rhone.fr/conseil-municipal/,1,67 délib Mise à jour du règlement budgétaire et financier,delib,delib,True,Chasse-sur-Rhône,38087,6588,38
https://www.chasse-sur-rhone.fr/wp-content/uploads/2026/07/06-delib-signature-dun-contrat-de-pret-avec-la-banque-postale.pdf,https://www.chasse-sur-rhone.fr/conseil-municipal/,1,68 délib Signature d’un contrat de prêt avec la banque postale,delib,delib,True,Chasse-sur-Rhône,38087,6588,38
https://www.chasse-sur-rhone.fr/wp-content/uploads/2026/07/07-delib-avis-projet-pacte-gouvernance-de-vca-pour-nouvelle-mandature.pdf,https://www.chasse-sur-rhone.fr/conseil-municipal/,1,69 délib Avis projet pacte gouvernance de VCA pour nouvelle mandature,delib,delib,True,Chasse-sur-Rhône,38087,6588,38
https://www.chasse-sur-rhone.fr/wp-content/uploads/2026/07/08-delib-tarification-des-sejours-de-classe-decouverte-classe-de-neige-et-classe-verte.pdf,https://www.chasse-sur-rhone.fr/conseil-municipal/,1,70 délib Tarification des séjours de classe découverte (classe de neige et classe verte),delib,delib,True,Chasse-sur-Rhône,38087,6588,38
https://www.chasse-sur-rhone.fr/wp-content/uploads/2026/07/09-delib-modalites-dencadrement-et-de-remuneration-des-etudes-dispensees-par-les-enseignants-classes-de-decouverte.pdf,https://www.chasse-sur-rhone.fr/conseil-municipal/,1,71 délib Modalités d’encadrement et de rémunération des études dispensées par les enseignants (classes de découverte),delib,delib,True,Chasse-sur-Rhône,38087,6588,38
https://www.chasse-sur-rhone.fr/wp-content/uploads/2026/07/10-delib-attribution-de-la-subvention-cooperative-scolaire-2026.pdf,https://www.chasse-sur-rhone.fr/conseil-municipal/,1,72 délib Attribution de la subvention coopérative scolaire 2026,delib,delib,True,Chasse-sur-Rhône,38087,6588,38
https://www.chasse-sur-rhone.fr/wp-content/uploads/2026/07/11-delib-attribution-dune-subvention-a-la-mjc-em-annee-2026.pdf,https://www.chasse-sur-rhone.fr/conseil-municipal/,1,73 délib Attribution d’une subvention a la MJC-EM année 2026,delib,delib,True,Chasse-sur-Rhône,38087,6588,38
https://www.chasse-sur-rhone.fr/wp-content/uploads/2026/07/12-delib-attribution-dune-subvention-au-centre-social-la-maison-du-partage-annee-2026.pdf,https://www.chasse-sur-rhone.fr/conseil-municipal/,1,74 délib Attribution d’une subvention au centre social la maison du partage année 2026,delib,delib,True,Chasse-sur-Rhône,38087,6588,38
https://www.chasse-sur-rhone.fr/wp-content/uploads/2026/07/13-delib-attribution-de-subvention-aux-associations-locales-annee-2026.pdf,https://www.chasse-sur-rhone.fr/conseil-municipal/,1,75 délib Attribution de subvention aux associations locales année 2026,delib,delib,True,Chasse-sur-Rhône,38087,6588,38
https://www.chasse-sur-rhone.fr/wp-content/uploads/2026/07/14-delib-attribution-de-subventions-aux-associations-exterieures-annee-2026.pdf,https://www.chasse-sur-rhone.fr/conseil-municipal/,1,76 délib Attribution de subventions aux associations extérieures année 2026,delib,delib,True,Chasse-sur-Rhône,38087,6588,38
https://www.chasse-sur-rhone.fr/wp-content/uploads/2026/07/15-delib-validation-peac-parcours-deducation-artistique-et-culturelle.pdf,https://www.chasse-sur-rhone.fr/conseil-municipal/,1,77 délib Validation PEAC (parcours d’éducation artistique et culturelle),delib,delib,True,Chasse-sur-Rhône,38087,6588,38
https://www.chasse-sur-rhone.fr/wp-content/uploads/2026/07/16-delib-mise-en-place-service-de-prevision-meteo-expertises-avec-systeme-dalerte-intemperie-et-aide-a-la-decision-pour-les-communes-et-les-etablissements-publics-partenaires-et-volontaires.pdf,https://www.chasse-sur-rhone.fr/conseil-municipal/,1,78 délib Mise en place service de prévision météo expertises avec système d’alerte intempérie et aide à la décision pour,delib,delib,True,Chasse-sur-Rhône,38087,6588,38
https://www.chasse-sur-rhone.fr/wp-content/uploads/2026/07/17-delib-attribution-dune-subvention-a-alpes-isere-habitat-deplacement-dun-poste-de-transformation.pdf,https://www.chasse-sur-rhone.fr/conseil-municipal/,1,79 délib Attribution d’une subvention à ALPES ISERE HABITAT- déplacement d’un poste de transformation,delib,delib,True,Chasse-sur-Rhône,38087,6588,38
https://www.chasse-sur-rhone.fr/wp-content/uploads/2026/07/18-delib-participation-de-la-commune-a-vienne-condrieu-agglomeration-travaux-de-creation-dun-ouvrage-de-gestion-des-eaux-pluviales-allee-des-lauriers.pdf,https://www.chasse-sur-rhone.fr/conseil-municipal/,1,80 délib Participation de la commune à Vienne Condrieu Agglomération-Travaux de création d’un ouvrage de gestion des eau,delib,delib,True,Chasse-sur-Rhône,38087,6588,38
https://www.chasse-sur-rhone.fr/wp-content/uploads/2026/07/19-delib-enfouissement-des-reseaux-delectricite-rue-de-la-convention-approbation-dun-plan-de-financement.pdf,https://www.chasse-sur-rhone.fr/conseil-municipal/,1,81 délib Enfouissement des réseaux d’électricité rue de la convention- approbation d’un plan de financement,delib,delib,True,Chasse-sur-Rhône,38087,6588,38
https://www.chasse-sur-rhone.fr/wp-content/uploads/2026/07/20-delib-enfouissement-des-reseaux-telecom-rue-de-la-convention-approbation-dun-plan-de-financement.pdf,https://www.chasse-sur-rhone.fr/conseil-municipal/,1,82 délib Enfouissement des réseaux Telecom rue de la convention-approbation d’un plan de financement,delib,delib,True,Chasse-sur-Rhône,38087,6588,38
https://www.chasse-sur-rhone.fr/wp-content/uploads/2026/07/21-delib-voeux-pour-la-creation-dune-unite-denseignement-elementaire-a-destination-des-enfants-autistes.pdf,https://www.chasse-sur-rhone.fr/conseil-municipal/,1,83 délib Voeux pour la création d’une unité d’enseignement élémentaire à destination des enfants autistes,delib,delib,True,Chasse-sur-Rhône,38087,6588,38
https://www.chasse-sur-rhone.fr/wp-content/uploads/2025/02/convocation-cm.pdf,https://www.chasse-sur-rhone.fr/conseil-municipal/,1,– ordre du jour du conseil municipal du 10 février 2025,-cm,conseil municipal,True,Chasse-sur-Rhône,38087,6588,38
https://www.chasse-sur-rhone.fr/wp-content/uploads/2025/04/convocation.pdf,https://www.chasse-sur-rhone.fr/conseil-municipal/,1,– ordre du jour du conseil municipal du 14 avril 2025,,conseil municipal,False,Chasse-sur-Rhône,38087,6588,38
https://www.chasse-sur-rhone.fr/wp-content/uploads/2025/06/convocation-conseil-23-juin-2025.pdf,https://www.chasse-sur-rhone.fr/conseil-municipal/,1,– ordre du jour du conseil municipal du 23 juin 2025,,conseil municipal,False,Chasse-sur-Rhône,38087,6588,38
https://www.chasse-sur-rhone.fr/wp-content/uploads/2025/09/convocation-cm-29-09.pdf,https://www.chasse-sur-rhone.fr/conseil-municipal/,1,– ordre du jour du conseil municipal du 29 septembre 2025,cm-;-cm,conseil municipal,True,Chasse-sur-Rhône,38087,6588,38
https://www.chasse-sur-rhone.fr/wp-content/uploads/2025/10/liste-deliberations-cm-29-09.pdf,https://www.chasse-sur-rhone.fr/conseil-municipal/,1,Liste des délibérations,deliberation;delib;cm-;-cm,deliberation;delib,True,Chasse-sur-Rhône,38087,6588,38
https://www.chasse-sur-rhone.fr/wp-content/uploads/2025/10/29-09-074-1h4-deliberation-repos-dominical-des-salaries-demande-de-derogations-pour-lannee-2026.pdf,https://www.chasse-sur-rhone.fr/conseil-municipal/,1,29_09_074_1H4 délibération repos dominical des salariés – demande de dérogations pour l’année 2026,deliberation;delib,deliberation;delib,True,Chasse-sur-Rhône,38087,6588,38
https://www.chasse-sur-rhone.fr/wp-content/uploads/2025/10/29-09-073-1a6-deliberation-convention-de-reservation-de-logements-locatifs-sociaux-conclue-entre-aih-vca-et-chasse-sur-rhone.pdf,https://www.chasse-sur-rhone.fr/conseil-municipal/,1,"29_09_073_1A6 délibération convention de réservation de logements locatifs sociaux conclue entre AIH, VCA et Chasse-sur-",deliberation;delib,deliberation;delib,True,Chasse-sur-Rhône,38087,6588,38
https://www.chasse-sur-rhone.fr/wp-content/uploads/2025/10/29-09-072-1c4-deliberation-adoption-dune-charte-damitie-entre-la-commune-de-chasse-sur-rhone-et-la-commune-de-milwaukee.pdf,https://www.chasse-sur-rhone.fr/conseil-municipal/,1,29_09_072_1C4 délibération adoption d’une charte d’amitié entre la Commune de Chasse-sur-Rhône et la Commune de Milwauke,deliberation;delib,deliberation;delib,True,Chasse-sur-Rhône,38087,6588,38
https://www.chasse-sur-rhone.fr/wp-content/uploads/2025/10/29-09-071-1v4-deliberation-participation-a-te38-pour-enfouissement-des-reseaux-secs-rue-de-la-republique-et-chemin-des-roues.pdf,https://www.chasse-sur-rhone.fr/conseil-municipal/,1,29_09_071_1V4 délibération participation à TE38 pour enfouissement des réseaux secs rue de la République et chemin des r,deliberation;delib,deliberation;delib,True,Chasse-sur-Rhône,38087,6588,38
https://www.chasse-sur-rhone.fr/wp-content/uploads/2025/10/29-09-070-1v4-deliberation-participation-a-te-38-pour-lenfouissement-des-reseaux-secs-chemin-du-lot.pdf,https://www.chasse-sur-rhone.fr/conseil-municipal/,1,29_09_070_1V4 délibération participation à TE 38 pour l’enfouissement des réseaux secs chemin du Lot,deliberation;delib,deliberation;delib,True,Chasse-sur-Rhône,38087,6588,38
https://www.chasse-sur-rhone.fr/wp-content/uploads/2025/10/29-09-069-2h8-deliberation-convention-de-servitude-enedis-chateau.pdf,https://www.chasse-sur-rhone.fr/conseil-municipal/,1,29_09_069_ 2H8 délibération convention de servitude ENEDIS Château,deliberation;delib,deliberation;delib,True,Chasse-sur-Rhône,38087,6588,38
https://www.chasse-sur-rhone.fr/wp-content/uploads/2025/10/29-09-068-1a9-deliberation-avenant-n2-a-la-convention-de-veille-et-de-strategie-fonciere-epora.pdf,https://www.chasse-sur-rhone.fr/conseil-municipal/,1,29_09_068_1A9 délibération avenant n°2 à la convention de veille et de stratégie foncière EPORA,deliberation;delib,deliberation;delib,True,Chasse-sur-Rhône,38087,6588,38
https://www.chasse-sur-rhone.fr/wp-content/uploads/2025/10/29-09-067-2f8-deliberation-desaffectation-et-declassement-rue-emile-zola.pdf,https://www.chasse-sur-rhone.fr/conseil-municipal/,1,29_09_067_2F8 délibération désaffectation et déclassement rue Emile Zola,deliberation;delib,deliberation;delib,True,Chasse-sur-Rhône,38087,6588,38
https://www.chasse-sur-rhone.fr/wp-content/uploads/2025/10/29-09-066-2b1-deliberation-lotissement-du-chateau-transfert-doffice-dans-la-voirie-publique-communale-avis-du-conseil-municipal-apres-enquete-publique.pdf,https://www.chasse-sur-rhone.fr/conseil-municipal/,1,29_09_066_2B1 délibération Lotissement du Château – Transfert d’office dans la voirie publique communale – avis du conse,deliberation;delib;conseil-municipal,deliberation;delib;conseil municipal,True,Chasse-sur-Rhône,38087,6588,38
https://www.chasse-sur-rhone.fr/wp-content/uploads/2025/10/29-09-065-2b5-deliberation-echange-de-parcelles-avec-alpes-isere-habitat-quartier-du-chateau.pdf,https://www.chasse-sur-rhone.fr/conseil-municipal/,1,29_09_065_2B5 délibération échange de parcelles avec Alpes Isère Habitat – Quartier du Chateau,deliberation;delib,deliberation;delib,True,Chasse-sur-Rhône,38087,6588,38
https://www.chasse-sur-rhone.fr/wp-content/uploads/2025/10/29-09-064-2b1-2-deliberation-retrocession-gratuite-de-parcelles-quartier-des-barbieres.pdf,https://www.chasse-sur-rhone.fr/conseil-municipal/,1,29_09_064_2B1_2 délibération Rétrocession gratuite de parcelles – Quartier des Barbières,deliberation;delib,deliberation;delib,True,Chasse-sur-Rhône,38087,6588,38
https://www.chasse-sur-rhone.fr/wp-content/uploads/2025/10/29-09-063-1a1-deliberation-shema-departemental-daccueil-et-dhabitat-des-gens-du-voyage.pdf,https://www.chasse-sur-rhone.fr/conseil-municipal/,1,29_09_063_1A1 délibération shéma départemental d’accueil et d’habitat des gens du voyage,deliberation;delib,deliberation;delib,True,Chasse-sur-Rhône,38087,6588,38
https://www.chasse-sur-rhone.fr/wp-content/uploads/2025/10/29-09-062-1a1-deliberation-mise-a-disposition-secretariat-intercommunal.pdf,https://www.chasse-sur-rhone.fr/conseil-municipal/,1,29_09_062_1A1 délibération mise à disposition secrétariat intercommunal,deliberation;delib,deliberation;delib,True,Chasse-sur-Rhône,38087,6588,38
https://www.chasse-sur-rhone.fr/wp-content/uploads/2025/10/29-09-061-1r3-deliberation-mise-a-jour-du-tableau-des-emplois.pdf,https://www.chasse-sur-rhone.fr/conseil-municipal/,1,29_09_061_1R3 délibération Mise à jour du tableau des emplois,deliberation;delib,deliberation;delib,True,Chasse-sur-Rhône,38087,6588,38
https://www.chasse-sur-rhone.fr/wp-content/uploads/2025/10/29-09-060-1a9-deliberation-renouvellement-de-la-ctg-avec-la-caf.pdf,https://www.chasse-sur-rhone.fr/conseil-municipal/,1,29_09_060_ 1A9 délibération renouvellement de la CTG avec la CAF,deliberation;delib,deliberation;delib,True,Chasse-sur-Rhône,38087,6588,38
https://www.chasse-sur-rhone.fr/wp-content/uploads/2025/10/29-09-059-1t6-deliberation-pertes-sur-creances-eteintes-713.pdf,https://www.chasse-sur-rhone.fr/conseil-municipal/,1,29_09_059_1T6 délibération pertes sur créances éteintes 713,deliberation;delib,deliberation;delib,True,Chasse-sur-Rhône,38087,6588,38
https://www.chasse-sur-rhone.fr/wp-content/uploads/2025/10/29-09-058-1t5-deliberation-decision-modificative-budgetaire-n1.pdf,https://www.chasse-sur-rhone.fr/conseil-municipal/,1,29_09_058_1T5 délibération décision modificative budgetaire n1,deliberation;delib,deliberation;delib,True,Chasse-sur-Rhône,38087,6588,38
https://www.chasse-sur-rhone.fr/wp-content/uploads/2025/12/convocation-cm-15-decembre-2025.pdf,https://www.chasse-sur-rhone.fr/conseil-municipal/,1,– ordre du jour du conseil municipal du 15 décembre 2025,cm-;-cm,conseil municipal,True,Chasse-sur-Rhône,38087,6588,38
https://www.chasse-sur-rhone.fr/wp-content/uploads/2025/12/convocation-cm-15-decembre-2025-1.pdf,https://www.chasse-sur-rhone.fr/conseil-municipal/,1,Convocation CM 15 décembre 2025,cm-;-cm,,False,Chasse-sur-Rhône,38087,6588,38
https://www.chasse-sur-rhone.fr/wp-content/uploads/2025/12/15-12-076-1c4-deliberation-de-chasse-a-milwaukee-convention-objectifs-et-de-moyens.pdf,https://www.chasse-sur-rhone.fr/conseil-municipal/,1,15-12-076-1c4-deliberation-de-chasse-a-milwaukee-convention-objectifs-et-de-moyens.pdf,deliberation;delib,deliberation;delib,True,Chasse-sur-Rhône,38087,6588,38
https://www.chasse-sur-rhone.fr/wp-content/uploads/2025/12/15-12-077-1w9-deliberation-mise-a-disposition-des-salles-municipales-et-des-equipements-communaux.pdf,https://www.chasse-sur-rhone.fr/conseil-municipal/,1,15_12_077_1W9 délibération mise à disposition des salles municipales et des équipements communaux,deliberation;delib,deliberation;delib,True,Chasse-sur-Rhône,38087,6588,38
https://www.chasse-sur-rhone.fr/wp-content/uploads/2025/12/15-12-078-1c4-deliberation-acompte-de-subvention-pour-le-centre-social-et-la-mjc-ecole-de-musique.pdf,https://www.chasse-sur-rhone.fr/conseil-municipal/,1,15_12_078_1C4 délibération acompte de subvention pour le centre social et la MJC-école de musique,deliberation;delib,deliberation;delib,True,Chasse-sur-Rhône,38087,6588,38
https://www.chasse-sur-rhone.fr/wp-content/uploads/2025/12/15-12-079-1c4-deliberation-avenant-n1-convention-centre-social.pdf,https://www.chasse-sur-rhone.fr/conseil-municipal/,1,15_12_079_1C4 délibération avenant n°1 convention centre social,deliberation;delib,deliberation;delib,True,Chasse-sur-Rhône,38087,6588,38
https://www.chasse-sur-rhone.fr/wp-content/uploads/2025/12/15-12-080-1t5-deliberation-debat-dorientation-budgetaire-2026.pdf,https://www.chasse-sur-rhone.fr/conseil-municipal/,1,15_12_080_1T5 Délibération débat d’orientation budgétaire 2026,deliberation;delib,deliberation;delib,True,Chasse-sur-Rhône,38087,6588,38
https://www.chasse-sur-rhone.fr/wp-content/uploads/2025/12/15-12-081-1t5-deliberation-decision-modificative-budgetaire.pdf,https://www.chasse-sur-rhone.fr/conseil-municipal/,1,15_12_081_ 1T5 délibération décision modificative budgetaire,deliberation;delib,deliberation;delib,True,Chasse-sur-Rhône,38087,6588,38
https://www.chasse-sur-rhone.fr/wp-content/uploads/2025/12/15-12-082-1t5-deliberation-mise-en-place-dun-budget-autonome-pour-le-ccas.pdf,https://www.chasse-sur-rhone.fr/conseil-municipal/,1,15_12_082_1T5 délibération mise en place d’un budget autonome pour le CCAS,deliberation;delib,deliberation;delib,True,Chasse-sur-Rhône,38087,6588,38
https://www.chasse-sur-rhone.fr/wp-content/uploads/2025/12/15-12-083-1a1-deliberation-reversement-de-la-compensation-financiere-percue-au-titre-du-sppe-a-vca.pdf,https://www.chasse-sur-rhone.fr/conseil-municipal/,1,15_12_083_1A1 délibération reversement de la compensation financière perçue au titre du SPPE à VCA,deliberation;delib,deliberation;delib,True,Chasse-sur-Rhône,38087,6588,38
https://www.chasse-sur-rhone.fr/wp-content/uploads/2025/12/15-12-084-1t4-deliberation-avenant-a-la-convention-dutilisation-de-labattement-de-la-tfpb.pdf,https://www.chasse-sur-rhone.fr/conseil-municipal/,1,15_12_084_1T4 délibération avenant à la convention d’utilisation de l’abattement de la TFPB,deliberation;delib,deliberation;delib,True,Chasse-sur-Rhône,38087,6588,38
https://www.chasse-sur-rhone.fr/wp-content/uploads/2025/12/15-12-085-1r6-deliberation-creation-de-lindemnite-de-maniement-de-fonds-part-ifse-regie.pdf,https://www.chasse-sur-rhone.fr/conseil-municipal/,1,15_12_085_1R6 délibération Création de l’indemnité de maniement de fonds – Part IFSE Régie,deliberation;delib,deliberation;delib,True,Chasse-sur-Rhône,38087,6588,38
https://www.chasse-sur-rhone.fr/wp-content/uploads/2025/12/15-12-086-1a1-deliberation-adhesion-au-contrat-cadre-fourniture-gestion-et-livraison-des-titres-restaurant-propose-par-le-centre-de-gestion-de-lisere-cdg38.pdf,https://www.chasse-sur-rhone.fr/conseil-municipal/,1,"15_12_086_1A1 délibération Adhésion au contrat cadre Fourniture, gestion et livraison des titres restaurant proposé par ",deliberation;delib,deliberation;delib,True,Chasse-sur-Rhône,38087,6588,38
https://www.chasse-sur-rhone.fr/wp-content/uploads/2025/12/15-12-087-2k9-deliberation-convention-2026-avec-lagence-durbanisme-de-laire-metropolitaine-lyonnaise.pdf,https://www.chasse-sur-rhone.fr/conseil-municipal/,1,15_12_087_2K9 délibération Convention 2026 avec l’agence d’urbanisme de l’aire métropolitaine lyonnaise,deliberation;delib,deliberation;delib,True,Chasse-sur-Rhône,38087,6588,38
https://www.chasse-sur-rhone.fr/wp-content/uploads/2025/12/15-12-088-2h8-deliberation-convention-de-servitude-rue-wagner.pdf,https://www.chasse-sur-rhone.fr/conseil-municipal/,1,15_12_088_2H8 délibération convention de servitude rue Wagner,deliberation;delib,deliberation;delib,True,Chasse-sur-Rhône,38087,6588,38
https://www.chasse-sur-rhone.fr/wp-content/uploads/2025/12/15-12-089-2h8-deliberation-convention-de-servitude-chemin-de-lislon.pdf,https://www.chasse-sur-rhone.fr/conseil-municipal/,1,15_12_089_2H8 délibération convention de servitude chemin de l’Islon,deliberation;delib,deliberation;delib,True,Chasse-sur-Rhône,38087,6588,38
https://www.chasse-sur-rhone.fr/wp-content/uploads/2025/12/15-12-090-1a1-deliberation-participation-de-la-commune-travaux-eaux-pluviales-allee-du-midi.pdf,https://www.chasse-sur-rhone.fr/conseil-municipal/,1,15_12_090_1A1 délibération participation de la commune travaux eaux pluviales allée du midi,deliberation;delib,deliberation;delib,True,Chasse-sur-Rhône,38087,6588,38
https://www.chasse-sur-rhone.fr/wp-content/uploads/2025/12/15-12-091-1g62-deliberation-reconduction-du-partenariat-avec-la-spa-pour-la-sterilisation-des-chats-libres.pdf,https://www.chasse-sur-rhone.fr/conseil-municipal/,1,15_12_091_1G62 délibération reconduction du partenariat avec la SPA pour la stérilisation des chats libres,deliberation;delib,deliberation;delib,True,Chasse-sur-Rhône,38087,6588,38
https://www.chasse-sur-rhone.fr/wp-content/uploads/2025/12/15-12-092-1g62-deliberation-partenariat-avec-la-spa-pour-la-lutte-contre-la-maltraitance-animale.pdf,https://www.chasse-sur-rhone.fr/conseil-municipal/,1,15_12_092_1G62 délibération partenariat avec la SPA pour la lutte contre la maltraitance animale,deliberation;delib,deliberation;delib,True,Chasse-sur-Rhône,38087,6588,38
https://www.chasse-sur-rhone.fr/wp-content/uploads/2025/12/15-12-093-1a1-deliberation-voeu-pour-le-renforcement-des-effectifs-daesh-aupres-des-eleves-en-situation-de-handicap.pdf,https://www.chasse-sur-rhone.fr/conseil-municipal/,1,15_12_093_1A1 délibération Vœu pour le renforcement des effectifs d’AESH auprès des élèves en situation de handicap,deliberation;delib,deliberation;delib,True,Chasse-sur-Rhône,38087,6588,38
https://www.chasse-sur-rhone.fr/wp-content/uploads/2024/04/convocation-cm-08-04-signee-1.pdf,https://www.chasse-sur-rhone.fr/conseil-municipal/,1,– ordre du jour du conseil municipal du 8 avril 2,cm-;-cm,conseil municipal,True,Chasse-sur-Rhône,38087,6588,38
https://www.chasse-sur-rhone.fr/wp-content/uploads/2024/05/convocation-signee-cm-3-juin-2024.pdf,https://www.chasse-sur-rhone.fr/conseil-municipal/,1,– ordre du jour du conseil municipal du 3 juin 2024,cm-;-cm,conseil municipal,True,Chasse-sur-Rhône,38087,6588,38
https://www.chasse-sur-rhone.fr/wp-content/uploads/2024/10/convocation-cm-30-09.pdf,https://www.chasse-sur-rhone.fr/conseil-municipal/,1,– ordre du jour du conseil municipal du 30 septembre 2024,cm-;-cm,conseil municipal,True,Chasse-sur-Rhône,38087,6588,38
https://www.chasse-sur-rhone.fr/wp-content/uploads/2024/11/convocation-cm-04-11.pdf,https://www.chasse-sur-rhone.fr/conseil-municipal/,1,– ordre du jour du conseil municipal du 4 novembre 2024,cm-;-cm,conseil municipal,True,Chasse-sur-Rhône,38087,6588,38
https://www.chasse-sur-rhone.fr/wp-content/uploads/2024/11/04-11-049-1b4-mise-a-jour-des-membres-des-commissions-du-conseil-municipal.pdf,https://www.chasse-sur-rhone.fr/conseil-municipal/,1,– mise à jour des membres des commissions du Conseil Municipale,conseil-municipal,conseil municipal,True,Chasse-sur-Rhône,38087,6588,38
https://www.chasse-sur-rhone.fr/wp-content/uploads/2024/12/convocation-cm-16-12.pdf,https://www.chasse-sur-rhone.fr/conseil-municipal/,1,– ordre du jour du conseil municipal du 16 décembre 2024,cm-;-cm,conseil municipal,True,Chasse-sur-Rhône,38087,6588,38
https://www.chasse-sur-rhone.fr/wp-content/uploads/2024/12/16-12-070-1b3-modification-du-reglement-interieur-du-conseil-municipal.pdf,https://www.chasse-sur-rhone.fr/conseil-municipal/,1,– Modification du règlement intérieur du Conseil Municipal,conseil-municipal,conseil municipal,True,Chasse-sur-Rhône,38087,6588,38
https://www.chasse-sur-rhone.fr/wp-content/uploads/2024/12/16-12-071-1b4-mise-a-jour-des-membres-des-commissions-du-conseil-municipal.pdf,https://www.chasse-sur-rhone.fr/conseil-municipal/,1,– Mise à jour des membres des commissions du Conseil Municipal,conseil-municipal,conseil municipal,True,Chasse-sur-Rhône,38087,6588,38
https://www.chasse-sur-rhone.fr/wp-content/uploads/2023/11/convocation-06-11-3.pdf,https://www.chasse-sur-rhone.fr/conseil-municipal/,1,– Ordre du jour du conseil municipal du 6 novembre 2023,,conseil municipal,False,Chasse-sur-Rhône,38087,6588,38
https://www.chasse-sur-rhone.fr/wp-content/uploads/2023/09/convocation.pdf,https://www.chasse-sur-rhone.fr/conseil-municipal/,1,– ordre du jour du conseil municipal du 25 septembre 2023,,conseil municipal,False,Chasse-sur-Rhône,38087,6588,38
https://www.chasse-sur-rhone.fr/wp-content/uploads/2023/07/convocation-10-07.pdf,https://www.chasse-sur-rhone.fr/conseil-municipal/,1,– ordre du jour du conseil municipal du 10 juillet 2023,,conseil municipal,False,Chasse-sur-Rhône,38087,6588,38
https://www.chasse-sur-rhone.fr/wp-content/uploads/2023/06/convocation.pdf,https://www.chasse-sur-rhone.fr/conseil-municipal/,1,Ordre du jour du conseil municipal du 9 juin 2023,,conseil municipal,False,Chasse-sur-Rhône,38087,6588,38
https://www.chasse-sur-rhone.fr/wp-content/uploads/2023/06/09-06-036-2b2-abrogation-deliberation-du-8-avril-2019-concernant-un-complement-dinformation-pour-la-vente-dune-parcelle-rue-du-genocide-armenien-pharmacie-du-chateau.pdf,https://www.chasse-sur-rhone.fr/conseil-municipal/,1,Abrogation délibération du 8 avril 2019 vente parcelle rue du génocide arménien – pharmacie du Château,deliberation;delib,deliberation;delib,True,Chasse-sur-Rhône,38087,6588,38
https://www.chasse-sur-rhone.fr/wp-content/uploads/2023/06/09-06-037-2b2-deliberation-rectificative-vente-dune-parcelle-rue-du-genocide-armenien-sci-sirisit-et-sci-medicale-degouve.pdf,https://www.chasse-sur-rhone.fr/conseil-municipal/,1,Délibération rectificative vente d’une parcelle rue du génocide arménien – SCI SIRISIT et SCI MEDICALE DEGOUVE,deliberation;delib,deliberation;delib,True,Chasse-sur-Rhône,38087,6588,38
https://www.chasse-sur-rhone.fr/wp-content/uploads/2023/03/convocation-cm-03-04.pdf,https://www.chasse-sur-rhone.fr/conseil-municipal/,1,Ordre du jour du conseil municipal du 3 avril 2023,cm-;-cm,conseil municipal,True,Chasse-sur-Rhône,38087,6588,38
https://www.chasse-sur-rhone.fr/wp-content/uploads/2023/04/03-04-023-1b3-adaptation-du-reglement-interieur.pdf,https://www.chasse-sur-rhone.fr/conseil-municipal/,1,Adaptation du règlement intérieur du Conseil Municipal,,conseil municipal,False,Chasse-sur-Rhône,38087,6588,38
https://www.chasse-sur-rhone.fr/wp-content/uploads/2023/02/convocation-cm-13-02.pdf,https://www.chasse-sur-rhone.fr/conseil-municipal/,1,Ordre du jour du conseil municipal du 13 février 2023,cm-;-cm,conseil municipal,True,Chasse-sur-Rhône,38087,6588,38
https://www.chasse-sur-rhone.fr/wp-content/uploads/2023/12/convocation-cm-18-12-2023.pdf,https://www.chasse-sur-rhone.fr/conseil-municipal/,1,– ordre du jour du conseil municipal du 18 décembre 2023,cm-;-cm,conseil municipal,True,Chasse-sur-Rhône,38087,6588,38
https://www.chasse-sur-rhone.fr/wp-content/uploads/2022/12/convocation-cm-19-12.pdf,https://www.chasse-sur-rhone.fr/conseil-municipal/,1,ordre du jour conseil municipal,cm-;-cm,conseil municipal,True,Chasse-sur-Rhône,38087,6588,38
https://www.chasse-sur-rhone.fr/wp-content/uploads/2022/12/19-12-091-1a1-convention-cadre-pvd-valant-ort.pdf,https://www.chasse-sur-rhone.fr/conseil-municipal/,1,convention cadre Petites Villes de Demain valant Opération de Revitalisation du Territoire,-pv,,False,Chasse-sur-Rhône,38087,6588,38
https://www.chasse-sur-rhone.fr/wp-content/uploads/2022/12/19-12-092-1r6-demande-renouvellement-cofinancement-poste-pvd.pdf,https://www.chasse-sur-rhone.fr/conseil-municipal/,1,demande renouvellement de cofinancement – poste chef de projets PVD,-pv,,False,Chasse-sur-Rhône,38087,6588,38
https://www.chasse-sur-rhone.fr/wp-content/uploads/2022/10/convocation-cm-07-11.pdf,https://www.chasse-sur-rhone.fr/conseil-municipal/,1,ordre du jour conseil municipal,cm-;-cm,conseil municipal,True,Chasse-sur-Rhône,38087,6588,38
https://www.chasse-sur-rhone.fr/wp-content/uploads/2022/12/07-11-076-1t5-budget-communal-decision-modificative-n1.pdf,https://www.chasse-sur-rhone.fr/conseil-municipal/,1,Délibération décision modificative n°1,,deliberation;delib,False,Chasse-sur-Rhône,38087,6588,38
https://www.chasse-sur-rhone.fr/wp-content/uploads/2022/12/07-11-077-1c41-subvention-complementaire-ecole-de-musique-chasse-en-lumieres.pdf,https://www.chasse-sur-rhone.fr/conseil-municipal/,1,Délibération subvention complémentaire école de musique pour « Chasse en lumières »,,deliberation;delib,False,Chasse-sur-Rhône,38087,6588,38
https://www.chasse-sur-rhone.fr/wp-content/uploads/2022/12/07-11-078-1n9-convention-repartition-subvention-socle-numerique-dans-les-ecoles-elementaires.pdf,https://www.chasse-sur-rhone.fr/conseil-municipal/,1,Délibération convention subvention » un socle,,deliberation;delib,False,Chasse-sur-Rhône,38087,6588,38
https://www.chasse-sur-rhone.fr/wp-content/uploads/2022/12/07-11-079-1a1-convention-region-vca-financer-investissement-commerce-proximite.pdf,https://www.chasse-sur-rhone.fr/conseil-municipal/,1,Délibération convention « financer l’investissement de mon commerce de proximité »,,deliberation;delib,False,Chasse-sur-Rhône,38087,6588,38
https://www.chasse-sur-rhone.fr/wp-content/uploads/2022/12/07-11-080-1h4-repos-dominical-des-salaries-demande-derogations-pour-2023.pdf,https://www.chasse-sur-rhone.fr/conseil-municipal/,1,Délibération dérogations repos dominical 2023,,deliberation;delib,False,Chasse-sur-Rhône,38087,6588,38
https://www.chasse-sur-rhone.fr/wp-content/uploads/2022/12/07-11-081-1t4-avenant-prolongation-convention-abattement-tfpb.pdf,https://www.chasse-sur-rhone.fr/conseil-municipal/,1,Délibération avenant TFPB,,deliberation;delib,False,Chasse-sur-Rhône,38087,6588,38
https://www.chasse-sur-rhone.fr/wp-content/uploads/2022/12/07-11-082-1r3-modification-tableau-des-emplois-poste-de-redacteur-territorial.pdf,https://www.chasse-sur-rhone.fr/conseil-municipal/,1,Délibération modification tableau des emplois / rédacteur territorial,,deliberation;delib,False,Chasse-sur-Rhône,38087,6588,38
https://www.chasse-sur-rhone.fr/wp-content/uploads/2022/12/07-11-083-1p2-modification-convention-reinformation-reseau-trente-et-plus.pdf,https://www.chasse-sur-rhone.fr/conseil-municipal/,1,Délibération modification convention Trente et plus,,deliberation;delib,False,Chasse-sur-Rhône,38087,6588,38
https://www.chasse-sur-rhone.fr/wp-content/uploads/2022/12/07-11-084-1c3-transfert-competence-irve-te38.pdf,https://www.chasse-sur-rhone.fr/conseil-municipal/,1,Délibération transfert compétence IRVE à TE38,,deliberation;delib,False,Chasse-sur-Rhône,38087,6588,38
https://www.chasse-sur-rhone.fr/wp-content/uploads/2022/12/07-11-085-1a1-rapport-chambre-regionale-des-comptes-vca.pdf,https://www.chasse-sur-rhone.fr/conseil-municipal/,1,Délibération rapport Chambre Régionale des Comptes de Vienne Condrieu Agglomération,,deliberation;delib,False,Chasse-sur-Rhône,38087,6588,38
https://www.chasse-sur-rhone.fr/wp-content/uploads/2023/01/pv-cm-07-11.pdf,https://www.chasse-sur-rhone.fr/conseil-municipal/,1,Procès verbal du 7 novembre 2022,pv-;cm-;-cm,proces verbal,True,Chasse-sur-Rhône,38087,6588,38
https://www.chasse-sur-rhone.fr/wp-content/uploads/2022/10/26-09-072-2k1-centre-bourg-modification-de-la-fraction-2b.pdf,https://www.chasse-sur-rhone.fr/conseil-municipal/,1,Délibération centre-bourg modification de la fraction,,deliberation;delib,False,Chasse-sur-Rhône,38087,6588,38
https://www.chasse-sur-rhone.fr/wp-content/uploads/2022/10/26-09-073-1c3-adhesion-au-service-cartographie-en-ligne-te38.pdf,https://www.chasse-sur-rhone.fr/conseil-municipal/,1,Délibération adhésion au service cartographie en ligne TE38,,deliberation;delib,False,Chasse-sur-Rhône,38087,6588,38
https://www.chasse-sur-rhone.fr/wp-content/uploads/2022/10/26-09-074-1r3-modification-du-tableau-des-emplois-service-marches-publics.pdf,https://www.chasse-sur-rhone.fr/conseil-municipal/,1,Délibération modification du tableau des emplois / service marché publics,,deliberation;delib,False,Chasse-sur-Rhône,38087,6588,38
https://www.chasse-sur-rhone.fr/wp-content/uploads/2022/07/04-07-062-1t6-pertes-sur-creances-irrecouvrables.pdf,https://www.chasse-sur-rhone.fr/conseil-municipal/,1,Délibération pertes sur créances irrécouvrables,,deliberation;delib,False,Chasse-sur-Rhône,38087,6588,38
https://www.chasse-sur-rhone.fr/wp-content/uploads/2022/07/04-07-063-1b3-creation-dun-conseil-des-enfants.pdf,https://www.chasse-sur-rhone.fr/conseil-municipal/,1,Délibération création d’un conseil des enfants,,deliberation;delib,False,Chasse-sur-Rhône,38087,6588,38
https://www.chasse-sur-rhone.fr/wp-content/uploads/2022/07/04-07-065-1n5-tarification-des-transports-scolaires.pdf,https://www.chasse-sur-rhone.fr/conseil-municipal/,1,Délibération tarification des transports scolaires,,deliberation;delib,False,Chasse-sur-Rhône,38087,6588,38
https://www.chasse-sur-rhone.fr/wp-content/uploads/2022/07/04-07-067-1r3-creation-poste-agent-technique.pdf,https://www.chasse-sur-rhone.fr/conseil-municipal/,1,Délibération création d’un poste agent technique,,deliberation;delib,False,Chasse-sur-Rhône,38087,6588,38
https://www.chasse-sur-rhone.fr/wp-content/uploads/2022/07/04-07-069-1g1-convention-de-partenariat-pour-la-mutualisation-des-formations-en-gtpi.pdf,https://www.chasse-sur-rhone.fr/conseil-municipal/,1,Délibération convention de partenariat pour la mutualisation des formations en GTPI,,deliberation;delib,False,Chasse-sur-Rhône,38087,6588,38
https://www.chasse-sur-rhone.fr/wp-content/uploads/2021/08/cr-cm-08-02.pdf,https://www.chasse-sur-rhone.fr/conseil-municipal/,1,Voir le compte rendu du 8 février 2021,cm-;-cm,compte rendu,True,Chasse-sur-Rhône,38087,6588,38
https://www.chasse-sur-rhone.fr/wp-content/uploads/2021/08/cr-15-mars-2021.pdf,https://www.chasse-sur-rhone.fr/conseil-municipal/,1,Voir le compte rendu du 15 mars 2021,,compte rendu,False,Chasse-sur-Rhône,38087,6588,38
https://www.chasse-sur-rhone.fr/wp-content/uploads/2021/08/cr-cm-19-04.pdf,https://www.chasse-sur-rhone.fr/conseil-municipal/,1,Voir le compte rendu du 19 avril 2021,cm-;-cm,compte rendu,True,Chasse-sur-Rhône,38087,6588,38
https://www.chasse-sur-rhone.fr/wp-content/uploads/2021/08/cr-cm-31-05.pdf,https://www.chasse-sur-rhone.fr/conseil-municipal/,1,Voir le compte rendu du 31 mai 2021,cm-;-cm,compte rendu,True,Chasse-sur-Rhône,38087,6588,38
https://www.chasse-sur-rhone.fr/wp-content/uploads/2021/08/compte-rendu-cm12-07.pdf,https://www.chasse-sur-rhone.fr/conseil-municipal/,1,Voir le compte rendu du 12 juillet 2021,compte-rendu;-cm,compte rendu,True,Chasse-sur-Rhône,38087,6588,38
https://www.chasse-sur-rhone.fr/wp-content/uploads/2022/01/cr-cm.pdf,https://www.chasse-sur-rhone.fr/conseil-municipal/,1,Voir le compte rendu du 27 septembre 2021,-cm,compte rendu,True,Chasse-sur-Rhône,38087,6588,38
https://www.chasse-sur-rhone.fr/wp-content/uploads/2022/01/cr-cm-15-11.pdf,https://www.chasse-sur-rhone.fr/conseil-municipal/,1,Voir le compte rendu du 15 novembre 2021,cm-;-cm,compte rendu,True,Chasse-sur-Rhône,38087,6588,38
https://www.chasse-sur-rhone.fr/wp-content/uploads/2022/01/cr-cm-20-12.pdf,https://www.chasse-sur-rhone.fr/conseil-municipal/,1,Voir le compte rendu du 20 décembre 2021,cm-;-cm,compte rendu,True,Chasse-sur-Rhône,38087,6588,38
https://www.chasse-sur-rhone.fr/wp-content/uploads/2022/02/cr-cm-14-02.pdf,https://www.chasse-sur-rhone.fr/conseil-municipal/,1,Voir le compte rendu du 14 février 2022,cm-;-cm,compte rendu,True,Chasse-sur-Rhône,38087,6588,38
https://www.chasse-sur-rhone.fr/wp-content/uploads/2022/06/cr-cm-04-04.pdf,https://www.chasse-sur-rhone.fr/conseil-municipal/,1,Voir le compte rendu du 4 avril 2022,cm-;-cm,compte rendu,True,Chasse-sur-Rhône,38087,6588,38
https://www.chasse-sur-rhone.fr/wp-content/uploads/2022/06/cr-cm-30-05.pdf,https://www.chasse-sur-rhone.fr/conseil-municipal/,1,Voir le compte rendu du 30 mai 2022,cm-;-cm,compte rendu,True,Chasse-sur-Rhône,38087,6588,38
https://www.chasse-sur-rhone.fr/wp-content/uploads/2022/11/liste-deliberations-du-7-novembre-2022.pdf,https://www.chasse-sur-rhone.fr/conseil-municipal/,1,Voir la liste délibérations du 7 novembre 2022,deliberation;delib,deliberation;delib,True,Chasse-sur-Rhône,38087,6588,38
https://www.chasse-sur-rhone.fr/wp-content/uploads/2022/12/liste-des-deliberations-examinees-cm-191222.pdf,https://www.chasse-sur-rhone.fr/conseil-municipal/,1,Voir la liste des délibérations du 19 décembre 2022,deliberation;delib;cm-;-cm,deliberation;delib,True,Chasse-sur-Rhône,38087,6588,38
https://www.chasse-sur-rhone.fr/wp-content/uploads/2023/02/liste-des-deliberations.pdf,https://www.chasse-sur-rhone.fr/conseil-municipal/,1,Voir la liste des délibérations du 13 février 2023,deliberation;delib,deliberation;delib,True,Chasse-sur-Rhône,38087,6588,38
https://www.chasse-sur-rhone.fr/wp-content/uploads/2023/04/liste-deliberations-cm-03-04.pdf,https://www.chasse-sur-rhone.fr/conseil-municipal/,1,Voir la liste des délibérations du 03 avril 2023,deliberation;delib;cm-;-cm,deliberation;delib,True,Chasse-sur-Rhône,38087,6588,38
https://www.chasse-sur-rhone.fr/wp-content/uploads/2023/06/liste-de-deliberations.pdf,https://www.chasse-sur-rhone.fr/conseil-municipal/,1,Voir la liste des délibérations du 09 juin 2023,deliberation;delib,deliberation;delib,True,Chasse-sur-Rhône,38087,6588,38
https://www.chasse-sur-rhone.fr/wp-content/uploads/2023/07/liste-des-deliberations.pdf,https://www.chasse-sur-rhone.fr/conseil-municipal/,1,Voir la liste des délibérations du 10 juillet 2023,deliberation;delib,deliberation;delib,True,Chasse-sur-Rhône,38087,6588,38
https://www.chasse-sur-rhone.fr/wp-content/uploads/2023/10/liste-deliberation-septembre-2023-1.pdf,https://www.chasse-sur-rhone.fr/conseil-municipal/,1,Voir la liste des délibérations du 25 septembre 2023,deliberation;delib,deliberation;delib,True,Chasse-sur-Rhône,38087,6588,38
https://www.chasse-sur-rhone.fr/wp-content/uploads/2023/11/liste-des-deliberations.pdf,https://www.chasse-sur-rhone.fr/conseil-municipal/,1,Voir la liste des délibérations du 6 novembre 2023,deliberation;delib,deliberation;delib,True,Chasse-sur-Rhône,38087,6588,38
https://www.chasse-sur-rhone.fr/wp-content/uploads/2023/12/liste-des-deliberations-18-12.pdf,https://www.chasse-sur-rhone.fr/conseil-municipal/,1,Voir la liste des délibérations du 18 décembre 2023,deliberation;delib,deliberation;delib,True,Chasse-sur-Rhône,38087,6588,38
https://www.chasse-sur-rhone.fr/wp-content/uploads/2024/02/liste-deliberations-adoptees-120224-1.pdf,https://www.chasse-sur-rhone.fr/conseil-municipal/,1,Voir la liste des délibérations du 12 février 2024,deliberation;delib,deliberation;delib,True,Chasse-sur-Rhône,38087,6588,38
https://www.chasse-sur-rhone.fr/wp-content/uploads/2024/04/liste-deliberations-cm-08-04.pdf,https://www.chasse-sur-rhone.fr/conseil-municipal/,1,Voir la liste des délibérations du 08 avril 2024,deliberation;delib;cm-;-cm,deliberation;delib,True,Chasse-sur-Rhône,38087,6588,38
https://www.chasse-sur-rhone.fr/wp-content/uploads/2024/06/liste-des-deliberations-cm-03-06.pdf,https://www.chasse-sur-rhone.fr/conseil-municipal/,1,Voir la liste des délibérations du 03 juin 2024,deliberation;delib;cm-;-cm,deliberation;delib,True,Chasse-sur-Rhône,38087,6588,38
https://www.chasse-sur-rhone.fr/wp-content/uploads/2024/10/liste-des-deliberations.pdf,https://www.chasse-sur-rhone.fr/conseil-municipal/,1,Voir la liste des délibérations du 30 septembre 2024,deliberation;delib,deliberation;delib,True,Chasse-sur-Rhône,38087,6588,38
https://www.chasse-sur-rhone.fr/wp-content/uploads/2024/12/liste-des-deliberations.pdf,https://www.chasse-sur-rhone.fr/conseil-municipal/,1,Voir la liste des délibérations du 04 novembre 2024,deliberation;delib,deliberation;delib,True,Chasse-sur-Rhône,38087,6588,38
https://www.chasse-sur-rhone.fr/wp-content/uploads/2024/12/liste-deliberations.pdf,https://www.chasse-sur-rhone.fr/conseil-municipal/,1,Voir la liste des délibérations du 16 décembre 2024,deliberation;delib,deliberation;delib,True,Chasse-sur-Rhône,38087,6588,38
https://www.chasse-sur-rhone.fr/wp-content/uploads/2025/02/liste-deliberations-cm-10-02.pdf,https://www.chasse-sur-rhone.fr/conseil-municipal/,1,Voir la liste des délibérations du 10 février 2025,deliberation;delib;cm-;-cm,deliberation;delib,True,Chasse-sur-Rhône,38087,6588,38
https://www.chasse-sur-rhone.fr/wp-content/uploads/2025/04/liste-des-deliberations.pdf,https://www.chasse-sur-rhone.fr/conseil-municipal/,1,Voir la liste des délibérations du 14 avril 2025,deliberation;delib,deliberation;delib,True,Chasse-sur-Rhône,38087,6588,38
https://www.chasse-sur-rhone.fr/wp-content/uploads/2025/07/liste-deliberations-cm-23-06.pdf,https://www.chasse-sur-rhone.fr/conseil-municipal/,1,Voir la liste des délibérations du 23 juin 2025,deliberation;delib;cm-;-cm,deliberation;delib,True,Chasse-sur-Rhône,38087,6588,38
https://www.chasse-sur-rhone.fr/wp-content/uploads/2022/09/pv-avril.pdf,https://www.chasse-sur-rhone.fr/conseil-municipal/,1,Procès verbal du conseil municipal du lundi 4 avril 2022,pv-,proces verbal;conseil municipal,True,Chasse-sur-Rhône,38087,6588,38
https://www.chasse-sur-rhone.fr/wp-content/uploads/2022/09/pv-mai.pdf,https://www.chasse-sur-rhone.fr/conseil-municipal/,1,Procès verbal du conseil municipal du 30 mai 2022,pv-,proces verbal;conseil municipal,True,Chasse-sur-Rhône,38087,6588,38
https://www.chasse-sur-rhone.fr/wp-content/uploads/2022/09/pv-juillet-1.pdf,https://www.chasse-sur-rhone.fr/conseil-municipal/,1,Procès verbal du conseil municipal du lundi 4 juillet 2022,pv-,proces verbal;conseil municipal,True,Chasse-sur-Rhône,38087,6588,38
https://www.chasse-sur-rhone.fr/wp-content/uploads/2022/11/pv-cm-26-09.pdf,https://www.chasse-sur-rhone.fr/conseil-municipal/,1,Procès verbal du conseil municipal du lundi 26 septembre 2022,pv-;cm-;-cm,proces verbal;conseil municipal,True,Chasse-sur-Rhône,38087,6588,38
https://www.chasse-sur-rhone.fr/wp-content/uploads/2023/01/pv-07-11.pdf,https://www.chasse-sur-rhone.fr/conseil-municipal/,1,Procès verbal du conseil du lundi 7 novembre 2022,pv-,proces verbal,True,Chasse-sur-Rhône,38087,6588,38
https://www.chasse-sur-rhone.fr/wp-content/uploads/2023/02/pv-cm-19-12-approuve.pdf,https://www.chasse-sur-rhone.fr/conseil-municipal/,1,Procès verbal du conseil municipal du 19 décembre 2022,pv-;cm-;-cm,proces verbal;conseil municipal,True,Chasse-sur-Rhône,38087,6588,38
https://www.chasse-sur-rhone.fr/wp-content/uploads/2023/06/pv-cm-13-02.pdf,https://www.chasse-sur-rhone.fr/conseil-municipal/,1,Procès verbal du conseil municipal du 13 février 2023,pv-;cm-;-cm,proces verbal;conseil municipal,True,Chasse-sur-Rhône,38087,6588,38
https://www.chasse-sur-rhone.fr/wp-content/uploads/2023/06/pv-cm-030423.pdf,https://www.chasse-sur-rhone.fr/conseil-municipal/,1,Procès verbal du conseil municipal du 03 avril 2023,pv-;cm-;-cm,proces verbal;conseil municipal,True,Chasse-sur-Rhône,38087,6588,38
https://www.chasse-sur-rhone.fr/wp-content/uploads/2023/07/pv-cm-090623-2.pdf,https://www.chasse-sur-rhone.fr/conseil-municipal/,1,Procès verbal du conseil municipal du 09 juin 2023,pv-;cm-;-cm,proces verbal;conseil municipal,True,Chasse-sur-Rhône,38087,6588,38
https://www.chasse-sur-rhone.fr/wp-content/uploads/2023/10/pv-cm-100723.pdf,https://www.chasse-sur-rhone.fr/conseil-municipal/,1,Procès verbal du conseil municipal du 10 juillet 2023,pv-;cm-;-cm,proces verbal;conseil municipal,True,Chasse-sur-Rhône,38087,6588,38
https://www.chasse-sur-rhone.fr/wp-content/uploads/2023/12/pv-cm-250923.pdf,https://www.chasse-sur-rhone.fr/conseil-municipal/,1,Procès verbal du conseil municipal du 25 septembre 2023,pv-;cm-;-cm,proces verbal;conseil municipal,True,Chasse-sur-Rhône,38087,6588,38
https://www.chasse-sur-rhone.fr/wp-content/uploads/2024/03/pv-cm-061123-1.pdf,https://www.chasse-sur-rhone.fr/conseil-municipal/,1,Procès verbal du conseil municipal du 06 novembre 202,pv-;cm-;-cm,proces verbal;conseil municipal,True,Chasse-sur-Rhône,38087,6588,38
https://www.chasse-sur-rhone.fr/wp-content/uploads/2024/03/pv-cm-181223.pdf,https://www.chasse-sur-rhone.fr/conseil-municipal/,1,Procès verbal du conseil municipal du 18 décembre 2023,pv-;cm-;-cm,proces verbal;conseil municipal,True,Chasse-sur-Rhône,38087,6588,38
https://www.chasse-sur-rhone.fr/wp-content/uploads/2026/01/pv-cm-120224.pdf,https://www.chasse-sur-rhone.fr/conseil-municipal/,1,Procès verbal du conseil municipal du 12 février 2024,pv-;cm-;-cm,proces verbal;conseil municipal,True,Chasse-sur-Rhône,38087,6588,38
https://www.chasse-sur-rhone.fr/wp-content/uploads/2026/01/pv-cm-080424.pdf,https://www.chasse-sur-rhone.fr/conseil-municipal/,1,Procès verbal du conseil municipal du 08 avril 2024,pv-;cm-;-cm,proces verbal;conseil municipal,True,Chasse-sur-Rhône,38087,6588,38
https://www.chasse-sur-rhone.fr/wp-content/uploads/2026/01/pv-cm-030624.pdf,https://www.chasse-sur-rhone.fr/conseil-municipal/,1,Procès verbal du conseil municipal du 03 juin 2024,pv-;cm-;-cm,proces verbal;conseil municipal,True,Chasse-sur-Rhône,38087,6588,38
https://www.chasse-sur-rhone.fr/wp-content/uploads/2026/01/pv-cm-300924.pdf,https://www.chasse-sur-rhone.fr/conseil-municipal/,1,Procès verbal du conseil municipal du 30 septembre 2024,pv-;cm-;-cm,proces verbal;conseil municipal,True,Chasse-sur-Rhône,38087,6588,38
https://www.chasse-sur-rhone.fr/wp-content/uploads/2026/01/pv-cm-041124.pdf,https://www.chasse-sur-rhone.fr/conseil-municipal/,1,Procès verbal du conseil municipal du 04 novembre 2024,pv-;cm-;-cm,proces verbal;conseil municipal,True,Chasse-sur-Rhône,38087,6588,38
https://www.chasse-sur-rhone.fr/wp-content/uploads/2026/01/pv-cm-161224.pdf,https://www.chasse-sur-rhone.fr/conseil-municipal/,1,Procès verbal du conseil municipal du 16 décembre 2024,pv-;cm-;-cm,proces verbal;conseil municipal,True,Chasse-sur-Rhône,38087,6588,38
https://www.chasse-sur-rhone.fr/wp-content/uploads/2026/01/pv-cm-10-02.pdf,https://www.chasse-sur-rhone.fr/conseil-municipal/,1,Procès verbal du conseil municipal du 10 février 2025,pv-;cm-;-cm,proces verbal;conseil municipal,True,Chasse-sur-Rhône,38087,6588,38
https://www.chasse-sur-rhone.fr/wp-content/uploads/2026/01/pv-cm-140425.pdf,https://www.chasse-sur-rhone.fr/conseil-municipal/,1,Procès verbal du conseil municipal du 14 avril 2025,pv-;cm-;-cm,proces verbal;conseil municipal,True,Chasse-sur-Rhône,38087,6588,38
https://www.chasse-sur-rhone.fr/wp-content/uploads/2026/01/pv-cm-230625.pdf,https://www.chasse-sur-rhone.fr/conseil-municipal/,1,Procès verbal du conseil municipal du 23 juin 2025,pv-;cm-;-cm,proces verbal;conseil municipal,True,Chasse-sur-Rhône,38087,6588,38
https://www.chasse-sur-rhone.fr/wp-content/uploads/2026/01/pv-cm-290925.pdf,https://www.chasse-sur-rhone.fr/conseil-municipal/,1,Procès verbal du conseil municipal du 29 septembre 2025,pv-;cm-;-cm,proces verbal;conseil municipal,True,Chasse-sur-Rhône,38087,6588,38
https://www.chasse-sur-rhone.fr/wp-content/uploads/2026/01/pv-cm-15-decembre-2025.pdf,https://www.chasse-sur-rhone.fr/conseil-municipal/,1,Procès verbal du conseil municipal du 15 décembre 2025,pv-;cm-;-cm,proces verbal;conseil municipal,True,Chasse-sur-Rhône,38087,6588,38
https://www.varennes-sur-allier.fr/wp-content/uploads/2026/08/PV-05_06_2026.pdf,https://www.varennes-sur-allier.fr/ma-mairie/les-seances-du-conseil/,1,,pv-,,False,Varennes-sur-Allier,03298,3549,03
https://www.varennes-sur-allier.fr/wp-content/uploads/2026/08/PV_01_04_2026.pdf,https://www.varennes-sur-allier.fr/ma-mairie/les-seances-du-conseil/,1,,pv_,,False,Varennes-sur-Allier,03298,3549,03
https://www.varennes-sur-allier.fr/wp-content/uploads/2026/08/PV_20_03_2026.pdf,https://www.varennes-sur-allier.fr/ma-mairie/les-seances-du-conseil/,1,,pv_,,False,Varennes-sur-Allier,03298,3549,03
https://www.egletons.fr/wp-content/uploads/2026/07/LISTE-DELIBERATIONS-01-07-2026.pdf,https://www.egletons.fr/systeme/documentheque/,1,Consulter,deliberation;delib,,False,Égletons,19073,4341,19
https://www.egletons.fr/wp-content/uploads/2026/07/LISTE-DELIBERATIONS-25062026.pdf,https://www.egletons.fr/systeme/documentheque/,1,Consulter,deliberation;delib,,False,Égletons,19073,4341,19
https://www.egletons.fr/wp-content/uploads/2026/07/PV-CM-05-06-2026.pdf,https://www.egletons.fr/systeme/documentheque/,1,Consulter,pv-;cm-;-cm,,False,Égletons,19073,4341,19
https://www.egletons.fr/wp-content/uploads/2026/07/LISTE-DELIBERATIONS-05062026.pdf,https://www.egletons.fr/systeme/documentheque/,1,Consulter,deliberation;delib,,False,Égletons,19073,4341,19
https://www.egletons.fr/wp-content/uploads/2026/05/LISTE-DELIBERATIONS-28_04_2026.pdf,https://www.egletons.fr/systeme/documentheque/,1,Consulter,deliberation;delib,,False,Égletons,19073,4341,19
https://www.egletons.fr/wp-content/uploads/2026/05/LISTE-DELIBERATIONS-CCAS-29_04_2026.pdf,https://www.egletons.fr/systeme/documentheque/,1,Consulter,deliberation;delib,,False,Égletons,19073,4341,19
https://www.arsac.fr/wp-content/uploads/2025/05/CR-CME-reunion-du-16-mars-2025.pdf,https://www.arsac.fr/municipalite/vie-municipale/conseil-municipal-enfants/,1,CR CME du 16 mars 2025,-cm,,False,Arsac,33012,4124,33
https://www.arsac.fr/wp-content/uploads/2024/11/CR-CME-06.11.24.pdf,https://www.arsac.fr/municipalite/vie-municipale/conseil-municipal-enfants/,1,CR CME du 06 novembre 2024,-cm,,False,Arsac,33012,4124,33
https://www.saint-marcel-27.fr/wp-content/uploads/2026/07/RECCUEIL-DES-ACTES-DU-CM-260626.pdf,https://www.saint-marcel-27.fr/mairie/,1,Délibérations,cm-;-cm,deliberation;delib,True,Saint-Marcel,27562,4512,27
https://www.saint-marcel-27.fr/wp-content/uploads/2026/05/CM-260605-Ordre-du-jour-affichage.pdf,https://www.saint-marcel-27.fr/mairie/,1,Odre du jour,cm-,,False,Saint-Marcel,27562,4512,27
https://www.saint-marcel-27.fr/wp-content/uploads/2026/06/CERTIFICAT-DE-PUBLICATION-CM-050626-Deliberations-Decisions-et-arretes.pdf,https://www.saint-marcel-27.fr/mairie/,1,Délibérations,deliberation;delib;cm-;-cm,deliberation;delib,True,Saint-Marcel,27562,4512,27
https://www.saint-marcel-27.fr/wp-content/uploads/2026/07/PV-DU-CM-050626-SIGNE.pdf,https://www.saint-marcel-27.fr/mairie/,1,Procès-Verbal,pv-;cm-;-cm,proces-verbal,True,Saint-Marcel,27562,4512,27
https://www.saint-marcel-27.fr/wp-content/uploads/2026/04/RECUEIL-DES-DELIBERATIONS-DECISIONS-ARRETES.pdf,https://www.saint-marcel-27.fr/mairie/,1,Délibérations,deliberation;delib,deliberation;delib,True,Saint-Marcel,27562,4512,27
https://www.saint-marcel-27.fr/wp-content/uploads/2026/06/PV-DU-CM-080426-SIGNE.pdf,https://www.saint-marcel-27.fr/mairie/,1,Procès-verbal,pv-;cm-;-cm,proces-verbal,True,Saint-Marcel,27562,4512,27
https://www.saint-marcel-27.fr/wp-content/uploads/2026/03/Recueil-et-deliberations-CM-260320.pdf,https://www.saint-marcel-27.fr/mairie/,1,Délibérations,deliberation;delib;cm-;-cm,deliberation;delib,True,Saint-Marcel,27562,4512,27
https://www.saint-marcel-27.fr/wp-content/uploads/2026/04/PV-DU-CM-200326.pdf,https://www.saint-marcel-27.fr/mairie/,1,Procès-verbal,pv-;cm-;-cm,proces-verbal,True,Saint-Marcel,27562,4512,27
https://www.saint-marcel-27.fr/wp-content/uploads/2026/02/RECUEIL-DES-DELIBERATIONS-DECISIONS-ARRETES.pdf,https://www.saint-marcel-27.fr/mairie/,1,Délibérations,deliberation;delib,deliberation;delib,True,Saint-Marcel,27562,4512,27
https://www.saint-marcel-27.fr/wp-content/uploads/2026/01/Recueil-des-actes-CM-251217.pdf,https://www.saint-marcel-27.fr/mairie/,1,Délibérations,cm-;-cm,deliberation;delib,True,Saint-Marcel,27562,4512,27
https://www.saint-marcel-27.fr/wp-content/uploads/2026/02/PV-DU-CM-DU-171225.pdf,https://www.saint-marcel-27.fr/mairie/,1,Procès-verbal,pv-;cm-;-cm,proces-verbal,True,Saint-Marcel,27562,4512,27
https://www.saint-marcel-27.fr/wp-content/uploads/2025/11/DELIBERATIONS-ET-DECISIONS-CM-DU-191125.pdf,https://www.saint-marcel-27.fr/mairie/,1,Délibérations,deliberation;delib;cm-;-cm,deliberation;delib,True,Saint-Marcel,27562,4512,27
https://www.saint-marcel-27.fr/wp-content/uploads/2026/01/PV-seance-CM-191125.pdf,https://www.saint-marcel-27.fr/mairie/,1,Procès-verbal,pv-;cm-;-cm,proces-verbal,True,Saint-Marcel,27562,4512,27
https://www.saint-marcel-27.fr/wp-content/uploads/2025/09/Publication-deliberations-decisions-conseil-municipal-250917.pdf,https://www.saint-marcel-27.fr/mairie/,1,Délibérations,deliberation;delib;conseil-municipal,deliberation;delib,True,Saint-Marcel,27562,4512,27
https://www.saint-marcel-27.fr/wp-content/uploads/2025/11/PROCES-VERBAL-DU-CONSEIL-DU-170925.pdf,https://www.saint-marcel-27.fr/mairie/,1,Procès-verbal,proces-verbal,proces-verbal,True,Saint-Marcel,27562,4512,27
https://www.saint-marcel-27.fr/wp-content/uploads/2025/07/Deliberations-juin-2025.pdf,https://www.saint-marcel-27.fr/mairie/,1,Délibérations,deliberation;delib,deliberation;delib,True,Saint-Marcel,27562,4512,27
https://www.saint-marcel-27.fr/wp-content/uploads/2025/09/PROCES-VERBAL-SEANCE-DE-CONSEIL-MUNICIPAL-DU-25-JUIN-2025.pdf,https://www.saint-marcel-27.fr/mairie/,1,Procès-verbal,proces-verbal;conseil-municipal,proces-verbal,True,Saint-Marcel,27562,4512,27
https://www.saint-marcel-27.fr/wp-content/uploads/2025/04/Deliberations-CM-09-04-2025.pdf,https://www.saint-marcel-27.fr/mairie/,1,Délibérations,deliberation;delib;cm-;-cm,deliberation;delib,True,Saint-Marcel,27562,4512,27
https://www.saint-marcel-27.fr/wp-content/uploads/2025/09/PROCES-VERBAL-SEANCE-DE-CONSEIL-MUNICIPAL-DU-9-AVRIL-2025.pdf,https://www.saint-marcel-27.fr/mairie/,1,Procès-verbal,proces-verbal;conseil-municipal,proces-verbal,True,Saint-Marcel,27562,4512,27
https://www.saint-marcel-27.fr/wp-content/uploads/2025/02/Affiche-CM-250226-affichage-1.pdf,https://www.saint-marcel-27.fr/mairie/,1,Ordre du jour,cm-;-cm,,False,Saint-Marcel,27562,4512,27
https://www.saint-marcel-27.fr/wp-content/uploads/2025/03/Deliberations-CM-26-02-25.pdf,https://www.saint-marcel-27.fr/mairie/,1,Délibérations,deliberation;delib;cm-;-cm,deliberation;delib,True,Saint-Marcel,27562,4512,27
https://www.saint-marcel-27.fr/wp-content/uploads/2025/05/CM250226-Proces-verbal.pdf,https://www.saint-marcel-27.fr/mairie/,1,Procès-verbal,proces-verbal,proces-verbal,True,Saint-Marcel,27562,4512,27
https://www.saint-marcel-27.fr/wp-content/uploads/2025/01/CM241220-Deliberations.pdf,https://www.saint-marcel-27.fr/mairie/,1,Délibérations,deliberation;delib,deliberation;delib,True,Saint-Marcel,27562,4512,27
https://www.saint-marcel-27.fr/wp-content/uploads/2025/03/PV-seance-CM-111224.pdf,https://www.saint-marcel-27.fr/mairie/,1,Procès-verbal,pv-;cm-;-cm,proces-verbal,True,Saint-Marcel,27562,4512,27
https://www.saint-marcel-27.fr/wp-content/uploads/2025/01/CM241211-Deliberations.pdf,https://www.saint-marcel-27.fr/mairie/,1,Délibérations,deliberation;delib,deliberation;delib,True,Saint-Marcel,27562,4512,27
https://www.saint-marcel-27.fr/wp-content/uploads/2025/03/PV-seance-CM-201224.pdf,https://www.saint-marcel-27.fr/mairie/,1,Procès-verbal,pv-;cm-;-cm,proces-verbal,True,Saint-Marcel,27562,4512,27
https://www.saint-marcel-27.fr/wp-content/uploads/2024/12/CM241022-Deliberations.pdf,https://www.saint-marcel-27.fr/mairie/,1,Délibérations,deliberation;delib,deliberation;delib,True,Saint-Marcel,27562,4512,27
https://www.saint-marcel-27.fr/wp-content/uploads/2024/12/CM241022-Proces-verbal.pdf,https://www.saint-marcel-27.fr/mairie/,1,Procès-verbal,proces-verbal,proces-verbal,True,Saint-Marcel,27562,4512,27
https://www.saint-marcel-27.fr/wp-content/uploads/2024/12/CM240925-Deliberations.pdf,https://www.saint-marcel-27.fr/mairie/,1,Délibérations,deliberation;delib,deliberation;delib,True,Saint-Marcel,27562,4512,27
https://www.saint-marcel-27.fr/wp-content/uploads/2024/12/CM240925-Proces-verbal.pdf,https://www.saint-marcel-27.fr/mairie/,1,Procès-verbal,proces-verbal,proces-verbal,True,Saint-Marcel,27562,4512,27
https://www.saint-marcel-27.fr/wp-content/uploads/2024/12/CM240626-Deliberations.pdf,https://www.saint-marcel-27.fr/mairie/,1,Délibérations,deliberation;delib,deliberation;delib,True,Saint-Marcel,27562,4512,27
https://www.saint-marcel-27.fr/wp-content/uploads/2024/12/CM240626-Proces-verbal.pdf,https://www.saint-marcel-27.fr/mairie/,1,Procès-verbal,proces-verbal,proces-verbal,True,Saint-Marcel,27562,4512,27
https://www.saint-marcel-27.fr/wp-content/uploads/2024/12/RAA2023-Deliberations.pdf,https://www.saint-marcel-27.fr/mairie/,1,Recueil des actes administratifs 2023 Délibérations,deliberation;delib,deliberation;delib,True,Saint-Marcel,27562,4512,27
https://www.ville-saint-leonard.fr/wp-content/uploads/2024/02/DELIBERATIONS_CM_08_02_2024.pdf,https://www.ville-saint-leonard.fr/ma-ville/publications,1,délibérations,deliberation;delib,deliberation;delib,True,Saint-Léonard-de-Noblat,87161,4366,87
https://www.ville-saint-leonard.fr/wp-content/uploads/2024/03/PV-CM-du-08-fevrier-2024.pdf,https://www.ville-saint-leonard.fr/ma-ville/publications,1,PV,pv-;cm-;-cm,,False,Saint-Léonard-de-Noblat,87161,4366,87
https://www.ville-saint-leonard.fr/wp-content/uploads/2024/03/DELIBERATIONS-21-03-2024.pdf,https://www.ville-saint-leonard.fr/ma-ville/publications,1,délibérations,deliberation;delib,deliberation;delib,True,Saint-Léonard-de-Noblat,87161,4366,87
https://www.ville-saint-leonard.fr/wp-content/uploads/2023/03/DELIBERATIONS-12-JANVIER.pdf,https://www.ville-saint-leonard.fr/ma-ville/publications,1,délibérations,deliberation;delib,deliberation;delib,True,Saint-Léonard-de-Noblat,87161,4366,87
https://www.ville-saint-leonard.fr/wp-content/uploads/2023/03/PV-CM-12.01.2023.pdf,https://www.ville-saint-leonard.fr/ma-ville/publications,1,PV,pv-;cm-;-cm,,False,Saint-Léonard-de-Noblat,87161,4366,87
https://www.ville-saint-leonard.fr/wp-content/uploads/2023/03/DELIBS-23.03.2023.pdf,https://www.ville-saint-leonard.fr/ma-ville/publications,1,délibérations,delib,deliberation;delib,True,Saint-Léonard-de-Noblat,87161,4366,87
https://www.ville-saint-leonard.fr/wp-content/uploads/2023/07/PV-13042023-signe.pdf,https://www.ville-saint-leonard.fr/ma-ville/publications,1,PV,pv-,,False,Saint-Léonard-de-Noblat,87161,4366,87
https://www.ville-saint-leonard.fr/wp-content/uploads/2023/07/PV-01062023-signe.pdf,https://www.ville-saint-leonard.fr/ma-ville/publications,1,PV,pv-,,False,Saint-Léonard-de-Noblat,87161,4366,87
https://www.ville-saint-leonard.fr/wp-content/uploads/2023/07/DELIBERATIONS_CM_06JUILLET2023.pdf,https://www.ville-saint-leonard.fr/ma-ville/publications,1,délibérations,deliberation;delib,deliberation;delib,True,Saint-Léonard-de-Noblat,87161,4366,87
https://www.ville-saint-leonard.fr/wp-content/uploads/2023/10/PV-CM-06.07.2023-signe.pdf,https://www.ville-saint-leonard.fr/ma-ville/publications,1,PV,pv-;cm-;-cm,,False,Saint-Léonard-de-Noblat,87161,4366,87
https://www.ville-saint-leonard.fr/wp-content/uploads/2023/10/DELIBERATIONS-28.09.23.pdf,https://www.ville-saint-leonard.fr/ma-ville/publications,1,délibérations,deliberation;delib,deliberation;delib,True,Saint-Léonard-de-Noblat,87161,4366,87
https://www.ville-saint-leonard.fr/wp-content/uploads/2023/12/PV-signe-CM-28-septembre-2023.pdf,https://www.ville-saint-leonard.fr/ma-ville/publications,1,PV,pv-;cm-;-cm,,False,Saint-Léonard-de-Noblat,87161,4366,87
https://www.ville-saint-leonard.fr/wp-content/uploads/2023/12/DELIBERATIONS-12-12-2023.pdf,https://www.ville-saint-leonard.fr/ma-ville/publications,1,délibérations,deliberation;delib,deliberation;delib,True,Saint-Léonard-de-Noblat,87161,4366,87
https://www.ville-saint-leonard.fr/wp-content/uploads/2024/02/PV-CM-12.12.2023-signe.pdf,https://www.ville-saint-leonard.fr/ma-ville/publications,1,PV,pv-;cm-;-cm,,False,Saint-Léonard-de-Noblat,87161,4366,87
https://www.ville-saint-leonard.fr/wp-content/uploads/2022/10/DELIBS-29-SEPTEMBRE.pdf,https://www.ville-saint-leonard.fr/ma-ville/publications,1,délibérations,delib,deliberation;delib,True,Saint-Léonard-de-Noblat,87161,4366,87
https://www.ville-saint-leonard.fr/wp-content/uploads/2021/04/CR-du-CM-08.04.2021.pdf,https://www.ville-saint-leonard.fr/ma-ville/publications,1,08 avril 2021,cm-;-cm,,False,Saint-Léonard-de-Noblat,87161,4366,87
https://www.ville-saint-leonard.fr/wp-content/uploads/2022/01/CR-du-CM-du-30.09.2021.pdf,https://www.ville-saint-leonard.fr/ma-ville/publications,1,30 septembre 2021.,cm-;-cm,,False,Saint-Léonard-de-Noblat,87161,4366,87
https://www.ville-saint-leonard.fr/wp-content/uploads/2022/01/CR-du-CM-du-02.12.2021.pdf,https://www.ville-saint-leonard.fr/ma-ville/publications,1,02 décembre 2021,cm-;-cm,,False,Saint-Léonard-de-Noblat,87161,4366,87
https://www.ville-saint-leonard.fr/wp-content/uploads/2022/01/CR-du-CM-du-16.12.2021.pdf,https://www.ville-saint-leonard.fr/ma-ville/publications,1,16 décembre 2021,cm-;-cm,,False,Saint-Léonard-de-Noblat,87161,4366,87
https://www.ville-saint-leonard.fr/wp-content/uploads/2020/10/CR-CM-01-OCTOBRE-2020.pdf,https://www.ville-saint-leonard.fr/ma-ville/publications,1,01 octobre 2020,cm-;-cm,,False,Saint-Léonard-de-Noblat,87161,4366,87
https://www.ville-saint-leonard.fr/wp-content/uploads/2020/12/CR-DU-CM-DU-26.11.2020.pdf,https://www.ville-saint-leonard.fr/ma-ville/publications,1,26 novembre 2020,cm-;-cm,,False,Saint-Léonard-de-Noblat,87161,4366,87
https://www.ville-saint-leonard.fr/wp-content/uploads/2021/01/CR-CM-16-DECEMBRE-2020.pdf,https://www.ville-saint-leonard.fr/ma-ville/publications,1,16 décembre 2020,cm-;-cm,,False,Saint-Léonard-de-Noblat,87161,4366,87
https://vaulx-en-velin.net/wp-content/uploads/2026/07/6-reglement-interieur-du-conseil-municipal.pdf,https://vaulx-en-velin.net/decouvrir/mairie/deliberations/,1,6-reglement-interieur-du-conseil-municipal,conseil-municipal,conseil-municipal,True,Vaulx-en-Velin,69256,53069,69
https://vaulx-en-velin.net/wp-content/uploads/2026/07/6-annexe-reglement-interieur-du-conseil-municipal.pdf,https://vaulx-en-velin.net/decouvrir/mairie/deliberations/,1,6-annexe-reglement-interieur-du-conseil-municipal,conseil-municipal,conseil-municipal,True,Vaulx-en-Velin,69256,53069,69
https://vaulx-en-velin.net/wp-content/uploads/2026/07/21-convention-cci-et-cma.pdf,https://vaulx-en-velin.net/decouvrir/mairie/deliberations/,1,21-convention-cci-et-cma,-cm,-cm,True,Vaulx-en-Velin,69256,53069,69
https://vaulx-en-velin.net/wp-content/uploads/2026/07/21-annexe-convention-cma.pdf,https://vaulx-en-velin.net/decouvrir/mairie/deliberations/,1,21-annexe-convention-cma,-cm,-cm,True,Vaulx-en-Velin,69256,53069,69
https://vaulx-en-velin.net/wp-content/uploads/2026/06/14-ccspl-elections-des-membres-du-conseil-municipal.pdf,https://vaulx-en-velin.net/decouvrir/mairie/deliberations/,1,14-ccspl-elections-des-membres-du-conseil-municipal,conseil-municipal,conseil-municipal,True,Vaulx-en-Velin,69256,53069,69
https://vaulx-en-velin.net/wp-content/uploads/2026/06/deliberation-election-senatoriales-v-del-260605-01-de-1-1-1.pdf,https://vaulx-en-velin.net/decouvrir/mairie/deliberations/,1,deliberation-election-senatoriales-v-del-260605-01-de-1-1-1,deliberation;delib,deliberation;delib,True,Vaulx-en-Velin,69256,53069,69
https://vaulx-en-velin.net/wp-content/uploads/2026/04/1-delegation-d-attributions-du-cm-au-maire.pdf,https://vaulx-en-velin.net/decouvrir/mairie/deliberations/,1,1-delegation-d-attributions-du-cm-au-maire,cm-;-cm,cm-;-cm,True,Vaulx-en-Velin,69256,53069,69
https://vaulx-en-velin.net/wp-content/uploads/2026/02/25-consultation-du-cm-sur-le-projet-augmentation-niveau-protection-digue.pdf,https://vaulx-en-velin.net/decouvrir/mairie/deliberations/,1,25-consultation-du-cm-sur-le-projet-augmentation-niveau-protection-digue,cm-;-cm,cm-;-cm,True,Vaulx-en-Velin,69256,53069,69
https://vaulx-en-velin.net/wp-content/uploads/2025/07/10-modification-de-la-deliberation-n13-du-21-novembre-2024.pdf,https://vaulx-en-velin.net/decouvrir/mairie/deliberations/,1,10-modification-de-la-deliberation-n13-du-21-novembre-2024,deliberation;delib,deliberation;delib,True,Vaulx-en-Velin,69256,53069,69
https://vaulx-en-velin.net/wp-content/uploads/2025/07/11-modification-de-la-deliberation-n-27-du-18-decembre-2024.pdf,https://vaulx-en-velin.net/decouvrir/mairie/deliberations/,1,11-modification-de-la-deliberation-n-27-du-18-decembre-2024,deliberation;delib,deliberation;delib,True,Vaulx-en-Velin,69256,53069,69
https://vaulx-en-velin.net/wp-content/uploads/2025/07/23-modification-de-la-deliberation-n-26-du-18-decembre-2024.pdf,https://vaulx-en-velin.net/decouvrir/mairie/deliberations/,1,23-modification-de-la-deliberation-n-26-du-18-decembre-2024,deliberation;delib,deliberation;delib,True,Vaulx-en-Velin,69256,53069,69
https://vaulx-en-velin.net/wp-content/uploads/2024/10/6-deliberation-pour-l-attribution-des-marches-de-travaux-ville-campus.pdf,https://vaulx-en-velin.net/decouvrir/mairie/deliberations/,1,6-deliberation-pour-l-attribution-des-marches-de-travaux-ville-campus,deliberation;delib,deliberation;delib,True,Vaulx-en-Velin,69256,53069,69
https://vaulx-en-velin.net/wp-content/uploads/2024/10/12-conventions-cma-et-cci.pdf,https://vaulx-en-velin.net/decouvrir/mairie/deliberations/,1,12-conventions-cma-et-cci,-cm,-cm,True,Vaulx-en-Velin,69256,53069,69
https://vaulx-en-velin.net/wp-content/uploads/2024/10/33-reglement-interieur-du-conseil-municipal-modification.pdf,https://vaulx-en-velin.net/decouvrir/mairie/deliberations/,1,33-reglement-interieur-du-conseil-municipal-modification,conseil-municipal,conseil-municipal,True,Vaulx-en-Velin,69256,53069,69
https://vaulx-en-velin.net/wp-content/uploads/2022/12/liste-deliberations-conseil-municipal-vaulx-en-velin-15-decembre-2022.pdf,https://vaulx-en-velin.net/decouvrir/mairie/deliberations/,1,Liste des délibérations adoptées,deliberation;delib;conseil-municipal,deliberation;delib,True,Vaulx-en-Velin,69256,53069,69
https://vaulx-en-velin.net/wp-content/uploads/2022/11/18-delegations-attributions-conseil-municipal-madame-la-maire.pdf,https://vaulx-en-velin.net/decouvrir/mairie/deliberations/,1,18-delegations-attributions-conseil-municipal-madame-la-maire,conseil-municipal,conseil-municipal,True,Vaulx-en-Velin,69256,53069,69
https://vaulx-en-velin.net/wp-content/uploads/2022/10/liste-deliberations-cm-du-06-octobre-2022.pdf,https://vaulx-en-velin.net/decouvrir/mairie/deliberations/,1,Liste des déliberations du conseil municipal du 6 octobre 2022,deliberation;delib;cm-;-cm,deliberation;delib;conseil municipal,True,Vaulx-en-Velin,69256,53069,69
https://vaulx-en-velin.net/wp-content/uploads/2022/10/6-dcsignation-d-un-membre-du-cm-au-sein-de-la-commission-perm-dev-urbain-et-economie.pdf,https://vaulx-en-velin.net/decouvrir/mairie/deliberations/,1,6-dcsignation-d-un-membre-du-cm-au-sein-de-la-commission-perm-dev-urbain-et-economie,cm-;-cm,cm-;-cm,True,Vaulx-en-Velin,69256,53069,69
https://vaulx-en-velin.net/wp-content/uploads/2021/09/01-designation-des-representants-du-cm-gs-katherine-johnson.pdf,https://vaulx-en-velin.net/decouvrir/mairie/deliberations/,1,01-designation-des-representants-du-cm-gs-katherine-johnson,cm-;-cm,cm-;-cm,True,Vaulx-en-Velin,69256,53069,69
https://vaulx-en-velin.net/wp-content/uploads/2021/09/23-abrogation-deliberation-25-mars-2021-denonciation-du-protocole-casc.pdf,https://vaulx-en-velin.net/decouvrir/mairie/deliberations/,1,23-abrogation-deliberation-25-mars-2021-denonciation-du-protocole-casc,deliberation;delib,deliberation;delib,True,Vaulx-en-Velin,69256,53069,69
https://vaulx-en-velin.net/wp-content/uploads/2021/04/02_-_deliberation_modificative_d_octroi_d_une_garantie_d_emprunt_a_dynacite.pdf,https://vaulx-en-velin.net/decouvrir/mairie/deliberations/,1,02_-_deliberation_modificative_d_octroi_d_une_garantie_d_emprunt_a_dynacite,deliberation;delib,deliberation;delib,True,Vaulx-en-Velin,69256,53069,69
https://vaulx-en-velin.net/wp-content/uploads/2020/12/9-reglement_interieur_du_conseil_municipal.pdf,https://vaulx-en-velin.net/decouvrir/mairie/deliberations/,1,9-reglement_interieur_du_conseil_municipal,conseil_municipal,conseil_municipal,True,Vaulx-en-Velin,69256,53069,69
https://vaulx-en-velin.net/wp-content/uploads/2020/12/10-designation_des_membres_des_commissions_composees_au_sein_du_conseil_municipal.pdf,https://vaulx-en-velin.net/decouvrir/mairie/deliberations/,1,10-designation_des_membres_des_commissions_composees_au_sein_du_conseil_municipal,conseil_municipal,conseil_municipal,True,Vaulx-en-Velin,69256,53069,69
https://vaulx-en-velin.net/wp-content/uploads/2020/07/15-designation-representants-conseil-municipal-au-sein-des-syndicats-intercommunaux.pdf,https://vaulx-en-velin.net/decouvrir/mairie/deliberations/,1,15-designation-representants-conseil-municipal-au-sein-des-syndicats-intercommunaux,conseil-municipal,conseil-municipal,True,Vaulx-en-Velin,69256,53069,69
https://vaulx-en-velin.net/wp-content/uploads/2020/06/1_modalites_organisation_seances_conseil_municipal_visioconference.pdf,https://vaulx-en-velin.net/decouvrir/mairie/deliberations/,1,1 – Modalités d’organisation des séances du conseil municipal en visioconférence,conseil_municipal,conseil municipal,True,Vaulx-en-Velin,69256,53069,69
https://vaulx-en-velin.net/wp-content/uploads/2020/05/rapport_numero_2_communication_madame_la_maire_cm_conseil_municipal_20_mai_2020.pdf,https://vaulx-en-velin.net/decouvrir/mairie/deliberations/,1,Rapport n°2 – Communication de Madame la Maire – Conseil Municipal du 20 mai 2020,conseil_municipal,conseil municipal,True,Vaulx-en-Velin,69256,53069,69
https://vaulx-en-velin.net/wp-content/uploads/2019/07/19.06.0646_correctif_de_la_deliberation_sur_le_renouvellement_de_la_garantie_d_emprunt_par_sa_g_rosset.pdf,https://vaulx-en-velin.net/decouvrir/mairie/deliberations/,1,19.06.0646_correctif_de_la_deliberation_sur_le_renouvellement_de_la_garantie_d_emprunt_par_sa_g_rosset,deliberation;delib,deliberation;delib,True,Vaulx-en-Velin,69256,53069,69
https://vaulx-en-velin.net/wp-content/uploads/2020/12/18.11.1041_designations_des_elus_du_conseil_municipal.pdf,https://vaulx-en-velin.net/decouvrir/mairie/deliberations/,1,18.11.1041_designations_des_elus_du_conseil_municipal,conseil_municipal,conseil_municipal,True,Vaulx-en-Velin,69256,53069,69
https://vaulx-en-velin.net/wp-content/uploads/2020/12/18.06.0976_designations_des_representants_du_conseil_municipal.pdf,https://vaulx-en-velin.net/decouvrir/mairie/deliberations/,1,18.06.0976_designations_des_representants_du_conseil_municipal,conseil_municipal,conseil_municipal,True,Vaulx-en-Velin,69256,53069,69
https://vaulx-en-velin.net/wp-content/uploads/2020/12/18.05.0918_adhesion_au_contrat_cadre_titres_restaurants_du_cdg_69_annule_et_remplace_les_deliberations.pdf,https://vaulx-en-velin.net/decouvrir/mairie/deliberations/,1,18.05.0918_adhesion_au_contrat_cadre_titres_restaurants_du_cdg_69_annule_et_remplace_les_deliberations,deliberation;delib,deliberation;delib,True,Vaulx-en-Velin,69256,53069,69
https://vaulx-en-velin.net/wp-content/uploads/2021/01/17.09.0807_modification_deliberation_npour_centC2pour_centB016.06.0575_relative_garantie_d_emprunt_accordee_a_adoma.pdf,https://vaulx-en-velin.net/decouvrir/mairie/deliberations/,1,17.09.0807_modification_deliberation_npour_centC2pour_centB016.06.0575_relative_garantie_d_emprunt_accordee_a_adoma,deliberation;delib,deliberation;delib,True,Vaulx-en-Velin,69256,53069,69
https://vaulx-en-velin.net/wp-content/uploads/2020/12/17.07.0781_delegations_consenties_au_maire_par_le_conseil_municipal.pdf,https://vaulx-en-velin.net/decouvrir/mairie/deliberations/,1,17.07.0781_delegations_consenties_au_maire_par_le_conseil_municipal,conseil_municipal,conseil_municipal,True,Vaulx-en-Velin,69256,53069,69
https://vaulx-en-velin.net/wp-content/uploads/2020/12/17.05.0726_dotation_politique_de_la_ville_dpv_2017.pdf,https://vaulx-en-velin.net/decouvrir/mairie/deliberations/,1,17.05.0726_dotation_politique_de_la_ville_dpv_2017,pv_,pv_,True,Vaulx-en-Velin,69256,53069,69
https://vaulx-en-velin.net/wp-content/uploads/2020/12/17.05.0726_dpv_2017_re.pdf,https://vaulx-en-velin.net/decouvrir/mairie/deliberations/,1,17.05.0726_dpv_2017_re,pv_,pv_,True,Vaulx-en-Velin,69256,53069,69
https://vaulx-en-velin.net/wp-content/uploads/2021/02/16.06.0580_deliberation_acquisition_terrain_angle_rue_du_rail_et_rue_moissonnier.pdf,https://vaulx-en-velin.net/decouvrir/mairie/deliberations/,1,16.06.0580_deliberation_acquisition_terrain_angle_rue_du_rail_et_rue_moissonnier,deliberation;delib,deliberation;delib,True,Vaulx-en-Velin,69256,53069,69
https://vaulx-en-velin.net/wp-content/uploads/2021/02/16.04_delib_ca_croizat.pdf,https://vaulx-en-velin.net/decouvrir/mairie/deliberations/,1,16.04_delib_ca_croizat,delib,delib,True,Vaulx-en-Velin,69256,53069,69
https://vaulx-en-velin.net/wp-content/uploads/2021/02/16.04_delib_ca_ssiad.pdf,https://vaulx-en-velin.net/decouvrir/mairie/deliberations/,1,16.04_delib_ca_ssiad,delib,delib,True,Vaulx-en-Velin,69256,53069,69
https://vaulx-en-velin.net/wp-content/uploads/2021/02/16.04_delib_cg_croizat.pdf,https://vaulx-en-velin.net/decouvrir/mairie/deliberations/,1,16.04_delib_cg_croizat,delib,delib,True,Vaulx-en-Velin,69256,53069,69
https://vaulx-en-velin.net/wp-content/uploads/2021/02/16.04_deliberation_cg_ssiad.pdf,https://vaulx-en-velin.net/decouvrir/mairie/deliberations/,1,16.04_deliberation_cg_ssiad,deliberation;delib,deliberation;delib,True,Vaulx-en-Velin,69256,53069,69
https://vaulx-en-velin.net/wp-content/uploads/2021/02/16.04.0520_modification_du_reglement_interieur_du_conseil_municipal.pdf,https://vaulx-en-velin.net/decouvrir/mairie/deliberations/,1,16.04.0520_modification_du_reglement_interieur_du_conseil_municipal,conseil_municipal,conseil_municipal,True,Vaulx-en-Velin,69256,53069,69
https://vaulx-en-velin.net/wp-content/uploads/2021/02/16.03.0490_delegations_consenties_au_maire_par_le_conseil_municipal.pdf,https://vaulx-en-velin.net/decouvrir/mairie/deliberations/,1,16.03.0490_delegations_consenties_au_maire_par_le_conseil_municipal,conseil_municipal,conseil_municipal,True,Vaulx-en-Velin,69256,53069,69
https://vaulx-en-velin.net/wp-content/uploads/2021/05/15.09.0357-designation-representant-du-conseil-municipal-conseil-ecole-gs-beauverie.pdf,https://vaulx-en-velin.net/decouvrir/mairie/deliberations/,1,15.09.0357-designation-representant-du-conseil-municipal-conseil-ecole-gs-beauverie,conseil-municipal,conseil-municipal,True,Vaulx-en-Velin,69256,53069,69
https://vaulx-en-velin.net/wp-content/uploads/2021/05/14.11.0191-reconduction-du-dispositif-gpv-et-des-postesde-charges-de-developpement.pdf,https://vaulx-en-velin.net/decouvrir/mairie/deliberations/,1,14.11.0191-reconduction-du-dispositif-gpv-et-des-postesde-charges-de-developpement,pv-,pv-,True,Vaulx-en-Velin,69256,53069,69
https://vaulx-en-velin.net/wp-content/uploads/2021/05/14.10.0179-designation-1-representant-du-cm-appele-a-sieger-au-sein-du-conseil-syndical-de-l-asso.-d-irrigation.pdf,https://vaulx-en-velin.net/decouvrir/mairie/deliberations/,1,14.10.0179-designation-1-representant-du-cm-appele-a-sieger-au-sein-du-conseil-syndical-de-l-asso.-d-irrigation,cm-;-cm,cm-;-cm,True,Vaulx-en-Velin,69256,53069,69
https://vaulx-en-velin.net/wp-content/uploads/2021/05/14.10.0148-desig.-d-un-representant-du-cm-appele-a-sieger-au-sein-du-ca-et-aux-ag-de-la-saiem.pdf,https://vaulx-en-velin.net/decouvrir/mairie/deliberations/,1,14.10.0148-desig.-d-un-representant-du-cm-appele-a-sieger-au-sein-du-ca-et-aux-ag-de-la-saiem,cm-;-cm,cm-;-cm,True,Vaulx-en-Velin,69256,53069,69
https://vaulx-en-velin.net/wp-content/uploads/2021/05/14.10.0149-desig.-d-un-representant-du-cm-appele-a-sieger-au-sein-du-comite-directeur-de-l-asso.-maires-du-rhone.pdf,https://vaulx-en-velin.net/decouvrir/mairie/deliberations/,1,14.10.0149-desig.-d-un-representant-du-cm-appele-a-sieger-au-sein-du-comite-directeur-de-l-asso.-maires-du-rhone,cm-;-cm,cm-;-cm,True,Vaulx-en-Velin,69256,53069,69
https://vaulx-en-velin.net/wp-content/uploads/2021/05/14.10.0150-desig.-de-representants-du-cm-appeles-a-sieger-au-sein-de-ag-et-l-assemblee-speciale-de-la-spl.pdf,https://vaulx-en-velin.net/decouvrir/mairie/deliberations/,1,14.10.0150-desig.-de-representants-du-cm-appeles-a-sieger-au-sein-de-ag-et-l-assemblee-speciale-de-la-spl,cm-;-cm,cm-;-cm,True,Vaulx-en-Velin,69256,53069,69
https://vaulx-en-velin.net/wp-content/uploads/2021/05/14-07-0116-designation-d-un-representant-supple.-du-cm-au-sein-commission-locale.pdf,https://vaulx-en-velin.net/decouvrir/mairie/deliberations/,1,14-07-0116-designation-d-un-representant-supple.-du-cm-au-sein-commission-locale,cm-;-cm,cm-;-cm,True,Vaulx-en-Velin,69256,53069,69
https://vaulx-en-velin.net/wp-content/uploads/2021/05/14.06.0107-designation-representants-du-cm-au-sein-de-la-commission-locale-des-transferts-de-charges.pdf,https://vaulx-en-velin.net/decouvrir/mairie/deliberations/,1,14.06.0107-designation-representants-du-cm-au-sein-de-la-commission-locale-des-transferts-de-charges,cm-;-cm,cm-;-cm,True,Vaulx-en-Velin,69256,53069,69
https://vaulx-en-velin.net/wp-content/uploads/2021/05/14.06.0061-retrait-deliberation-autorisant-signature-contrat-d-affermage-de-la-mff.pdf,https://vaulx-en-velin.net/decouvrir/mairie/deliberations/,1,14.06.0061-retrait-deliberation-autorisant-signature-contrat-d-affermage-de-la-mff,deliberation;delib,deliberation;delib,True,Vaulx-en-Velin,69256,53069,69
https://vaulx-en-velin.net/wp-content/uploads/2021/05/14.06.0065-designation-d-un-representant-du-conseil-municipal-en-chage-des-questions-de-defense-a-vlx.pdf,https://vaulx-en-velin.net/decouvrir/mairie/deliberations/,1,14.06.0065-designation-d-un-representant-du-conseil-municipal-en-chage-des-questions-de-defense-a-vlx,conseil-municipal,conseil-municipal,True,Vaulx-en-Velin,69256,53069,69
https://vaulx-en-velin.net/wp-content/uploads/2021/05/14.06.0066-designation-representants-conseil-municipal-a-la-commission-des-marches-forains.pdf,https://vaulx-en-velin.net/decouvrir/mairie/deliberations/,1,14.06.0066-designation-representants-conseil-municipal-a-la-commission-des-marches-forains,conseil-municipal,conseil-municipal,True,Vaulx-en-Velin,69256,53069,69
https://vaulx-en-velin.net/wp-content/uploads/2021/05/14.06.0067-designation-representants-conseil-municipal-appeles-a-sieger-au-sein-des-conseils-d-ecoles.pdf,https://vaulx-en-velin.net/decouvrir/mairie/deliberations/,1,14.06.0067-designation-representants-conseil-municipal-appeles-a-sieger-au-sein-des-conseils-d-ecoles,conseil-municipal,conseil-municipal,True,Vaulx-en-Velin,69256,53069,69
https://vaulx-en-velin.net/wp-content/uploads/2021/05/14.06.0072-reglement-interieur-du-conseil-municipal.pdf,https://vaulx-en-velin.net/decouvrir/mairie/deliberations/,1,14.06.0072-reglement-interieur-du-conseil-municipal,conseil-municipal,conseil-municipal,True,Vaulx-en-Velin,69256,53069,69
https://vaulx-en-velin.net/wp-content/uploads/2021/05/14.06.0073-creation-commissions-permanentes-du-conseil-municipal-designation-des-membres.pdf,https://vaulx-en-velin.net/decouvrir/mairie/deliberations/,1,14.06.0073-creation-commissions-permanentes-du-conseil-municipal-designation-des-membres,conseil-municipal,conseil-municipal,True,Vaulx-en-Velin,69256,53069,69
https://vaulx-en-velin.net/wp-content/uploads/2021/05/14.04.0031-designation-des-representants-du-conseil-municipal-au-sein-des-associations.pdf,https://vaulx-en-velin.net/decouvrir/mairie/deliberations/,1,14.04.0031-designation-des-representants-du-conseil-municipal-au-sein-des-associations,conseil-municipal,conseil-municipal,True,Vaulx-en-Velin,69256,53069,69
https://vaulx-en-velin.net/wp-content/uploads/2021/05/14.04.0032-designation-representants-du-conseil-municipal-au-sein-de-differents-organismes.pdf,https://vaulx-en-velin.net/decouvrir/mairie/deliberations/,1,14.04.0032-designation-representants-du-conseil-municipal-au-sein-de-differents-organismes,conseil-municipal,conseil-municipal,True,Vaulx-en-Velin,69256,53069,69
https://vaulx-en-velin.net/wp-content/uploads/2021/05/14.04.0033-designation-des-representants-du-conseil-municipal-au-sein-des-centres-sociaux.pdf,https://vaulx-en-velin.net/decouvrir/mairie/deliberations/,1,14.04.0033-designation-des-representants-du-conseil-municipal-au-sein-des-centres-sociaux,conseil-municipal,conseil-municipal,True,Vaulx-en-Velin,69256,53069,69
https://vaulx-en-velin.net/wp-content/uploads/2021/05/14.04.0034-designation-des-representants-du-conseil-municipal-au-sein-des-colleges-et-lycees.pdf,https://vaulx-en-velin.net/decouvrir/mairie/deliberations/,1,14.04.0034-designation-des-representants-du-conseil-municipal-au-sein-des-colleges-et-lycees,conseil-municipal,conseil-municipal,True,Vaulx-en-Velin,69256,53069,69
https://vaulx-en-velin.net/wp-content/uploads/2021/05/14.04.0035-designation-representants-du-conseil-municipal-au-sein-des-syndicats-intercommunaux.pdf,https://vaulx-en-velin.net/decouvrir/mairie/deliberations/,1,14.04.0035-designation-representants-du-conseil-municipal-au-sein-des-syndicats-intercommunaux,conseil-municipal,conseil-municipal,True,Vaulx-en-Velin,69256,53069,69
https://vaulx-en-velin.net/wp-content/uploads/2021/05/14.04.0036-designation-des-representants-du-conseil-municipal-au-sein-du-ccas.pdf,https://vaulx-en-velin.net/decouvrir/mairie/deliberations/,1,14.04.0036-designation-des-representants-du-conseil-municipal-au-sein-du-ccas,conseil-municipal,conseil-municipal,True,Vaulx-en-Velin,69256,53069,69
https://vaulx-en-velin.net/wp-content/uploads/2021/05/14.04.0037-designation-des-representants-du-conseil-municipal-au-sein-regie-vaulx-en-velin.com_.pdf,https://vaulx-en-velin.net/decouvrir/mairie/deliberations/,1,14.04.0037-designation-des-representants-du-conseil-municipal-au-sein-regie-vaulx-en-velin.com,conseil-municipal,conseil-municipal,True,Vaulx-en-Velin,69256,53069,69
https://vaulx-en-velin.net/wp-content/uploads/2021/05/14.04.0038-designation-des-representants-du-conseil-municipal-au-sein-de-commissions-externes.pdf,https://vaulx-en-velin.net/decouvrir/mairie/deliberations/,1,14.04.0038-designation-des-representants-du-conseil-municipal-au-sein-de-commissions-externes,conseil-municipal,conseil-municipal,True,Vaulx-en-Velin,69256,53069,69
https://vaulx-en-velin.net/wp-content/uploads/2021/05/14.04.0039-designation-des-representants-du-conseil-municipal-au-sein-de-la-saiem.pdf,https://vaulx-en-velin.net/decouvrir/mairie/deliberations/,1,14.04.0039-designation-des-representants-du-conseil-municipal-au-sein-de-la-saiem,conseil-municipal,conseil-municipal,True,Vaulx-en-Velin,69256,53069,69
https://vaulx-en-velin.net/wp-content/uploads/2021/05/14.04.0040-designation-des-representants-du-conseil-municipal-au-sein-de-la-sempat-du-grand-lyon.pdf,https://vaulx-en-velin.net/decouvrir/mairie/deliberations/,1,14.04.0040-designation-des-representants-du-conseil-municipal-au-sein-de-la-sempat-du-grand-lyon,conseil-municipal,conseil-municipal,True,Vaulx-en-Velin,69256,53069,69
https://vaulx-en-velin.net/wp-content/uploads/2021/05/pv-election-5-avril-2014-maire-et-adjoints.doc.pdf,https://vaulx-en-velin.net/decouvrir/mairie/deliberations/,1,pv-election-5-avril-2014-maire-et-adjoints.doc,pv-,pv-,True,Vaulx-en-Velin,69256,53069,69
https://www.longuyon.fr/dynamic/documents/urbanisme/delib_plu_ms_approbation_01072020.pdf,https://www.longuyon.fr/Votre-Mairie/Urbanisme.html,1,Délibération d’approbation du Conseil Municipal de LONGUYON avec en lien le document ci-joint nommé DELIB_PLU_MS_APPROBA,delib,deliberation;delib;conseil municipal,True,Longuyon,54322,5134,54
https://www.longuyon.fr/dynamic/documents/urbanisme/deliberation_plu.pdf,https://www.longuyon.fr/Votre-Mairie/Urbanisme.html,1,Délibérations du Conseil Municipal du 10 novembre 2017,deliberation;delib,deliberation;delib;conseil municipal,True,Longuyon,54322,5134,54
https://www.longuyon.fr/dynamic/documents/urbanisme/cr_rp1_20_06_2019.pdf,https://www.longuyon.fr/Votre-Mairie/Urbanisme.html,1,Compte-rendu de la réunion publique du 20 juin 2019,,compte-rendu,False,Longuyon,54322,5134,54
https://www.seloncourt.fr/IMG/pdf/2026/07/doc_6a6849273c92d.pdf,https://www.seloncourt.fr/-deliberations-du-conseil-municipal-85-,2,LISTE DES DELIBERATIONS CM DU 27 JUILLET 2026,,deliberation;delib,False,Seloncourt,25539,5854,25
https://www.seloncourt.fr/IMG/pdf/2026/06/doc_6a3bc73ec978f.pdf,https://www.seloncourt.fr/-deliberations-du-conseil-municipal-85-,2,PV DESIGNATION DES DELEGUES ET SUPPLEANTS DU CM,,pv ,False,Seloncourt,25539,5854,25
https://www.seloncourt.fr/IMG/pdf/2026/06/doc_6a3bc658505f7.pdf,https://www.seloncourt.fr/-deliberations-du-conseil-municipal-85-,2,PV CM DU 05 JUIN 2026,,pv ,False,Seloncourt,25539,5854,25
https://www.seloncourt.fr/IMG/pdf/2026/06/doc_6a32b3a22f83d.pdf,https://www.seloncourt.fr/-deliberations-du-conseil-municipal-85-,2,LISTE DELIBERATIONS CM DU 16 JUIN 2026,,deliberation;delib,False,Seloncourt,25539,5854,25
https://www.seloncourt.fr/IMG/pdf/2026/04/doc_69f06813105a0.pdf,https://www.seloncourt.fr/-deliberations-du-conseil-municipal-85-,2,LISTE DELIBERATIONS CM DU 27 AVRIL 2026,,deliberation;delib,False,Seloncourt,25539,5854,25
https://www.seloncourt.fr/IMG/pdf/2026/04/doc_69cfc4d6603e3.pdf,https://www.seloncourt.fr/-deliberations-du-conseil-municipal-85-,2,LISTE DELIBERATIONS CM DU 2 AVRIL 2026,,deliberation;delib,False,Seloncourt,25539,5854,25
https://www.seloncourt.fr/IMG/pdf/2026/03/doc_69c11a9c88ab2.pdf,https://www.seloncourt.fr/-deliberations-du-conseil-municipal-85-,2,PV CM DU 10 MARS 2026,,pv ,False,Seloncourt,25539,5854,25
https://www.ville-grabels.fr/cms_viewFile.php?idtf=237787&path=Affichage-Exterieur-CM.pdf,https://www.ville-grabels.fr/17595-conseils-municipaux.htm,1,Télécharger l'ordre du jour en pdf,-cm,,False,Grabels,34116,9092,34
https://www.ville-grabels.fr/cms_viewFile.php?idtf=234759&path=Affichage-Exterieur-CM.pdf,https://www.ville-grabels.fr/17595-conseils-municipaux.htm,1,Télécharger l'ordre du jour en PDF.,-cm,,False,Grabels,34116,9092,34
https://www.ville-grabels.fr/cms_viewFile.php?idtf=233979&path=Affichage-Exterieur-CM.pdf,https://www.ville-grabels.fr/17595-conseils-municipaux.htm,1,Télécharger l'ordre du jour en pdf.,-cm,,False,Grabels,34116,9092,34
https://www.ville-grabels.fr/cms_viewFile.php?idtf=230863&path=Affichage-Exterieur-CM.pdf,https://www.ville-grabels.fr/17595-conseils-municipaux.htm,1,Télécharger l'ordre du jour en pdf,-cm,,False,Grabels,34116,9092,34
https://www.ville-grabels.fr/cms_viewFile.php?idtf=228842&path=Affichage-Exterieur-CM.pdf,https://www.ville-grabels.fr/17595-conseils-municipaux.htm,1,télécharger l'ordre du jour en pdf,-cm,,False,Grabels,34116,9092,34
https://www.ville-grabels.fr/cms_viewFile.php?idtf=228329&path=Proces-verbal-de-proclamation-d-elus-suite-aux-demissions-de-conseillers.pdf,https://www.ville-grabels.fr/17595-conseils-municipaux.htm,1,Procès-verbal de proclamation d'élus suite aux démissions de conseillers,proces-verbal,proces-verbal,True,Grabels,34116,9092,34
https://www.ville-grabels.fr/cms_viewFile.php?idtf=227887&path=affichage-exterieur-apres-CM.pdf,https://www.ville-grabels.fr/17595-conseils-municipaux.htm,1,télécharger la liste des délibérations examinées en séance du vendredi 22 mars 2026,-cm,deliberation;delib;seance du,True,Grabels,34116,9092,34
https://www.ville-grabels.fr/cms_viewFile.php?idtf=226097&path=Affichage-Exterieur-CM.pdf,https://www.ville-grabels.fr/17595-conseils-municipaux.htm,1,l'ordre du jour,-cm,,False,Grabels,34116,9092,34
https://www.ville-grabels.fr/cms_viewFile.php?idtf=217217&path=affichage-exterieur-apres-CM.pdf,https://www.ville-grabels.fr/17595-conseils-municipaux.htm,1,Retrouver la liste en pdf ici,-cm,,False,Grabels,34116,9092,34
https://www.ville-grabels.fr/cms_viewFile.php?idtf=215918&path=Affichage-Exterieur-CM-15-decembre-2025.pdf,https://www.ville-grabels.fr/17595-conseils-municipaux.htm,1,Télécharger l'ordre du jour en pdf,cm-;-cm,,False,Grabels,34116,9092,34
https://www.ville-grabels.fr/cms_viewFile.php?idtf=211455&path=affichage-exterieur-apres-CM.pdf,https://www.ville-grabels.fr/17595-conseils-municipaux.htm,1,Télécharger la liste des délibérations.,-cm,deliberation;delib,True,Grabels,34116,9092,34
https://www.ville-grabels.fr/cms_viewFile.php?idtf=210307&path=Affichage-Exterieur-CM-15-octobre-2025.pdf,https://www.ville-grabels.fr/17595-conseils-municipaux.htm,1,Télécharger l'ordre du jour en PDF,cm-;-cm,,False,Grabels,34116,9092,34
https://www.ville-grabels.fr/cms_viewFile.php?idtf=199637&path=affichage-exterieur-apres-CM.pdf,https://www.ville-grabels.fr/17595-conseils-municipaux.htm,1,Télécharger la liste des délibérations,-cm,deliberation;delib,True,Grabels,34116,9092,34
https://www.ville-grabels.fr/cms_viewFile.php?idtf=198334&path=Affichage-exterieur-CM-23-juin-2025.pdf,https://www.ville-grabels.fr/17595-conseils-municipaux.htm,1,Télécharger l'ordre du jour en PDF,cm-;-cm,,False,Grabels,34116,9092,34
https://www.ville-grabels.fr/cms_viewFile.php?idtf=191855&path=affichage-exterieur-apres-CM.pdf,https://www.ville-grabels.fr/17595-conseils-municipaux.htm,1,Télécharger la liste des délibérations,-cm,deliberation;delib,True,Grabels,34116,9092,34
https://www.ville-grabels.fr/cms_viewFile.php?idtf=189205&path=Affichage-Exterieur-CM-31-mars-2025.pdf,https://www.ville-grabels.fr/17595-conseils-municipaux.htm,1,télécharger l'ordre du jour,cm-;-cm,,False,Grabels,34116,9092,34
https://www.ville-grabels.fr/cms_viewFile.php?idtf=188120&path=PV-Conseil-municipal-16-decembre-2024.pdf,https://www.ville-grabels.fr/17595-conseils-municipaux.htm,1,Télécharger le procès verbal,pv-;conseil-municipal,proces verbal,True,Grabels,34116,9092,34
https://www.ville-grabels.fr/cms_viewFile.php?idtf=184555&path=affichage-exterieur-apres-CM.pdf,https://www.ville-grabels.fr/17595-conseils-municipaux.htm,1,Télécharger la liste des délibérations,-cm,deliberation;delib,True,Grabels,34116,9092,34
https://www.ville-grabels.fr/cms_viewFile.php?idtf=178651&path=affichage-exterieur-apres-CM.pdf,https://www.ville-grabels.fr/17595-conseils-municipaux.htm,1,Télécharger la liste des délibérations,-cm,deliberation;delib,True,Grabels,34116,9092,34
https://www.ville-grabels.fr/cms_viewFile.php?idtf=177320&path=Affichage-Exterieur-CM-16-decembre-2024.pdf,https://www.ville-grabels.fr/17595-conseils-municipaux.htm,1,Téléchargez l'ordre du jour en pdf,cm-;-cm,,False,Grabels,34116,9092,34
https://www.ville-grabels.fr/cms_viewFile.php?idtf=169705&path=ODJ-CM-7.pdf,https://www.ville-grabels.fr/17595-conseils-municipaux.htm,1,Télécharger l'ordre du jour en pdf,cm-;-cm,,False,Grabels,34116,9092,34
https://www.ville-grabels.fr/cms_viewFile.php?idtf=160472&path=Ordre-du-jour-Conseil-municipal-du-Jeudi-11-juillet-2024.pdf,https://www.ville-grabels.fr/17595-conseils-municipaux.htm,1,Télécharger l'ordre du jour en pdf,conseil-municipal,,False,Grabels,34116,9092,34
https://www.ville-grabels.fr/cms_viewFile.php?idtf=146660&path=ODJ-CM-25.pdf,https://www.ville-grabels.fr/17595-conseils-municipaux.htm,1,Télécharger l'ordre du jour,cm-;-cm,,False,Grabels,34116,9092,34
https://www.ville-grabels.fr/cms_viewFile.php?idtf=141119&path=CM-12-01-2024.pdf,https://www.ville-grabels.fr/17595-conseils-municipaux.htm,1,Télécharger l'ordre du jour au format pdf,cm-,,False,Grabels,34116,9092,34
https://www.ville-grabels.fr/cms_viewFile.php?idtf=136028&path=ODJ-CM-18.pdf,https://www.ville-grabels.fr/17595-conseils-municipaux.htm,1,Télécharger l'ordre du jour au format pdf,cm-;-cm,,False,Grabels,34116,9092,34
https://www.ville-grabels.fr/cms_viewFile.php?idtf=128841&path=ODJ-CM-16.pdf,https://www.ville-grabels.fr/17595-conseils-municipaux.htm,1,Télécharger l'ordre du jour en pdf,cm-;-cm,,False,Grabels,34116,9092,34
https://www.ville-grabels.fr/cms_viewFile.php?idtf=124218&path=ORDRE-DU-JOUR-CONSEIL-MUNICIPAL-Lundi-10-juillet-2023-a-18h30.pdf,https://www.ville-grabels.fr/17595-conseils-municipaux.htm,1,Télécharger l'ordre du jour au format pdf,conseil-municipal,,False,Grabels,34116,9092,34
https://www.ville-grabels.fr/cms_viewFile.php?idtf=117863&path=Ordre-du-jour-IDJ-CM-22.pdf,https://www.ville-grabels.fr/17595-conseils-municipaux.htm,1,Téléchargez l'ordre du jour en PDF,cm-;-cm,,False,Grabels,34116,9092,34
https://www.ville-grabels.fr/cms_viewFile.php?idtf=117864&path=ODJ-CM-20.pdf,https://www.ville-grabels.fr/17595-conseils-municipaux.htm,1,Télécharger l'ordre du jour en PDF,cm-;-cm,,False,Grabels,34116,9092,34
https://www.ville-grabels.fr/cms_viewFile.php?idtf=117866&path=ODJ-CM-06.pdf,https://www.ville-grabels.fr/17595-conseils-municipaux.htm,1,Téléchargez l'ordre du jour en PDF,cm-;-cm,,False,Grabels,34116,9092,34
https://www.ville-grabels.fr/cms_viewFile.php?idtf=117870&path=ODJ-CM-12.pdf,https://www.ville-grabels.fr/17595-conseils-municipaux.htm,1,Téléchargez l'ordre du jour en PDF,cm-;-cm,,False,Grabels,34116,9092,34
https://www.ville-grabels.fr/cms_viewFile.php?idtf=117873&path=ODJ-CM-3.pdf,https://www.ville-grabels.fr/17595-conseils-municipaux.htm,1,Téléchargez l'ordre du jour en PDF,cm-;-cm,,False,Grabels,34116,9092,34
https://www.ville-grabels.fr/cms_viewFile.php?idtf=117874&path=ODJ-CM-11.pdf,https://www.ville-grabels.fr/17595-conseils-municipaux.htm,1,Téléchargez l'ordre du jour en PDF,cm-;-cm,,False,Grabels,34116,9092,34
https://www.ville-grabels.fr/cms_viewFile.php?idtf=117876&path=PV-du-CM-du-mardi-08-mars-2022.pdf,https://www.ville-grabels.fr/17595-conseils-municipaux.htm,1,Téléchargez le Procès Verbal du Lundi 28 Mars 2022,pv-;cm-;-cm,proces verbal,True,Grabels,34116,9092,34
https://www.ville-grabels.fr/cms_viewFile.php?idtf=117877&path=Compte-rendu-du-CM-du-lundi-28-mars-2022.pdf,https://www.ville-grabels.fr/17595-conseils-municipaux.htm,1,Compte-rendu du CM du lundi 28 mars 2022,compte-rendu;cm-;-cm,compte-rendu,True,Grabels,34116,9092,34
https://www.ville-grabels.fr/cms_viewFile.php?idtf=117879&path=Annexe-PV-du-lundi-28-mars-n-1.pdf,https://www.ville-grabels.fr/17595-conseils-municipaux.htm,1,Annexe PV du lundi 28 mars 2022 n°1,pv-;-pv,pv ,True,Grabels,34116,9092,34
https://www.ville-grabels.fr/cms_viewFile.php?idtf=117880&path=Annexe-PV-du-lundi-28-mars-2022-n-2.pdf,https://www.ville-grabels.fr/17595-conseils-municipaux.htm,1,Annexe PV du lundi 28 mars 2022 n°2,pv-;-pv,pv ,True,Grabels,34116,9092,34
https://www.ville-grabels.fr/cms_viewFile.php?idtf=117881&path=Annexe-PV-du-lundi-28-mars-2022-n-3.pdf,https://www.ville-grabels.fr/17595-conseils-municipaux.htm,1,Annexe PV du lundi 28 mars 2022 n°3,pv-;-pv,pv ,True,Grabels,34116,9092,34
https://www.ville-grabels.fr/cms_viewFile.php?idtf=117884&path=PV-du-07-fevrier-2022.pdf,https://www.ville-grabels.fr/17595-conseils-municipaux.htm,1,PV du CM du lundi 07 février 2022,pv-,pv ,True,Grabels,34116,9092,34
https://www.ville-grabels.fr/cms_viewFile.php?idtf=117885&path=Annexe-PV-du-07-fevrier-2022-n-1.pdf,https://www.ville-grabels.fr/17595-conseils-municipaux.htm,1,Annexe PV du 07 février 2022 n°1,pv-;-pv,pv ,True,Grabels,34116,9092,34
https://www.ville-grabels.fr/cms_viewFile.php?idtf=117886&path=Annexe-PV-du-07-fevrier-2022-n-1.pdf,https://www.ville-grabels.fr/17595-conseils-municipaux.htm,1,Annexe PV du 07 février 2022 n°2,pv-;-pv,pv ,True,Grabels,34116,9092,34
https://www.ville-grabels.fr/cms_viewFile.php?idtf=117887&path=Annexe-PV-du-07-fevrier-2022-n-3.pdf,https://www.ville-grabels.fr/17595-conseils-municipaux.htm,1,Annexe PV du 07 février 2022 n°3,pv-;-pv,pv ,True,Grabels,34116,9092,34
https://www.ville-grabels.fr/cms_viewFile.php?idtf=117891&path=ODJ-CM-28-mars-2022-18h.pdf,https://www.ville-grabels.fr/17595-conseils-municipaux.htm,1,Téléchargez l'ordre du jour en PDF,cm-;-cm,,False,Grabels,34116,9092,34
https://www.ville-grabels.fr/cms_viewFile.php?idtf=117893&path=Affichage-CM-07-02-2022.pdf,https://www.ville-grabels.fr/17595-conseils-municipaux.htm,1,Téléchargez l'ordre du jour en PDF,cm-;-cm,,False,Grabels,34116,9092,34
https://www.ville-grabels.fr/cms_viewFile.php?idtf=117894&path=ODJ-CM-29.pdf,https://www.ville-grabels.fr/17595-conseils-municipaux.htm,1,Téléchargez l'ordre du jour en PDF,cm-;-cm,,False,Grabels,34116,9092,34
https://www.ville-grabels.fr/cms_viewFile.php?idtf=117896&path=Proces-verbal-du-Conseil-Municipal-du-27-septembre-2021.pdf,https://www.ville-grabels.fr/17595-conseils-municipaux.htm,1,Procès Verbal du Conseil Municipal du 27 septembre 2021,proces-verbal;conseil-municipal,proces verbal;conseil municipal,True,Grabels,34116,9092,34
https://www.ville-grabels.fr/cms_viewFile.php?idtf=117897&path=ordre-du-jour-CM-27-septembre-2021.pdf,https://www.ville-grabels.fr/17595-conseils-municipaux.htm,1,Téléchargez l'ordre du jour en PDF,cm-;-cm,,False,Grabels,34116,9092,34
https://www.ville-grabels.fr/cms_viewFile.php?idtf=117900&path=PV-CM-5.pdf,https://www.ville-grabels.fr/17595-conseils-municipaux.htm,1,Téléchargez le Procès Verbal du Conseil Municipal du 5 juillet 2021,pv-;cm-;-cm,proces verbal;conseil municipal,True,Grabels,34116,9092,34
https://www.ville-grabels.fr/cms_viewFile.php?idtf=117902&path=PV-CM-31.pdf,https://www.ville-grabels.fr/17595-conseils-municipaux.htm,1,Téléchargez le procès verbal du conseil municipal du 31 mai 2021,pv-;cm-;-cm,proces verbal;conseil municipal,True,Grabels,34116,9092,34
https://www.ville-grabels.fr/cms_viewFile.php?idtf=117903&path=Compte-rendu-Conseil-Municipal-31-mai-2021.pdf,https://www.ville-grabels.fr/17595-conseils-municipaux.htm,1,Téléchargez le compte rendu du conseil municipal du 31 mai 2021,compte-rendu;conseil-municipal,compte rendu;conseil municipal,True,Grabels,34116,9092,34
https://www.ville-grabels.fr/cms_viewFile.php?idtf=117905&path=PV-du-29-mars-2021.pdf,https://www.ville-grabels.fr/17595-conseils-municipaux.htm,1,PV du 29 mars 2021,pv-,pv ,True,Grabels,34116,9092,34
https://www.ville-grabels.fr/cms_viewFile.php?idtf=117906&path=Annexe-1-PV-du-29-mars-2021-CA.pdf,https://www.ville-grabels.fr/17595-conseils-municipaux.htm,1,Annexe 1 PV du 29 mars 2021 - CA,pv-;-pv,pv ,True,Grabels,34116,9092,34
https://www.ville-grabels.fr/cms_viewFile.php?idtf=117907&path=Annexe-2-PV-du-29-mars-2021-Prospective-financiere-Pascal-HEYMES-ok.pdf,https://www.ville-grabels.fr/17595-conseils-municipaux.htm,1,Annexe 2 PV du 29 mars 2021 - Prospective financière Pascal HEYMES,pv-;-pv,pv ,True,Grabels,34116,9092,34
https://www.ville-grabels.fr/cms_viewFile.php?idtf=117908&path=Annexe-3-PV-du-29-mars-2021-BUDGET-2021.pdf,https://www.ville-grabels.fr/17595-conseils-municipaux.htm,1,Annexe 3 PV du 29 mars 2021 - BUDGET 2021,pv-;-pv,pv ,True,Grabels,34116,9092,34
https://www.ville-grabels.fr/cms_viewFile.php?idtf=117909&path=A-Grabels-le-mardi-25-mai-2021-ORDRE-DU-JOUR-CONSEIL-MUNICIPAL-Lundi-31-mai-2021-a-18h00-dans-la-salle-Polyvalente-I-Appel-nominatif-des.pdf,https://www.ville-grabels.fr/17595-conseils-municipaux.htm,1,Téléchargez l'ordre du jour en PDF,conseil-municipal,,False,Grabels,34116,9092,34
https://www.ville-grabels.fr/cms_viewFile.php?idtf=117911&path=PV-du-CM-du-08-02-2021.pdf,https://www.ville-grabels.fr/17595-conseils-municipaux.htm,1,PV du CM du lundi 08 février 2021 à 18h00,pv-;cm-;-cm,pv ,True,Grabels,34116,9092,34
https://www.ville-grabels.fr/cms_viewFile.php?idtf=117912&path=Annexe-1-au-PV-du-08-02-2021-BILAN-SERVICES-2020.pdf,https://www.ville-grabels.fr/17595-conseils-municipaux.htm,1,Annexe 1 au PV du 08-02-2021 - BILAN SERVICES 2020 (PDF 1.6 Mo),pv-;-pv,pv ,True,Grabels,34116,9092,34
https://www.ville-grabels.fr/cms_viewFile.php?idtf=117914&path=Annexe-2-au-PV-du-08-02-2021-Presentation-ROB.pdf,https://www.ville-grabels.fr/17595-conseils-municipaux.htm,1,Annexe 2 au PV du 08-02-2021 - BILAN SERVICES 2020 (PDF 6.93 Mo),pv-;-pv,pv ,True,Grabels,34116,9092,34
https://www.ville-grabels.fr/cms_viewFile.php?idtf=117915&path=ODJ-CM-29-03-2121-Modifie-le-mardi-23-mars-2021.pdf,https://www.ville-grabels.fr/17595-conseils-municipaux.htm,1,Téléchargez l'ordre du jour en PDF,cm-;-cm,,False,Grabels,34116,9092,34
https://www.ville-grabels.fr/cms_viewFile.php?idtf=117916&path=ODJ-CM-08.pdf,https://www.ville-grabels.fr/17595-conseils-municipaux.htm,1,Téléchargez l'ordre du jour en PDF,cm-;-cm,,False,Grabels,34116,9092,34
https://www.ville-grabels.fr/cms_viewFile.php?idtf=117918&path=PV-CM-14-decembre-2020.pdf,https://www.ville-grabels.fr/17595-conseils-municipaux.htm,1,Téléchargez le Procès Verbal en PDF,pv-;cm-;-cm,proces verbal,True,Grabels,34116,9092,34
https://www.ville-grabels.fr/cms_viewFile.php?idtf=117919&path=CR-CM-14-12-2020.pdf,https://www.ville-grabels.fr/17595-conseils-municipaux.htm,1,Télécharger le Compte Rendu en PDF,cm-;-cm,compte rendu,True,Grabels,34116,9092,34
https://www.ville-grabels.fr/cms_viewFile.php?idtf=117920&path=Proces-Verbal-du-CM-du-16-novembre-2020.pdf,https://www.ville-grabels.fr/17595-conseils-municipaux.htm,1,Téléchargez le Procès Verbal en PDF,proces-verbal;cm-;-cm,proces verbal,True,Grabels,34116,9092,34
https://www.ville-grabels.fr/cms_viewFile.php?idtf=117921&path=Compte-rendu-16-novembre-2020-18h00.pdf,https://www.ville-grabels.fr/17595-conseils-municipaux.htm,1,Téléchargez le Compte Rendu en PDF,compte-rendu,compte rendu,True,Grabels,34116,9092,34
https://www.ville-grabels.fr/cms_viewFile.php?idtf=117922&path=PV-du-CM-du-28-septembre-2020.pdf,https://www.ville-grabels.fr/17595-conseils-municipaux.htm,1,Téléchargez le Procès Verbal en PDF,pv-;cm-;-cm,proces verbal,True,Grabels,34116,9092,34
https://www.ville-grabels.fr/cms_viewFile.php?idtf=117923&path=Compte-rendu-CM-28-Septembre-2020.pdf,https://www.ville-grabels.fr/17595-conseils-municipaux.htm,1,Télécharger le Compte Rendu en PDF,compte-rendu;cm-;-cm,compte rendu,True,Grabels,34116,9092,34
https://www.ville-grabels.fr/cms_viewFile.php?idtf=117924&path=PV-CM-10.pdf,https://www.ville-grabels.fr/17595-conseils-municipaux.htm,1,Téléchargez le Procès Verbal en PDF,pv-;cm-;-cm,proces verbal,True,Grabels,34116,9092,34
https://www.ville-grabels.fr/cms_viewFile.php?idtf=117925&path=PV-CM-03.pdf,https://www.ville-grabels.fr/17595-conseils-municipaux.htm,1,Téléchargez le Procès Verbal en PDF,pv-;cm-;-cm,proces verbal,True,Grabels,34116,9092,34
https://ville-salazie.fr/wp-content/uploads/2026/07/Af-n.2026-CM-071-Correspondant-defense.pdf,https://ville-salazie.fr/la-mairie/les-assemblees-deliberantes/deliberations-du-conseil-municipal/,1,Af n.2026-CM-071 - Correspondant défense,cm-;-cm,cm-;-cm,True,Salazie,97421,7268,974
https://ville-salazie.fr/wp-content/uploads/2026/07/Af-n.2026-CM-072-Delegue-suppleant-au-SIDELEC.pdf,https://ville-salazie.fr/la-mairie/les-assemblees-deliberantes/deliberations-du-conseil-municipal/,1,Af n.2026-CM-072 - Délégué suppléant au SIDELEC,cm-;-cm,cm-;-cm,True,Salazie,97421,7268,974
https://ville-salazie.fr/wp-content/uploads/2026/07/Af-n.2026-CM-073-SPL-MARAINA-Rapport-2025_compressed-1.pdf,https://ville-salazie.fr/la-mairie/les-assemblees-deliberantes/deliberations-du-conseil-municipal/,1,Af n.2026-CM-073 - SPL MARAINA Rapport 2025,cm-;-cm,cm-;-cm,True,Salazie,97421,7268,974
https://ville-salazie.fr/wp-content/uploads/2026/07/Af-n.2026-CM-074-Creation-5-poste-perm.pdf,https://ville-salazie.fr/la-mairie/les-assemblees-deliberantes/deliberations-du-conseil-municipal/,1,Af n.2026-CM-074 - Création 5 poste perm,cm-;-cm,cm-;-cm,True,Salazie,97421,7268,974
https://ville-salazie.fr/wp-content/uploads/2026/07/Af-n.2026-CM-075-Creation-poste-maitre-nageur-sauveteur.pdf,https://ville-salazie.fr/la-mairie/les-assemblees-deliberantes/deliberations-du-conseil-municipal/,1,Af n.2026-CM-075 - Création poste maitre nageur sauveteur,cm-;-cm,cm-;-cm,True,Salazie,97421,7268,974
https://ville-salazie.fr/wp-content/uploads/2026/07/Af-n.2026-CM-076-MAJ-tableau-des-effectifs.PDF.pdf,https://ville-salazie.fr/la-mairie/les-assemblees-deliberantes/deliberations-du-conseil-municipal/,1,Af n.2026-CM-076 - MAJ tableau des effectifs.PDF,cm-;-cm,cm-;-cm,True,Salazie,97421,7268,974
https://ville-salazie.fr/wp-content/uploads/2026/07/Af-n.2026-CM-077-Recrutement-vacataires-juil-aout2026.pdf,https://ville-salazie.fr/la-mairie/les-assemblees-deliberantes/deliberations-du-conseil-municipal/,1,Af n.2026-CM-077 - Recrutement vacataires juil-aout2026,cm-;-cm,cm-;-cm,True,Salazie,97421,7268,974
https://ville-salazie.fr/wp-content/uploads/2026/07/Af-n.2026-CM-078-Creation-dun-CST-commun.pdf,https://ville-salazie.fr/la-mairie/les-assemblees-deliberantes/deliberations-du-conseil-municipal/,1,Af n.2026-CM-078 - Création d'un CST commun,cm-;-cm,cm-;-cm,True,Salazie,97421,7268,974
https://ville-salazie.fr/wp-content/uploads/2026/07/Af-n.2026-CM-079-Fixation-nbr-representants-du-personnel-au-CST.pdf,https://ville-salazie.fr/la-mairie/les-assemblees-deliberantes/deliberations-du-conseil-municipal/,1,Af n.2026-CM-079 - Fixation nbr représentants du personnel au CST,cm-;-cm,cm-;-cm,True,Salazie,97421,7268,974
https://ville-salazie.fr/wp-content/uploads/2026/07/Af-n.2026-CM-080-CET-regles.pdf,https://ville-salazie.fr/la-mairie/les-assemblees-deliberantes/deliberations-du-conseil-municipal/,1,Af n.2026-CM-080 - CET - règles,cm-;-cm,cm-;-cm,True,Salazie,97421,7268,974
https://ville-salazie.fr/wp-content/uploads/2026/07/Af-n.2026-CM-081-Adhesion-au-service-dun-psychologue-du-travail.pdf,https://ville-salazie.fr/la-mairie/les-assemblees-deliberantes/deliberations-du-conseil-municipal/,1,Af n.2026-CM-081 - Adhésion au service d'un psychologue du travail,cm-;-cm,cm-;-cm,True,Salazie,97421,7268,974
https://ville-salazie.fr/wp-content/uploads/2026/07/Af-n.2026-CM-082-Droit-a-la-formation-des-elus.pdf,https://ville-salazie.fr/la-mairie/les-assemblees-deliberantes/deliberations-du-conseil-municipal/,1,Af n.2026-CM-082 - Droit à la formation des élus,cm-;-cm,cm-;-cm,True,Salazie,97421,7268,974
https://ville-salazie.fr/wp-content/uploads/2026/07/Af-n.2026-CM-083-Opposition-transfert-PLU-a-la-Cirest.PDF.pdf,https://ville-salazie.fr/la-mairie/les-assemblees-deliberantes/deliberations-du-conseil-municipal/,1,Af n.2026-CM-083 - Opposition transfert PLU à la Cirest.PDF,cm-;-cm,cm-;-cm,True,Salazie,97421,7268,974
https://ville-salazie.fr/wp-content/uploads/2026/07/Af-n.2026-CM-084-Mofification-simplifiee-du-PLU.pdf,https://ville-salazie.fr/la-mairie/les-assemblees-deliberantes/deliberations-du-conseil-municipal/,1,Af n.2026-CM-084 - Mofification simplifiée du PLU,cm-;-cm,cm-;-cm,True,Salazie,97421,7268,974
https://ville-salazie.fr/wp-content/uploads/2026/07/Af-n.2026-CM-085-Attribution-subv-a-OGEC.pdf,https://ville-salazie.fr/la-mairie/les-assemblees-deliberantes/deliberations-du-conseil-municipal/,1,Af n.2026-CM-085 - Attribution subv à OGEC,cm-;-cm,cm-;-cm,True,Salazie,97421,7268,974
https://ville-salazie.fr/wp-content/uploads/2026/07/Af-n.2026-CM-086-Demande-financement-FAS-recuperateurs.pdf,https://ville-salazie.fr/la-mairie/les-assemblees-deliberantes/deliberations-du-conseil-municipal/,1,Af n.2026-CM-086 - Demande financement FAS - récupérateurs,cm-;-cm,cm-;-cm,True,Salazie,97421,7268,974
https://ville-salazie.fr/wp-content/uploads/2026/07/Af-n.2026-CM-087-Attrib.-subv-THAI-BOXING-GYM.pdf,https://ville-salazie.fr/la-mairie/les-assemblees-deliberantes/deliberations-du-conseil-municipal/,1,Af n.2026-CM-087 - Attrib. subv THAI BOXING GYM,cm-;-cm,cm-;-cm,True,Salazie,97421,7268,974
https://ville-salazie.fr/wp-content/uploads/2026/07/Af-n.2026-CM-088-Regime-indemitaire-Elus.pdf,https://ville-salazie.fr/la-mairie/les-assemblees-deliberantes/deliberations-du-conseil-municipal/,1,Af n.2026-CM-088 - Régime indemitaire Elus,cm-;-cm,cm-;-cm,True,Salazie,97421,7268,974
https://ville-salazie.fr/wp-content/uploads/2026/07/Af-n.2026-CM-089-Majoration-indemnites-des-elus.pdf,https://ville-salazie.fr/la-mairie/les-assemblees-deliberantes/deliberations-du-conseil-municipal/,1,Af n.2026-CM-089 - Majoration indemnités des élus,cm-;-cm,cm-;-cm,True,Salazie,97421,7268,974
https://ville-salazie.fr/wp-content/uploads/2026/07/Af-n.2026-CM-090-Approb-du-CFU-2025_compressed.pdf,https://ville-salazie.fr/la-mairie/les-assemblees-deliberantes/deliberations-du-conseil-municipal/,1,Af n.2026-CM-090 - Approb du CFU 2025_compressed,cm-;-cm,cm-;-cm,True,Salazie,97421,7268,974
https://ville-salazie.fr/wp-content/uploads/2026/07/Af-n.2026-CM-091-Affectation-du-resultats-du-CFU-2025.pdf,https://ville-salazie.fr/la-mairie/les-assemblees-deliberantes/deliberations-du-conseil-municipal/,1,Af n.2026-CM-091 - Affectation du résultats du CFU 2025,cm-;-cm,cm-;-cm,True,Salazie,97421,7268,974
https://www.ville-argelessurmer.fr/system/files_force/documents/convocation_conseil_municipal_du_samedi_28_mars_2026.pdf?download=1,https://www.ville-argelessurmer.fr/mairie/le-conseil-municipal/les-arretes-municipaux,1,Télécharger,conseil_municipal,,False,Argelès-sur-Mer,66008,10616,66
https://www.ville-argelessurmer.fr/system/files_force/documents/pv_seance_du_28_mars_2026.pdf?download=1,https://www.ville-argelessurmer.fr/mairie/le-conseil-municipal/les-arretes-municipaux,1,Télécharger,pv_,,False,Argelès-sur-Mer,66008,10616,66
https://www.ville-argelessurmer.fr/system/files_force/documents/pv_conseil_municipal_18_decembre_20250001.pdf?download=1,https://www.ville-argelessurmer.fr/mairie/le-conseil-municipal/les-arretes-municipaux,1,Télécharger,pv_;conseil_municipal,,False,Argelès-sur-Mer,66008,10616,66
https://www.ville-argelessurmer.fr/system/files_force/documents/pv_30_octobre_2025_signe.pdf?download=1,https://www.ville-argelessurmer.fr/mairie/le-conseil-municipal/les-arretes-municipaux,1,Télécharger,pv_,,False,Argelès-sur-Mer,66008,10616,66
https://www.holtzheim.alsace/wp-content/uploads/2022/09/DELIBERATIONS-12-MAI-2026.pdf,https://www.holtzheim.alsace/deliberations-du-ccas/,1,DELIBERATIONS-12-MAI-2026.pdf (1 MB),deliberation;delib,deliberation;delib,True,Holtzheim,67212,3850,67
http://www.holtzheim.alsace/wp-content/uploads/2022/09/DELIBERATIONS-05-SEPTEMBRE-2023.pdf,https://www.holtzheim.alsace/deliberations-du-ccas/,1,DELIBERATIONS-05-SEPTEMBRE-2023.pdf (160 KB),deliberation;delib,deliberation;delib,True,Holtzheim,67212,3850,67
http://www.holtzheim.alsace/wp-content/uploads/2022/09/DELIBERATIONS-08-MARS-2023.pdf,https://www.holtzheim.alsace/deliberations-du-ccas/,1,DELIBERATIONS-08-MARS-2023.pdf (824 KB),deliberation;delib,deliberation;delib,True,Holtzheim,67212,3850,67
http://www.holtzheim.alsace/wp-content/uploads/2022/09/DELIBERATIONS-19-OCTOBRE-2022.pdf,https://www.holtzheim.alsace/deliberations-du-ccas/,1,DELIBERATIONS-19-OCTOBRE-2022.pdf (1 MB),deliberation;delib,deliberation;delib,True,Holtzheim,67212,3850,67
https://www.holtzheim.alsace/wp-content/uploads/2022/09/DELIBERATIONS-01-JUILLET-2026-points-1-à-23.pdf,https://www.holtzheim.alsace/deliberations-du-conseil-municipal-2/,1,DELIBERATIONS-01-JUILLET-2026-points-1-à-23.pdf (4 MB),deliberation;delib,deliberation;delib,True,Holtzheim,67212,3850,67
https://www.holtzheim.alsace/wp-content/uploads/2022/09/Liste-des-deliberations-du-01-juillet-2026.pdf,https://www.holtzheim.alsace/deliberations-du-conseil-municipal-2/,1,Liste-des-deliberations-du-01-juillet-2026.pdf (134 KB),deliberation;delib,deliberation;delib,True,Holtzheim,67212,3850,67
https://www.holtzheim.alsace/wp-content/uploads/2022/09/Liste-des-délibérations-examinées-le-05-06-2026.pdf,https://www.holtzheim.alsace/deliberations-du-conseil-municipal-2/,1,Liste-des-délibérations-examinées-le-05-06-2026.pdf (158 KB),deliberation;delib,deliberation;delib,True,Holtzheim,67212,3850,67
https://www.holtzheim.alsace/wp-content/uploads/2022/09/DELIBERATIONS-5-JUIN-2026-2.pdf,https://www.holtzheim.alsace/deliberations-du-conseil-municipal-2/,1,DELIBERATIONS-5-JUIN-2026-2.pdf (1 MB),deliberation;delib,deliberation;delib,True,Holtzheim,67212,3850,67
https://www.holtzheim.alsace/wp-content/uploads/2022/09/DELIBERATION-28-AVRIL-2026-point-8.pdf,https://www.holtzheim.alsace/deliberations-du-conseil-municipal-2/,1,DELIBERATION-28-AVRIL-2026-point-8.pdf (376 KB),deliberation;delib,deliberation;delib,True,Holtzheim,67212,3850,67
https://www.holtzheim.alsace/wp-content/uploads/2022/09/DELIBERATIONS-28-AVRIL-2026-points-1-à-7-et-9-1.pdf,https://www.holtzheim.alsace/deliberations-du-conseil-municipal-2/,1,DELIBERATIONS-28-AVRIL-2026-points-1-à-7-et-9-1.pdf (7 MB),deliberation;delib,deliberation;delib,True,Holtzheim,67212,3850,67
https://www.holtzheim.alsace/wp-content/uploads/2022/09/Liste-des-délibération-examinées-le-28-04-2026.pdf,https://www.holtzheim.alsace/deliberations-du-conseil-municipal-2/,1,Liste-des-délibération-examinées-le-28-04-2026.pdf (137 KB),deliberation;delib,deliberation;delib,True,Holtzheim,67212,3850,67
https://www.holtzheim.alsace/wp-content/uploads/2022/09/PV-CM-28-04-2026.pdf,https://www.holtzheim.alsace/deliberations-du-conseil-municipal-2/,1,PV-CM-28-04-2026.pdf (838 KB),pv-;cm-;-cm,pv-;cm-;-cm,True,Holtzheim,67212,3850,67
https://www.holtzheim.alsace/wp-content/uploads/2022/09/Liste-des-délibérations-examinées-le-31-03-2026.pdf,https://www.holtzheim.alsace/deliberations-du-conseil-municipal-2/,1,Liste-des-délibérations-examinées-le-31-03-2026.pdf (155 KB),deliberation;delib,deliberation;delib,True,Holtzheim,67212,3850,67
https://www.holtzheim.alsace/wp-content/uploads/2022/09/DELIBERATIONS-31-MARS-2026-points-1-à-6-et-8-à-18.pdf,https://www.holtzheim.alsace/deliberations-du-conseil-municipal-2/,1,DELIBERATIONS-31-MARS-2026-points-1-à-6-et-8-à-18.pdf (3 MB),deliberation;delib,deliberation;delib,True,Holtzheim,67212,3850,67
https://www.holtzheim.alsace/wp-content/uploads/2022/09/Point-8-délégation-du-Conseil-Municipal-au-Maire-pour-le-mandat-2026-2032.pdf,https://www.holtzheim.alsace/deliberations-du-conseil-municipal-2/,1,Point-8-délégation-du-Conseil-Municipal-au-Maire-pour-le-mandat-2026-2032.pdf (552 KB),conseil-municipal,conseil-municipal,True,Holtzheim,67212,3850,67
https://www.holtzheim.alsace/wp-content/uploads/2022/09/Règlement-Intérieur-du-Conseil-Municipal-adopté-le-31-03-2026.pdf,https://www.holtzheim.alsace/deliberations-du-conseil-municipal-2/,1,Règlement-Intérieur-du-Conseil-Municipal-adopté-le-31-03-2026.pdf (1 MB),conseil-municipal,conseil-municipal,True,Holtzheim,67212,3850,67
https://www.holtzheim.alsace/wp-content/uploads/2022/09/PV-CM-31.03.2026.pdf,https://www.holtzheim.alsace/deliberations-du-conseil-municipal-2/,1,PV-CM-31.03.2026.pdf (1 MB),pv-;cm-;-cm,pv-;cm-;-cm,True,Holtzheim,67212,3850,67
https://www.holtzheim.alsace/wp-content/uploads/2022/09/PV-ELECTION-DU-MAIRE-ET-DES-ADJOINTS-2026-visé-préfecture.pdf,https://www.holtzheim.alsace/deliberations-du-conseil-municipal-2/,1,PV-ELECTION-DU-MAIRE-ET-DES-ADJOINTS-2026-visé-préfecture.pdf (737 KB),pv-,pv-,True,Holtzheim,67212,3850,67
https://www.holtzheim.alsace/wp-content/uploads/2022/09/DELIBERATIONS-25-FEVRIER-2026.pdf,https://www.holtzheim.alsace/deliberations-du-conseil-municipal-2/,1,DELIBERATIONS-25-FEVRIER-2026.pdf (12 MB),deliberation;delib,deliberation;delib,True,Holtzheim,67212,3850,67
https://www.holtzheim.alsace/wp-content/uploads/2022/09/PV-CM-25-02-2026.pdf,https://www.holtzheim.alsace/deliberations-du-conseil-municipal-2/,1,PV-CM-25-02-2026.pdf (349 KB),pv-;cm-;-cm,pv-;cm-;-cm,True,Holtzheim,67212,3850,67
https://www.holtzheim.alsace/wp-content/uploads/2022/09/DELIBERATIONS-23-JANVIER-2026.pdf,https://www.holtzheim.alsace/deliberations-du-conseil-municipal-2/,1,DELIBERATIONS-23-JANVIER-2026.pdf (14 MB),deliberation;delib,deliberation;delib,True,Holtzheim,67212,3850,67
https://www.holtzheim.alsace/wp-content/uploads/2022/09/PV-du-CM-25012026.pdf,https://www.holtzheim.alsace/deliberations-du-conseil-municipal-2/,1,PV-du-CM-25012026.pdf (400 KB),pv-;cm-;-cm,pv-;cm-;-cm,True,Holtzheim,67212,3850,67
https://www.holtzheim.alsace/wp-content/uploads/2022/09/DELIBERATIONS-15-DECEMBRE-2025.pdf,https://www.holtzheim.alsace/deliberations-du-conseil-municipal-2/,1,DELIBERATIONS-15-DECEMBRE-2025.pdf (23 MB),deliberation;delib,deliberation;delib,True,Holtzheim,67212,3850,67
https://www.holtzheim.alsace/wp-content/uploads/2022/09/PV-du-CM-15122025.pdf,https://www.holtzheim.alsace/deliberations-du-conseil-municipal-2/,1,PV-du-CM-15122025.pdf (1 MB),pv-;cm-;-cm,pv-;cm-;-cm,True,Holtzheim,67212,3850,67
https://www.holtzheim.alsace/wp-content/uploads/2022/09/DELIBERATIONS-1-A-6-17-NOVEMBRE-2025.pdf,https://www.holtzheim.alsace/deliberations-du-conseil-municipal-2/,1,DELIBERATIONS-1-A-6-17-NOVEMBRE-2025.pdf (13 MB),deliberation;delib,deliberation;delib,True,Holtzheim,67212,3850,67
https://www.holtzheim.alsace/wp-content/uploads/2022/09/DELIBERATIONS-7-A-14-17-NOVEMBRE-2025.pdf,https://www.holtzheim.alsace/deliberations-du-conseil-municipal-2/,1,DELIBERATIONS-7-A-14-17-NOVEMBRE-2025.pdf (11 MB),deliberation;delib,deliberation;delib,True,Holtzheim,67212,3850,67
https://www.holtzheim.alsace/wp-content/uploads/2022/09/PV-du-CM-17112025.pdf,https://www.holtzheim.alsace/deliberations-du-conseil-municipal-2/,1,PV-du-CM-17112025.pdf (2 MB),pv-;cm-;-cm,pv-;cm-;-cm,True,Holtzheim,67212,3850,67
https://www.holtzheim.alsace/wp-content/uploads/2022/09/DELIBERATIONS-15-SEPTEMBRE-2025.pdf,https://www.holtzheim.alsace/deliberations-du-conseil-municipal-2/,1,DELIBERATIONS-15-SEPTEMBRE-2025.pdf (2 MB),deliberation;delib,deliberation;delib,True,Holtzheim,67212,3850,67
https://www.holtzheim.alsace/wp-content/uploads/2022/09/PV-du-CM-15092025.pdf,https://www.holtzheim.alsace/deliberations-du-conseil-municipal-2/,1,PV-du-CM-15092025.pdf (922 KB),pv-;cm-;-cm,pv-;cm-;-cm,True,Holtzheim,67212,3850,67
https://www.holtzheim.alsace/wp-content/uploads/2022/09/DELIBERATIONS-7-JUILLET-2025.pdf,https://www.holtzheim.alsace/deliberations-du-conseil-municipal-2/,1,DELIBERATIONS-7-JUILLET-2025.pdf (2 MB),deliberation;delib,deliberation;delib,True,Holtzheim,67212,3850,67
https://www.holtzheim.alsace/wp-content/uploads/2022/09/PV-du-CM-07072025.pdf,https://www.holtzheim.alsace/deliberations-du-conseil-municipal-2/,1,PV-du-CM-07072025.pdf (1 MB),pv-;cm-;-cm,pv-;cm-;-cm,True,Holtzheim,67212,3850,67
https://www.holtzheim.alsace/wp-content/uploads/2022/09/DELIBERATIONS-12-MAI-2025.pdf,https://www.holtzheim.alsace/deliberations-du-conseil-municipal-2/,1,DELIBERATIONS-12-MAI-2025.pdf (17 MB),deliberation;delib,deliberation;delib,True,Holtzheim,67212,3850,67
https://www.holtzheim.alsace/wp-content/uploads/2022/09/PV-du-CM-12052025.pdf,https://www.holtzheim.alsace/deliberations-du-conseil-municipal-2/,1,PV-du-CM-12052025.pdf (594 KB),pv-;cm-;-cm,pv-;cm-;-cm,True,Holtzheim,67212,3850,67
https://www.holtzheim.alsace/wp-content/uploads/2022/09/DELIBERATIONS-24-MARS-2025.pdf,https://www.holtzheim.alsace/deliberations-du-conseil-municipal-2/,1,DELIBERATIONS-24-MARS-2025.pdf (5 MB),deliberation;delib,deliberation;delib,True,Holtzheim,67212,3850,67
https://www.holtzheim.alsace/wp-content/uploads/2022/09/PV-du-CM-24032025.pdf,https://www.holtzheim.alsace/deliberations-du-conseil-municipal-2/,1,PV-du-CM-24032025.pdf (866 KB),pv-;cm-;-cm,pv-;cm-;-cm,True,Holtzheim,67212,3850,67
https://www.holtzheim.alsace/wp-content/uploads/2022/09/DELIBERATIONS-3-MARS-2025.pdf,https://www.holtzheim.alsace/deliberations-du-conseil-municipal-2/,1,DELIBERATIONS-3-MARS-2025.pdf (8 MB),deliberation;delib,deliberation;delib,True,Holtzheim,67212,3850,67
https://www.holtzheim.alsace/wp-content/uploads/2022/09/PV-du-CM-03-03-2025.pdf,https://www.holtzheim.alsace/deliberations-du-conseil-municipal-2/,1,PV-du-CM-03-03-2025.pdf (421 KB),pv-;cm-;-cm,pv-;cm-;-cm,True,Holtzheim,67212,3850,67
https://www.holtzheim.alsace/wp-content/uploads/2022/09/DELIBERATIONS-27-JANVIER-2025.pdf,https://www.holtzheim.alsace/deliberations-du-conseil-municipal-2/,1,DELIBERATIONS-27-JANVIER-2025.pdf (12 MB),deliberation;delib,deliberation;delib,True,Holtzheim,67212,3850,67
https://www.holtzheim.alsace/wp-content/uploads/2022/09/PV-du-CM-27012025.pdf,https://www.holtzheim.alsace/deliberations-du-conseil-municipal-2/,1,PV-du-CM-27012025.pdf (490 KB),pv-;cm-;-cm,pv-;cm-;-cm,True,Holtzheim,67212,3850,67
https://www.holtzheim.alsace/wp-content/uploads/2022/09/ANNEXE-AU-PV-CM-du-27012025.pdf,https://www.holtzheim.alsace/deliberations-du-conseil-municipal-2/,1,ANNEXE-AU-PV-CM-du-27012025.pdf (224 KB),pv-;-pv;cm-;-cm,pv-;-pv;cm-;-cm,True,Holtzheim,67212,3850,67
https://www.holtzheim.alsace/wp-content/uploads/2025/01/DELIBERATIONS-16-DECEMBRE-2024.pdf,https://www.holtzheim.alsace/deliberations-du-conseil-municipal-2/,1,DELIBERATIONS-16-DECEMBRE-2024.pdf (21 MB),deliberation;delib,deliberation;delib,True,Holtzheim,67212,3850,67
https://www.holtzheim.alsace/wp-content/uploads/2022/09/PV-du-CM-16122024.pdf,https://www.holtzheim.alsace/deliberations-du-conseil-municipal-2/,1,PV-du-CM-16122024.pdf (1 MB),pv-;cm-;-cm,pv-;cm-;-cm,True,Holtzheim,67212,3850,67
https://www.holtzheim.alsace/wp-content/uploads/2022/09/DELIBERATIONS-19-NOVEMBRE-2024.pdf,https://www.holtzheim.alsace/deliberations-du-conseil-municipal-2/,1,DELIBERATIONS-19-NOVEMBRE-2024.pdf (13 MB),deliberation;delib,deliberation;delib,True,Holtzheim,67212,3850,67
https://www.holtzheim.alsace/wp-content/uploads/2022/09/PV-du-CM-19112024.pdf,https://www.holtzheim.alsace/deliberations-du-conseil-municipal-2/,1,PV-du-CM-19112024.pdf (642 KB),pv-;cm-;-cm,pv-;cm-;-cm,True,Holtzheim,67212,3850,67
https://www.holtzheim.alsace/wp-content/uploads/2022/09/DELIBERATIONS-16-SEPTEMBRE-2024.pdf,https://www.holtzheim.alsace/deliberations-du-conseil-municipal-2/,1,DELIBERATIONS-16-SEPTEMBRE-2024.pdf (12 MB),deliberation;delib,deliberation;delib,True,Holtzheim,67212,3850,67
https://www.holtzheim.alsace/wp-content/uploads/2022/09/PV-du-CM-16092024.pdf,https://www.holtzheim.alsace/deliberations-du-conseil-municipal-2/,1,PV-du-CM-16092024.pdf (481 KB),pv-;cm-;-cm,pv-;cm-;-cm,True,Holtzheim,67212,3850,67
https://www.holtzheim.alsace/wp-content/uploads/2022/09/DELIBERATIONS-8-JUILLET-2024.pdf,https://www.holtzheim.alsace/deliberations-du-conseil-municipal-2/,1,DELIBERATIONS-8-JUILLET-2024.pdf (27 MB),deliberation;delib,deliberation;delib,True,Holtzheim,67212,3850,67
https://www.holtzheim.alsace/wp-content/uploads/2022/09/PV-du-CM-08072024.pdf,https://www.holtzheim.alsace/deliberations-du-conseil-municipal-2/,1,PV-du-CM-08072024.pdf (8 MB),pv-;cm-;-cm,pv-;cm-;-cm,True,Holtzheim,67212,3850,67
https://www.holtzheim.alsace/wp-content/uploads/2022/09/DELIBERATIONS-3-JUIN-2024.pdf,https://www.holtzheim.alsace/deliberations-du-conseil-municipal-2/,1,DELIBERATIONS-3-JUIN-2024.pdf (21 MB),deliberation;delib,deliberation;delib,True,Holtzheim,67212,3850,67
https://www.holtzheim.alsace/wp-content/uploads/2022/09/PV-du-CM-03062024.pdf,https://www.holtzheim.alsace/deliberations-du-conseil-municipal-2/,1,PV-du-CM-03062024.pdf (1 MB),pv-;cm-;-cm,pv-;cm-;-cm,True,Holtzheim,67212,3850,67
https://www.holtzheim.alsace/wp-content/uploads/2022/09/DELIBERATIONS-25-MARS-2024.pdf,https://www.holtzheim.alsace/deliberations-du-conseil-municipal-2/,1,DELIBERATIONS-25-MARS-2024.pdf (3 MB),deliberation;delib,deliberation;delib,True,Holtzheim,67212,3850,67
https://www.holtzheim.alsace/wp-content/uploads/2022/09/PV-du-CM-25032024.pdf,https://www.holtzheim.alsace/deliberations-du-conseil-municipal-2/,1,PV-du-CM-25032024.pdf (995 KB),pv-;cm-;-cm,pv-;cm-;-cm,True,Holtzheim,67212,3850,67
https://www.holtzheim.alsace/wp-content/uploads/2022/09/DELIBERATIONS-CM-8-MARS-2024.pdf,https://www.holtzheim.alsace/deliberations-du-conseil-municipal-2/,1,DELIBERATIONS-CM-8-MARS-2024.pdf (7 MB),deliberation;delib;cm-;-cm,deliberation;delib;cm-;-cm,True,Holtzheim,67212,3850,67
https://www.holtzheim.alsace/wp-content/uploads/2022/09/PV-du-CM-08032024.pdf,https://www.holtzheim.alsace/deliberations-du-conseil-municipal-2/,1,PV-du-CM-08032024.pdf (374 KB),pv-;cm-;-cm,pv-;cm-;-cm,True,Holtzheim,67212,3850,67
http://www.holtzheim.alsace/wp-content/uploads/2022/09/DELIBERATIONS-CM-29-JANVIER-2024.pdf,https://www.holtzheim.alsace/deliberations-du-conseil-municipal-2/,1,DELIBERATIONS-CM-29-JANVIER-2024.pdf (1 MB),deliberation;delib;cm-;-cm,deliberation;delib;cm-;-cm,True,Holtzheim,67212,3850,67
https://www.holtzheim.alsace/wp-content/uploads/2022/09/PV-du-CM-29012024.pdf,https://www.holtzheim.alsace/deliberations-du-conseil-municipal-2/,1,PV-du-CM-29012024.pdf (725 KB),pv-;cm-;-cm,pv-;cm-;-cm,True,Holtzheim,67212,3850,67
http://www.holtzheim.alsace/wp-content/uploads/2022/09/DELIBERATIONS-CM-18-DECEMBRE-2023.pdf,https://www.holtzheim.alsace/deliberations-du-conseil-municipal-2/,1,DELIBERATIONS-CM-18-DECEMBRE-2023.pdf (1 MB),deliberation;delib;cm-;-cm,deliberation;delib;cm-;-cm,True,Holtzheim,67212,3850,67
http://www.holtzheim.alsace/wp-content/uploads/2022/09/PV-du-CM-18122023.pdf,https://www.holtzheim.alsace/deliberations-du-conseil-municipal-2/,1,PV-du-CM-18122023.pdf (788 KB),pv-;cm-;-cm,pv-;cm-;-cm,True,Holtzheim,67212,3850,67
http://www.holtzheim.alsace/wp-content/uploads/2022/09/DELIBERATIONS-CM-27-NOVEMBRE-2023.pdf,https://www.holtzheim.alsace/deliberations-du-conseil-municipal-2/,1,DELIBERATIONS-CM-27-NOVEMBRE-2023.pdf (2 MB),deliberation;delib;cm-;-cm,deliberation;delib;cm-;-cm,True,Holtzheim,67212,3850,67
http://www.holtzheim.alsace/wp-content/uploads/2022/09/PV-du-CM-27112023.pdf,https://www.holtzheim.alsace/deliberations-du-conseil-municipal-2/,1,PV-du-CM-27112023.pdf (776 KB),pv-;cm-;-cm,pv-;cm-;-cm,True,Holtzheim,67212,3850,67
http://www.holtzheim.alsace/wp-content/uploads/2022/09/DELIBERATION-CM-30-OCTOBRE-2023.pdf,https://www.holtzheim.alsace/deliberations-du-conseil-municipal-2/,1,DELIBERATIONS-CM-30-OCTOBRE-2023.pdf (4 MB),deliberation;delib;cm-;-cm,deliberation;delib;cm-;-cm,True,Holtzheim,67212,3850,67
http://www.holtzheim.alsace/wp-content/uploads/2022/09/PV-du-CM-30102023.pdf,https://www.holtzheim.alsace/deliberations-du-conseil-municipal-2/,1,PV-du-CM-30102023.pdf (841 KB),pv-;cm-;-cm,pv-;cm-;-cm,True,Holtzheim,67212,3850,67
http://www.holtzheim.alsace/wp-content/uploads/2022/09/DELIBERATIONS-CM-11-SEPTEMBRE-2023.pdf,https://www.holtzheim.alsace/deliberations-du-conseil-municipal-2/,1,DELIBERATIONS-CM-11-SEPTEMBRE-2023.pdf (1 MB),deliberation;delib;cm-;-cm,deliberation;delib;cm-;-cm,True,Holtzheim,67212,3850,67
http://www.holtzheim.alsace/wp-content/uploads/2022/09/PV-du-CM-11092023.pdf,https://www.holtzheim.alsace/deliberations-du-conseil-municipal-2/,1,PV-du-CM-11092023.pdf (439 KB),pv-;cm-;-cm,pv-;cm-;-cm,True,Holtzheim,67212,3850,67
http://www.holtzheim.alsace/wp-content/uploads/2022/09/DELIBERATIONS-CM-3-JUILLET-2023.pdf,https://www.holtzheim.alsace/deliberations-du-conseil-municipal-2/,1,DELIBERATIONS-CM-3-JUILLET-2023.pdf (5 MB),deliberation;delib;cm-;-cm,deliberation;delib;cm-;-cm,True,Holtzheim,67212,3850,67
http://www.holtzheim.alsace/wp-content/uploads/2023/09/PV-du-CM-03072023.pdf,https://www.holtzheim.alsace/deliberations-du-conseil-municipal-2/,1,PV-du-CM-03072023.pdf (1 MB),pv-;cm-;-cm,pv-;cm-;-cm,True,Holtzheim,67212,3850,67
http://www.holtzheim.alsace/wp-content/uploads/2022/09/DELIBERATIONS-CM-15-MAI-2023.pdf,https://www.holtzheim.alsace/deliberations-du-conseil-municipal-2/,1,DELIBERATIONS-CM-15-MAI-2023.pdf (2 MB),deliberation;delib;cm-;-cm,deliberation;delib;cm-;-cm,True,Holtzheim,67212,3850,67
http://www.holtzheim.alsace/wp-content/uploads/2022/09/PV-CM-15052023.pdf,https://www.holtzheim.alsace/deliberations-du-conseil-municipal-2/,1,PV-CM-15052023.pdf (610 KB),pv-;cm-;-cm,pv-;cm-;-cm,True,Holtzheim,67212,3850,67
http://www.holtzheim.alsace/wp-content/uploads/2022/09/DELIBERATIONS-27-MARS-2023.pdf,https://www.holtzheim.alsace/deliberations-du-conseil-municipal-2/,1,DELIBERATIONS-27-MARS-2023.pdf (7 MB),deliberation;delib,deliberation;delib,True,Holtzheim,67212,3850,67
http://www.holtzheim.alsace/wp-content/uploads/2022/09/PV-CM-27032023.pdf,https://www.holtzheim.alsace/deliberations-du-conseil-municipal-2/,1,PV-CM-27032023.pdf (798 KB),pv-;cm-;-cm,pv-;cm-;-cm,True,Holtzheim,67212,3850,67
http://www.holtzheim.alsace/wp-content/uploads/2022/09/DELIBERATIONS-13-MARS-2023.pdf,https://www.holtzheim.alsace/deliberations-du-conseil-municipal-2/,1,DELIBERATIONS-13-MARS-2023.pdf (5 MB),deliberation;delib,deliberation;delib,True,Holtzheim,67212,3850,67
http://www.holtzheim.alsace/wp-content/uploads/2022/09/PV-du-CM-13032023.pdf,https://www.holtzheim.alsace/deliberations-du-conseil-municipal-2/,1,PV-du-CM-13032023.pdf (328 KB),pv-;cm-;-cm,pv-;cm-;-cm,True,Holtzheim,67212,3850,67
http://www.holtzheim.alsace/wp-content/uploads/2022/09/DELIBERATIONS-23-JANVIER-2023.pdf,https://www.holtzheim.alsace/deliberations-du-conseil-municipal-2/,1,DELIBERATIONS-23-JANVIER-2023.pdf (784 KB),deliberation;delib,deliberation;delib,True,Holtzheim,67212,3850,67
http://www.holtzheim.alsace/wp-content/uploads/2022/09/PV-du-CM-23012023.pdf,https://www.holtzheim.alsace/deliberations-du-conseil-municipal-2/,1,PV-du-CM-23012023.pdf (420 KB),pv-;cm-;-cm,pv-;cm-;-cm,True,Holtzheim,67212,3850,67
http://www.holtzheim.alsace/wp-content/uploads/2022/09/DELIBERATIONS-19-DECEMBRE-2022.pdf,https://www.holtzheim.alsace/deliberations-du-conseil-municipal-2/,1,DELIBERATIONS-19-DECEMBRE-2022.pdf (1 MB),deliberation;delib,deliberation;delib,True,Holtzheim,67212,3850,67
http://www.holtzheim.alsace/wp-content/uploads/2022/09/PV-du-CM-19122022.pdf,https://www.holtzheim.alsace/deliberations-du-conseil-municipal-2/,1,PV-du-CM-19122022.pdf (282 KB),pv-;cm-;-cm,pv-;cm-;-cm,True,Holtzheim,67212,3850,67
http://www.holtzheim.alsace/wp-content/uploads/2022/09/DELIBERATIONS-28-NOVEMBRE-2022.pdf,https://www.holtzheim.alsace/deliberations-du-conseil-municipal-2/,1,DELIBERATIONS-28-NOVEMBRE-2022.pdf (1 MB),deliberation;delib,deliberation;delib,True,Holtzheim,67212,3850,67
http://www.holtzheim.alsace/wp-content/uploads/2022/09/PV-du-CM-28112022.pdf,https://www.holtzheim.alsace/deliberations-du-conseil-municipal-2/,1,PV-du-CM-28112022.pdf (832 KB),pv-;cm-;-cm,pv-;cm-;-cm,True,Holtzheim,67212,3850,67
http://www.holtzheim.alsace/wp-content/uploads/2022/09/DELIBERATIONS-19-SEPTEMBRE-2022.pdf,https://www.holtzheim.alsace/deliberations-du-conseil-municipal-2/,1,DELIBERATIONS-19-SEPTEMBRE-2022.pdf (3 MB),deliberation;delib,deliberation;delib,True,Holtzheim,67212,3850,67
http://www.holtzheim.alsace/wp-content/uploads/2022/09/PV-du-CM-19092022.pdf,https://www.holtzheim.alsace/deliberations-du-conseil-municipal-2/,1,PV-du-CM-19092022.pdf (460 KB),pv-;cm-;-cm,pv-;cm-;-cm,True,Holtzheim,67212,3850,67
http://www.holtzheim.alsace/wp-content/uploads/2022/09/DELIBERATIONS-7-SEPTEMBRE-2022.pdf,https://www.holtzheim.alsace/deliberations-du-conseil-municipal-2/,1,DELIBERATIONS-7-SEPTEMBRE-2022.pdf (1 MB),deliberation;delib,deliberation;delib,True,Holtzheim,67212,3850,67
http://www.holtzheim.alsace/wp-content/uploads/2022/09/PV-CM-07092022.pdf,https://www.holtzheim.alsace/deliberations-du-conseil-municipal-2/,1,PV du CM 07092022.pdf (194 KB),pv-;cm-;-cm,pv ,True,Holtzheim,67212,3850,67
http://www.holtzheim.alsace/wp-content/uploads/2022/09/14-ARGUMENTAIRES-ELUS.pdf,https://www.holtzheim.alsace/deliberations-du-conseil-municipal-2/,1,Annexe au PV du CM 07092022.pdf (727 KB),,pv ,False,Holtzheim,67212,3850,67
http://www.holtzheim.alsace/wp-content/uploads/2022/09/DELIBERATIONS-4-JUILLET-2022.pdf,https://www.holtzheim.alsace/deliberations-du-conseil-municipal-2/,1,DELIBERATIONS-4-JUILLET-2022.pdf (1 MB),deliberation;delib,deliberation;delib,True,Holtzheim,67212,3850,67
http://www.holtzheim.alsace/wp-content/uploads/2022/09/PV-CM-04072022.pdf,https://www.holtzheim.alsace/deliberations-du-conseil-municipal-2/,1,PV du CM 04072022.pdf (339 KB),pv-;cm-;-cm,pv ,True,Holtzheim,67212,3850,67
http://www.holtzheim.alsace/wp-content/uploads/2022/09/CR-30-05-2022.pdf,https://www.holtzheim.alsace/deliberations-du-conseil-municipal-2/,1,COMPTE RENDU DU CONSEIL MUNICIPAL 30 MAI 2022,,compte rendu;conseil municipal,False,Holtzheim,67212,3850,67
http://www.holtzheim.alsace/wp-content/uploads/2017/06/CR-29-03-2022.pdf,https://www.holtzheim.alsace/deliberations-du-conseil-municipal-2/,1,COMPTE RENDU DU CONSEIL MUNICIPAL 29 MARS 2022,,compte rendu;conseil municipal,False,Holtzheim,67212,3850,67
http://www.holtzheim.alsace/wp-content/uploads/2017/06/CR-07-02-2022.pdf,https://www.holtzheim.alsace/deliberations-du-conseil-municipal-2/,1,COMPTE RENDU DU CONSEIL MUNICIPAL 07 FEVRIER 2022,,compte rendu;conseil municipal,False,Holtzheim,67212,3850,67
http://www.holtzheim.alsace/wp-content/uploads/2017/06/DOB-DOCUMENT-DELIB202111DOB-DE-1-1_1.pdf,https://www.holtzheim.alsace/deliberations-du-conseil-municipal-2/,1,DEBAT D’ORIENTATION BUDGETAIRE 2022,delib,,False,Holtzheim,67212,3850,67
http://www.holtzheim.alsace/wp-content/uploads/2017/06/CR-20-12-2021.pdf,https://www.holtzheim.alsace/deliberations-du-conseil-municipal-2/,1,COMPTE RENDU DU CONSEIL MUNICIPAL 20 DECEMBRE 2021,,compte rendu;conseil municipal,False,Holtzheim,67212,3850,67
http://www.holtzheim.alsace/wp-content/uploads/2017/06/CR-29-11-2021.pdf,https://www.holtzheim.alsace/deliberations-du-conseil-municipal-2/,1,COMPTE RENDU DU CONSEIL MUNICIPAL 29 NOVEMBRE 2021,,compte rendu;conseil municipal,False,Holtzheim,67212,3850,67
http://www.holtzheim.alsace/wp-content/uploads/2017/06/CR-30-09-2021.pdf,https://www.holtzheim.alsace/deliberations-du-conseil-municipal-2/,1,COMPTE RENDU DU CONSEIL MUNICIPAL 30 SEPTEMBRE 2021,,compte rendu;conseil municipal,False,Holtzheim,67212,3850,67
http://www.holtzheim.alsace/wp-content/uploads/2017/06/Compte-Rendu-CM-05.07.2021.pdf,https://www.holtzheim.alsace/deliberations-du-conseil-municipal-2/,1,COMPTE RENDU DU CONSEIL MUNICIPAL 05 JUILLET 2021,compte-rendu;cm-;-cm,compte rendu;conseil municipal,True,Holtzheim,67212,3850,67
http://www.holtzheim.alsace/wp-content/uploads/2017/06/Compte-Rendu-CM-31.05.2021-.pdf,https://www.holtzheim.alsace/deliberations-du-conseil-municipal-2/,1,COMPTE RENDU DU CONSEIL MUNICIPAL 31 MAI 2021,compte-rendu;cm-;-cm,compte rendu;conseil municipal,True,Holtzheim,67212,3850,67
http://www.holtzheim.alsace/wp-content/uploads/2017/06/Compte-rendu-29.03.2021-.pdf,https://www.holtzheim.alsace/deliberations-du-conseil-municipal-2/,1,COMPTE RENDU DU CONSEIL MUNICIPAL 29 MARS 2021,compte-rendu,compte rendu;conseil municipal,True,Holtzheim,67212,3850,67
http://www.holtzheim.alsace/wp-content/uploads/2017/06/Compte-Rendu-8-fev-2021.pdf,https://www.holtzheim.alsace/deliberations-du-conseil-municipal-2/,1,COMPTE RENDU DU CONSEIL MUNICIPAL 8 FEVRIER 2021,compte-rendu,compte rendu;conseil municipal,True,Holtzheim,67212,3850,67
http://www.holtzheim.alsace/wp-content/uploads/2017/06/DELIBERATIONS-CONSEIL-MUNICIPAL-18-12-2020.pdf,https://www.holtzheim.alsace/deliberations-du-conseil-municipal-2/,1,COMPTE RENDU DU CONSEIL MUNICIPAL 18 DÉCEMBRE 2020,deliberation;delib;conseil-municipal,compte rendu;conseil municipal,True,Holtzheim,67212,3850,67
http://www.holtzheim.alsace/wp-content/uploads/2017/06/délibérations-04-12-2020-décembre.pdf,https://www.holtzheim.alsace/deliberations-du-conseil-municipal-2/,1,COMPTE RENDU DU CONSEIL MUNICIPAL 4 DÉCEMBRE 2020,deliberation;delib,compte rendu;conseil municipal,True,Holtzheim,67212,3850,67
http://www.holtzheim.alsace/wp-content/uploads/2017/06/compte-rendu-conseil-municipal-6-novembre2020.pdf,https://www.holtzheim.alsace/deliberations-du-conseil-municipal-2/,1,COMPTE RENDU DU CONSEIL MUNICIPAL NOVEMBRE 2020,compte-rendu;conseil-municipal,compte rendu;conseil municipal,True,Holtzheim,67212,3850,67
http://www.holtzheim.alsace/wp-content/uploads/2020/11/DELIBERATIONS-Conseil-Municipal-du-25-SEPT20.pdf,https://www.holtzheim.alsace/deliberations-du-conseil-municipal-2/,1,COMPTE RENDU DU CONSEIL MUNICIPAL SEPTEMBRE 2020,deliberation;delib;conseil-municipal,compte rendu;conseil municipal,True,Holtzheim,67212,3850,67
http://www.holtzheim.alsace/wp-content/uploads/2020/11/Délibérations-CM-juillet-2020.pdf,https://www.holtzheim.alsace/deliberations-du-conseil-municipal-2/,1,COMPTE RENDU DU CONSEIL MUNICIPAL JUILLET 2020,deliberation;delib;cm-;-cm,compte rendu;conseil municipal,True,Holtzheim,67212,3850,67
http://www.holtzheim.alsace/wp-content/uploads/2017/06/DELIBERATIONS-CM-12-06-2020.pdf,https://www.holtzheim.alsace/deliberations-du-conseil-municipal-2/,1,COMPTE RENDU DU CONSEIL MUNICIPAL JUIN 2020,deliberation;delib;cm-;-cm,compte rendu;conseil municipal,True,Holtzheim,67212,3850,67
http://www.holtzheim.alsace/wp-content/uploads/2017/06/PV-élections-maire-et-adjoints-transmis-aux-élus.pdf,https://www.holtzheim.alsace/deliberations-du-conseil-municipal-2/,1,PROCES VERBAL ELECTIONS MAIRE/ADJOINTS,pv-,proces verbal,True,Holtzheim,67212,3850,67
http://www.holtzheim.alsace/wp-content/uploads/2017/06/DELIBERATIONS-CM-27-02-2020.pdf,https://www.holtzheim.alsace/deliberations-du-conseil-municipal-2/,1,COMPTE RENDU DU CONSEIL MUNICIPAL FEVRIER 2020,deliberation;delib;cm-;-cm,compte rendu;conseil municipal,True,Holtzheim,67212,3850,67
http://www.holtzheim.alsace/wp-content/uploads/2017/06/compte-rendu-cm-13-décembre2019.pdf,https://www.holtzheim.alsace/deliberations-du-conseil-municipal-2/,1,COMPTE RENDU DU CONSEIL MUNICIPAL DECEMBRE 2019,compte-rendu;cm-;-cm,compte rendu;conseil municipal,True,Holtzheim,67212,3850,67
http://www.holtzheim.alsace/wp-content/uploads/2017/06/compte-rendu-conseil-municipal-du-15-novembre2019.pdf,https://www.holtzheim.alsace/deliberations-du-conseil-municipal-2/,1,COMPTE RENDU DU CONSEIL MUNICIPAL NOVEMBRE 2019,compte-rendu;conseil-municipal,compte rendu;conseil municipal,True,Holtzheim,67212,3850,67
http://www.holtzheim.alsace/wp-content/uploads/2017/06/COMPTE-RENDU-CM-04-10-2019.pdf,https://www.holtzheim.alsace/deliberations-du-conseil-municipal-2/,1,COMPTE RENDU DU CONSEIL MUNICIPAL OCTOBRE 2019,compte-rendu;cm-;-cm,compte rendu;conseil municipal,True,Holtzheim,67212,3850,67
http://www.holtzheim.alsace/wp-content/uploads/2017/06/DELIBERATIONS-DU-CONSEIL-MUNICIPAL-17-05-2019.pdf,https://www.holtzheim.alsace/deliberations-du-conseil-municipal-2/,1,COMPTE RENDU DU CONSEIL MUNICIPAL MAI 2019,deliberation;delib;conseil-municipal,compte rendu;conseil municipal,True,Holtzheim,67212,3850,67
http://www.holtzheim.alsace/wp-content/uploads/2017/06/DELIBERATIONS-CONSEIL-MUNICIPAL-05-04-2019.pdf,https://www.holtzheim.alsace/deliberations-du-conseil-municipal-2/,1,COMPTE RENDU DU CONSEIL MUNICIPAL AVRIL 2019,deliberation;delib;conseil-municipal,compte rendu;conseil municipal,True,Holtzheim,67212,3850,67
http://www.holtzheim.alsace/wp-content/uploads/2017/06/DELIBERATIONS-DU-CONSEIL-MUNICIPAL-08-FEVRIER-2019.pdf,https://www.holtzheim.alsace/deliberations-du-conseil-municipal-2/,1,COMPTE RENDU DU CONSEIL MUNICIPAL FÉVRIER 2019,deliberation;delib;conseil-municipal,compte rendu;conseil municipal,True,Holtzheim,67212,3850,67
http://www.holtzheim.alsace/wp-content/uploads/2017/06/DELIBERATIONS-CONSEIL-MUNICIPAL-14-DECEMBRE-2018_2.pdf,https://www.holtzheim.alsace/deliberations-du-conseil-municipal-2/,1,COMPTE RENDU DU CONSEIL MUNICIPAL DÉCEMBRE 2018,deliberation;delib;conseil-municipal,compte rendu;conseil municipal,True,Holtzheim,67212,3850,67
http://www.holtzheim.alsace/wp-content/uploads/2017/06/PROCES-VERBAL-CM-16-11-2018.pdf,https://www.holtzheim.alsace/deliberations-du-conseil-municipal-2/,1,COMPTE RENDU DU CONSEIL MUNICIPAL NOVEMBRE 2018,proces-verbal;cm-;-cm,compte rendu;conseil municipal,True,Holtzheim,67212,3850,67
http://www.holtzheim.alsace/wp-content/uploads/2017/06/COMPTE-RENDU-DELIB-DU-CONSEIL-MUNICIPAL-05-10-2018.pdf,https://www.holtzheim.alsace/deliberations-du-conseil-municipal-2/,1,COMPTE RENDU DU CONSEIL MUNICIPAL OCTOBRE 2018,delib;compte-rendu;conseil-municipal,compte rendu;conseil municipal,True,Holtzheim,67212,3850,67
http://www.holtzheim.alsace/wp-content/uploads/2017/06/compte-rendu-DELIBERATIONS-CONSEIL-MUNICIPAL-DU-6-JUILLET-2018.pdf,https://www.holtzheim.alsace/deliberations-du-conseil-municipal-2/,1,COMPTE RENDU DU CONSEIL MUNICIPAL JUILLET 2018,deliberation;delib;compte-rendu;conseil-municipal,compte rendu;conseil municipal,True,Holtzheim,67212,3850,67
http://www.holtzheim.alsace/wp-content/uploads/2017/06/COMPTE-RENDU-CM-DU-01-06-2018-1.pdf,https://www.holtzheim.alsace/deliberations-du-conseil-municipal-2/,1,COMPTE RENDU DU CONSEIL MUNICIPAL JUIN 2018,compte-rendu;cm-;-cm,compte rendu;conseil municipal,True,Holtzheim,67212,3850,67
http://www.holtzheim.alsace/wp-content/uploads/2017/06/COMPTE-RENDU-cm-13-04-2018-1.pdf,https://www.holtzheim.alsace/deliberations-du-conseil-municipal-2/,1,COMPTE RENDU DU CONSEIL MUNICIPAL AVRIL 2018,compte-rendu;cm-;-cm,compte rendu;conseil municipal,True,Holtzheim,67212,3850,67
http://www.holtzheim.alsace/wp-content/uploads/2018/04/Proces-Verbal-conseil-municipal-du-16-02-2018.pdf,https://www.holtzheim.alsace/deliberations-du-conseil-municipal-2/,1,COMPTE RENDU DU CONSEIL MUNICIPAL FEVRIER 2018,proces-verbal;conseil-municipal,compte rendu;conseil municipal,True,Holtzheim,67212,3850,67
http://www.holtzheim.alsace/wp-content/uploads/2017/06/DELIBERATIONS-CONSEIL-MUNICIPAL-15-DECEMBRE-2017.pdf,https://www.holtzheim.alsace/deliberations-du-conseil-municipal-2/,1,COMPTE RENDU DU CONSEIL MUNICIPAL DECEMBRE 2017,deliberation;delib;conseil-municipal,compte rendu;conseil municipal,True,Holtzheim,67212,3850,67
http://www.holtzheim.alsace/wp-content/uploads/2018/01/DELIBERATIONS-CONSEIL-MUNICIPAL-novembre-17.pdf,https://www.holtzheim.alsace/deliberations-du-conseil-municipal-2/,1,COMPTE RENDU DU CONSEIL MUNICIPAL NOVEMBRE 2017,deliberation;delib;conseil-municipal,compte rendu;conseil municipal,True,Holtzheim,67212,3850,67
http://www.holtzheim.alsace/wp-content/uploads/2018/01/DELIBERATIONS-CM-SEPTEMBRE.pdf,https://www.holtzheim.alsace/deliberations-du-conseil-municipal-2/,1,COMPTE RENDU DU CONSEIL MUNICIPAL SEPTEMBRE 2017,deliberation;delib;cm-;-cm,compte rendu;conseil municipal,True,Holtzheim,67212,3850,67
http://www.holtzheim.alsace/wp-content/uploads/2017/06/délibérations-Conseil-Municipal-30-juin-2017.pdf,https://www.holtzheim.alsace/deliberations-du-conseil-municipal-2/,1,COMPTE RENDU DU CONSEIL MUNICIPAL JUIN 2017,deliberation;delib;conseil-municipal,compte rendu;conseil municipal,True,Holtzheim,67212,3850,67
http://www.holtzheim.alsace/wp-content/uploads/2017/06/CONSEIL-MUNICIPAL-DU-22-MAI-2017-DELIBERATIONS.pdf,https://www.holtzheim.alsace/deliberations-du-conseil-municipal-2/,1,COMPTE RENDU DU CONSEIL MUNICIPAL MAI 2017,deliberation;delib;conseil-municipal,compte rendu;conseil municipal,True,Holtzheim,67212,3850,67
http://www.holtzheim.alsace/wp-content/uploads/2017/06/Compte-rendu-DELIBERATIONS-CONSEIL-MUNICIPAL-DU-24-MARS-2017.pdf,https://www.holtzheim.alsace/deliberations-du-conseil-municipal-2/,1,COMPTE RENDU DU CONSEIL MUNICIPAL MARS 2017,deliberation;delib;compte-rendu;conseil-municipal,compte rendu;conseil municipal,True,Holtzheim,67212,3850,67
http://www.holtzheim.alsace/wp-content/uploads/2017/06/DELIBERATION-CM-27-janvier-2017.pdf,https://www.holtzheim.alsace/deliberations-du-conseil-municipal-2/,1,COMPTE RENDU DU CONSEIL MUNICIPAL JANVIER 2017,deliberation;delib;cm-;-cm,compte rendu;conseil municipal,True,Holtzheim,67212,3850,67
http://www.holtzheim.alsace/wp-content/uploads/2017/06/Compte-rendu-d%C3%A9lib%C3%A9rations-conseil-municipal-du-9-d%C3%A9cembre-2016.pdf,https://www.holtzheim.alsace/deliberations-du-conseil-municipal-2/,1,COMPTE RENDU DU CONSEIL MUNICIPAL DECEMBRE 2016,compte-rendu;conseil-municipal,compte rendu;conseil municipal,True,Holtzheim,67212,3850,67
http://www.holtzheim.alsace/wp-content/uploads/2017/06/compte-rendu-d%C3%A9lib%C3%A9rations-du-23-novembre-2016.pdf,https://www.holtzheim.alsace/deliberations-du-conseil-municipal-2/,1,COMPTE RENDU DU CONSEIL MUNICIPAL NOVEMBRE 2016,compte-rendu,compte rendu;conseil municipal,True,Holtzheim,67212,3850,67
http://www.holtzheim.alsace/wp-content/uploads/2017/06/PROCES-VERBAL-AUX-ELUS-CM-DU-25-10-2016.pdf,https://www.holtzheim.alsace/deliberations-du-conseil-municipal-2/,1,COMPTE RENDU DU CONSEIL MUNICIPAL OCTOBRE 2016,proces-verbal;cm-;-cm,compte rendu;conseil municipal,True,Holtzheim,67212,3850,67
http://www.holtzheim.alsace/wp-content/uploads/2017/06/DELIBERATION-CM-23-SEPTEMBRE-2016.pdf,https://www.holtzheim.alsace/deliberations-du-conseil-municipal-2/,1,COMPTE RENDU DU CONSEIL MUNICIPAL SEPTEMBRE 2016,deliberation;delib;cm-;-cm,compte rendu;conseil municipal,True,Holtzheim,67212,3850,67
http://www.holtzheim.alsace/wp-content/uploads/2017/06/DELIBERATION-CM-LE-10-JUIN.pdf,https://www.holtzheim.alsace/deliberations-du-conseil-municipal-2/,1,COMPTE RENDU DU CONSEIL MUNICIPAL JUIN 2016,deliberation;delib;cm-;-cm,compte rendu;conseil municipal,True,Holtzheim,67212,3850,67
http://www.holtzheim.alsace/wp-content/uploads/2017/06/D%C3%A9lib%C3%A9rations-du-conseil-municipal-le-10-mai-2016.pdf,https://www.holtzheim.alsace/deliberations-du-conseil-municipal-2/,1,COMPTE RENDU DU CONSEIL MUNICIPAL MAI 2016,conseil-municipal,compte rendu;conseil municipal,True,Holtzheim,67212,3850,67
http://www.holtzheim.alsace/wp-content/uploads/2017/06/compte-rendu-affichage-conseil-municipal-avril16.pdf,https://www.holtzheim.alsace/deliberations-du-conseil-municipal-2/,1,COMPTE RENDU DU CONSEIL MUNICIPAL AVRIL 2016,compte-rendu;conseil-municipal,compte rendu;conseil municipal,True,Holtzheim,67212,3850,67
http://www.holtzheim.alsace/wp-content/uploads/2017/06/d%C3%A9lib%C3%A9rations-CM-le-26-f%C3%A9vrier.pdf,https://www.holtzheim.alsace/deliberations-du-conseil-municipal-2/,1,COMPTE RENDU DU CONSEIL MUNICIPAL FEVRIER 2016,cm-;-cm,compte rendu;conseil municipal,True,Holtzheim,67212,3850,67
http://www.holtzheim.alsace/wp-content/uploads/2017/06/COMPTE-RENDU-du-conseil-municipal-29-JANVIER-2016.pdf,https://www.holtzheim.alsace/deliberations-du-conseil-municipal-2/,1,COMPTE RENDU DU CONSEIL MUNICIPAL JANVIER 2016,compte-rendu;conseil-municipal,compte rendu;conseil municipal,True,Holtzheim,67212,3850,67
http://www.holtzheim.alsace/wp-content/uploads/2017/06/proc%C3%A8s-verbal-CONSEIL-MUNICIPAL-DU-11-DECEMBRE-2015.pdf,https://www.holtzheim.alsace/deliberations-du-conseil-municipal-2/,1,COMPTE RENDU DU CONSEIL MUNICIPAL DECEMBRE 2015,conseil-municipal,compte rendu;conseil municipal,True,Holtzheim,67212,3850,67
http://www.holtzheim.alsace/wp-content/uploads/2017/06/proc%C3%A8s-verbal-30-10-2015.pdf,https://www.holtzheim.alsace/deliberations-du-conseil-municipal-2/,1,COMPTE RENDU DU CONSEIL MUNICIPAL OCTOBRE 2015,,compte rendu;conseil municipal,False,Holtzheim,67212,3850,67
http://www.holtzheim.alsace/wp-content/uploads/2017/06/PROCES-VERBAL-AU-conseil-municipal-10-07-2015-affichage.pdf,https://www.holtzheim.alsace/deliberations-du-conseil-municipal-2/,1,COMPTE RENDU DU CONSEIL MUNICIPAL JUILLET 2015,proces-verbal;conseil-municipal,compte rendu;conseil municipal,True,Holtzheim,67212,3850,67
http://www.holtzheim.alsace/wp-content/uploads/2017/06/proc%C3%A8s-verbal-du-conseil-municipal-du-29-mai-2015.pdf,https://www.holtzheim.alsace/deliberations-du-conseil-municipal-2/,1,COMPTE RENDU DU CONSEIL MUNICIPAL MAI 2015,conseil-municipal,compte rendu;conseil municipal,True,Holtzheim,67212,3850,67
http://www.holtzheim.alsace/wp-content/uploads/2017/06/d%C3%A9lib%C3%A9rations-conseil-municipal-24-avril.pdf,https://www.holtzheim.alsace/deliberations-du-conseil-municipal-2/,1,COMPTE RENDU DU CONSEIL MUNICIPAL AVRIL 2015,conseil-municipal,compte rendu;conseil municipal,True,Holtzheim,67212,3850,67
http://www.holtzheim.alsace/wp-content/uploads/2017/06/DELIBERATION-CM-DU-13MARS-2015.pdf,https://www.holtzheim.alsace/deliberations-du-conseil-municipal-2/,1,COMPTE RENDU DU CONSEIL MUNICIPAL MARS 2015,deliberation;delib;cm-;-cm,compte rendu;conseil municipal,True,Holtzheim,67212,3850,67
http://www.holtzheim.alsace/wp-content/uploads/2017/06/d%C3%A9lib%C3%A9rations-du-conseil-municipal-30-01-15.pdf,https://www.holtzheim.alsace/deliberations-du-conseil-municipal-2/,1,COMPTE RENDU DU CONSEIL MUNICIPAL JANVIER 2015,conseil-municipal,compte rendu;conseil municipal,True,Holtzheim,67212,3850,67
http://www.holtzheim.alsace/wp-content/uploads/2017/06/DELIBERATIONS-du-CONSEIL-MUNICIPAL-s%C3%A9ance-du-12-DECEMBRE-2014.pdf,https://www.holtzheim.alsace/deliberations-du-conseil-municipal-2/,1,COMPTE RENDU DU CONSEIL MUNICIPAL DECEMBRE 2014,deliberation;delib;conseil-municipal,compte rendu;conseil municipal,True,Holtzheim,67212,3850,67
http://www.holtzheim.alsace/wp-content/uploads/2017/06/deliberations-du-conseil-municipal-du-21-novembre-2014.pdf,https://www.holtzheim.alsace/deliberations-du-conseil-municipal-2/,1,COMPTE RENDU DU CONSEIL MUNICIPAL NOVEMBRE 2014,deliberation;delib;conseil-municipal,compte rendu;conseil municipal,True,Holtzheim,67212,3850,67
http://www.holtzheim.alsace/wp-content/uploads/2017/06/compte-rendu-DELIBERATIONS-CONSEIL-MUNICIPAL-DU-16-OCTOBRE-2014.pdf,https://www.holtzheim.alsace/deliberations-du-conseil-municipal-2/,1,COMPTE RENDU DU CONSEIL MUNICIPAL OCTOBRE 2014,deliberation;delib;compte-rendu;conseil-municipal,compte rendu;conseil municipal,True,Holtzheim,67212,3850,67
http://www.holtzheim.alsace/wp-content/uploads/2017/06/ELUS-compte-rendu-du-CONSEIL-MUNICIPAL-DU-12-SEPTEMBRE-2014.pdf,https://www.holtzheim.alsace/deliberations-du-conseil-municipal-2/,1,COMPTE RENDU DU CONSEIL MUNICIPAL SEPTEMBRE 2014,compte-rendu;conseil-municipal,compte rendu;conseil municipal,True,Holtzheim,67212,3850,67
http://www.holtzheim.alsace/wp-content/uploads/2017/06/proc%C3%A8s-verbal-conseil-du-28-07-14_V02.pdf,https://www.holtzheim.alsace/deliberations-du-conseil-municipal-2/,1,COMPTE RENDU DU CONSEIL MUNICIPAL JUILLET 2014,,compte rendu;conseil municipal,False,Holtzheim,67212,3850,67
http://www.holtzheim.alsace/wp-content/uploads/2017/06/PROCES-VERBAL-CONSEIL-MUNICIPAL-DU-20-JUIN-2014.pdf,https://www.holtzheim.alsace/deliberations-du-conseil-municipal-2/,1,COMPTE RENDU DU CONSEIL MUNICIPAL JUIN 2014,proces-verbal;conseil-municipal,compte rendu;conseil municipal,True,Holtzheim,67212,3850,67
http://www.holtzheim.alsace/wp-content/uploads/2017/06/proc%C3%A8s-verbal-du-conseil-municipal-du-15-mai-2014.pdf,https://www.holtzheim.alsace/deliberations-du-conseil-municipal-2/,1,COMPTE RENDU DU CONSEIL MUNICIPAL MAI 2014,conseil-municipal,compte rendu;conseil municipal,True,Holtzheim,67212,3850,67
http://www.holtzheim.alsace/wp-content/uploads/2017/06/POINTS-A-SOUMETTRE-AU-CONSEIL-MUNICIPAL-DU-11-AVRIL-2014.pdf,https://www.holtzheim.alsace/deliberations-du-conseil-municipal-2/,1,COMPTE RENDU DU CONSEIL MUNICIPAL AVRIL 2014,conseil-municipal,compte rendu;conseil municipal,True,Holtzheim,67212,3850,67
http://www.holtzheim.alsace/wp-content/uploads/2017/06/CR-1-DE-LINSTALLATION-DU-CM-LE-23-MARS-2014.pdf,https://www.holtzheim.alsace/deliberations-du-conseil-municipal-2/,1,COMPTE RENDU DE L’INSTALLATION DU CONSEIL MUNICIPAL MARS 2014,cm-;-cm,compte rendu;conseil municipal,True,Holtzheim,67212,3850,67
https://www.holtzheim.alsace/wp-content/uploads/2026/08/Dossier-de-candidature-CMJ-2026-2028-V2.pdf,https://www.holtzheim.alsace/%f0%9f%93%a3-tu-as-des-idees-et-lenvie-de-tinvestir-pour-ton-village-et-si-tu-rejoignais-le-conseil-municipal-des-jeunes/,1,Dossier de candidature CMJ 2026-2028 V2 (format PDF),-cm,,False,Holtzheim,67212,3850,67
https://www.coulommiers.fr/wp-content/uploads/2026/07/Liste-des-deliberations-CM-22-juin-2026.docx.pdf,https://www.coulommiers.fr/votre-ville/les-actes-administratifs/les-deliberations-2/,2,Délibérations du Conseil Municipal du 22 juin 2026,deliberation;delib;cm-;-cm,deliberation;delib;conseil municipal,True,Coulommiers,77131,16374,77
https://www.coulommiers.fr/wp-content/uploads/2026/07/PV-CM-13.04.2026-approuve.pdf,https://www.coulommiers.fr/votre-ville/les-actes-administratifs/les-deliberations-2/,2,Procès verbal du Conseil Municipal du 13 avril 2026,pv-;cm-;-cm,proces verbal;conseil municipal,True,Coulommiers,77131,16374,77
https://www.coulommiers.fr/wp-content/uploads/2026/04/CM-13-AVRIL-2026-Liste-des-deliberations.pdf,https://www.coulommiers.fr/votre-ville/les-actes-administratifs/les-deliberations-2/,2,Délibérations du Conseil Municipal du 13 avril 2026,deliberation;delib;cm-,deliberation;delib;conseil municipal,True,Coulommiers,77131,16374,77
https://www.coulommiers.fr/wp-content/uploads/2026/04/PV-CM-INSTALLATION-21-MARS-2026-adopte.pdf,https://www.coulommiers.fr/votre-ville/les-actes-administratifs/les-deliberations-2/,2,Procès verbal du Conseil Municipal du 21 mars 2026,pv-;cm-;-cm,proces verbal;conseil municipal,True,Coulommiers,77131,16374,77
https://www.coulommiers.fr/wp-content/uploads/2026/04/Liste-des-deliberations-votees-CM-installation-21.03.2026.pdf,https://www.coulommiers.fr/votre-ville/les-actes-administratifs/les-deliberations-2/,2,Délibérations du Conseil Municipal du 21 mars 2026,deliberation;delib;cm-;-cm,deliberation;delib;conseil municipal,True,Coulommiers,77131,16374,77
https://www.coulommiers.fr/wp-content/uploads/2026/04/PV-CM-26.01.2026-valide-par-le-Secretaire-de-seance.pdf,https://www.coulommiers.fr/votre-ville/les-actes-administratifs/les-deliberations-2/,2,Procès verbal du Conseil Municipal du 26 janvier 2026,pv-;cm-;-cm,proces verbal;conseil municipal,True,Coulommiers,77131,16374,77
https://www.coulommiers.fr/wp-content/uploads/2026/01/Releve-deliberations-CM-26-JANVIER-2026.pdf,https://www.coulommiers.fr/votre-ville/les-actes-administratifs/les-deliberations-2/,2,Délibérations du Conseil Municipal du 26 janvier 2026,deliberation;delib;cm-;-cm,deliberation;delib;conseil municipal,True,Coulommiers,77131,16374,77
https://www.coulommiers.fr/wp-content/uploads/2026/01/Proces-verbal-CM-15.12.25-Adopte-le-26.01.2026.pdf,https://www.coulommiers.fr/votre-ville/les-actes-administratifs/les-deliberations-2/,2,Procès verbal du Conseil Municipal du 15 décembre 2025,proces-verbal;cm-;-cm,proces verbal;conseil municipal,True,Coulommiers,77131,16374,77
https://www.coulommiers.fr/wp-content/uploads/2025/12/Releve-deliberations-CM-15-Decembre-2025.pdf,https://www.coulommiers.fr/votre-ville/les-actes-administratifs/les-deliberations-2/,2,Délibérations du Conseil Municipal du 15 décembre 2025,deliberation;delib;cm-;-cm,deliberation;delib;conseil municipal,True,Coulommiers,77131,16374,77
https://www.coulommiers.fr/wp-content/uploads/2025/12/PV-CM-29.09.25-Approuve-15.12.25.pdf,https://www.coulommiers.fr/votre-ville/les-actes-administratifs/les-deliberations-2/,2,Procès verbal du Conseil Municipal du 29 septembre 2025,pv-;cm-;-cm,proces verbal;conseil municipal,True,Coulommiers,77131,16374,77
https://www.coulommiers.fr/wp-content/uploads/2025/10/Ordre-deliberations-CM-29-septembre-2025.pdf,https://www.coulommiers.fr/votre-ville/les-actes-administratifs/les-deliberations-2/,2,Délibérations du Conseil Municipal du 29 septembre 2025,deliberation;delib;cm-;-cm,deliberation;delib;conseil municipal,True,Coulommiers,77131,16374,77
https://www.coulommiers.fr/wp-content/uploads/2025/10/PV-CM-16.06.2025-adopte.pdf,https://www.coulommiers.fr/votre-ville/les-actes-administratifs/les-deliberations-2/,2,Procès verbal du Conseil Municipal du 16 juin 2025,pv-;cm-;-cm,proces verbal;conseil municipal,True,Coulommiers,77131,16374,77
https://www.coulommiers.fr/wp-content/uploads/2025/10/ODJ-avec-Numero-deliberations.pdf,https://www.coulommiers.fr/votre-ville/les-actes-administratifs/les-deliberations-2/,2,Délibérations du Conseil Municipal du 16 juin 2025,deliberation;delib,deliberation;delib;conseil municipal,True,Coulommiers,77131,16374,77
https://www.coulommiers.fr/wp-content/uploads/2025/06/PV-CM-17-mars-2025-approuve.pdf,https://www.coulommiers.fr/votre-ville/les-actes-administratifs/les-deliberations-2/,2,Procès verbal du Conseil Municipal du 17 mars 2025,pv-;cm-;-cm,proces verbal;conseil municipal,True,Coulommiers,77131,16374,77
https://www.coulommiers.fr/wp-content/uploads/2025/03/ODJ-CLOTURE-CM-17.03.2025.pdf,https://www.coulommiers.fr/votre-ville/les-actes-administratifs/les-deliberations-2/,2,Délibérations du Conseil Municipal du 17 mars 2025,cm-;-cm,deliberation;delib;conseil municipal,True,Coulommiers,77131,16374,77
https://www.coulommiers.fr/wp-content/uploads/2025/03/PV-CM-27.01.25-adopte.pdf,https://www.coulommiers.fr/votre-ville/les-actes-administratifs/les-deliberations-2/,2,Procès verbal du Conseil Municipal du 27 janvier 2025,pv-;cm-;-cm,proces verbal;conseil municipal,True,Coulommiers,77131,16374,77
https://www.coulommiers.fr/wp-content/uploads/2025/01/Liste-des-deliberations-CM-27.01.2025.pdf,https://www.coulommiers.fr/votre-ville/les-actes-administratifs/les-deliberations-2/,2,Délibérations du Conseil Municipal du 27 janvier 2025,deliberation;delib;cm-;-cm,deliberation;delib;conseil municipal,True,Coulommiers,77131,16374,77
https://www.coulommiers.fr/wp-content/uploads/2025/01/PV-CM-16.12.2024-adopte-le-27.01.2025.pdf,https://www.coulommiers.fr/votre-ville/les-actes-administratifs/les-deliberations-2/,2,Procès verbal du Conseil Municipal du 16 décembre 2024,pv-;cm-;-cm,proces verbal;conseil municipal,True,Coulommiers,77131,16374,77
https://www.coulommiers.fr/wp-content/uploads/2024/12/liste-des-deliberations-votees-CM-16.12.24.pdf,https://www.coulommiers.fr/votre-ville/les-actes-administratifs/les-deliberations-2/,2,Délibérations du Conseil Municipal du 16 décembre 2024,deliberation;delib;cm-;-cm,deliberation;delib;conseil municipal,True,Coulommiers,77131,16374,77
https://www.coulommiers.fr/wp-content/uploads/2024/12/PV-CM-30.09.24-adopte-le-16.12.2024.pdf,https://www.coulommiers.fr/votre-ville/les-actes-administratifs/les-deliberations-2/,2,Procès verbal du Conseil Municipal du 30 septembre 2024,pv-;cm-;-cm,proces verbal;conseil municipal,True,Coulommiers,77131,16374,77
https://www.coulommiers.fr/wp-content/uploads/2024/10/Releve-des-deliberations-CM-30-septembre-2024.pdf,https://www.coulommiers.fr/votre-ville/les-actes-administratifs/les-deliberations-2/,2,Délibérations du Conseil Municipal du 30 septembre 2024,deliberation;delib;cm-;-cm,deliberation;delib;conseil municipal,True,Coulommiers,77131,16374,77
https://www.coulommiers.fr/wp-content/uploads/2024/10/PV-CM-10.06.2024-approuve.pdf,https://www.coulommiers.fr/votre-ville/les-actes-administratifs/les-deliberations-2/,2,Procès verbal du Conseil Municipal du 10 juin 2024,pv-;cm-;-cm,proces verbal;conseil municipal,True,Coulommiers,77131,16374,77
https://www.coulommiers.fr/wp-content/uploads/2024/06/Releve-des-deliberations-CM-10-juin-2024.pdf,https://www.coulommiers.fr/votre-ville/les-actes-administratifs/les-deliberations-2/,2,Délibérations du Conseil Municipal du 10 juin 2024,deliberation;delib;cm-;-cm,deliberation;delib;conseil municipal,True,Coulommiers,77131,16374,77
https://www.coulommiers.fr/wp-content/uploads/2024/06/PV-CM-08.02.2024-Adopte.pdf,https://www.coulommiers.fr/votre-ville/les-actes-administratifs/les-deliberations-2/,2,Procès verbal du Conseil Municipal du 8 février 2024,pv-;cm-;-cm,proces verbal;conseil municipal,True,Coulommiers,77131,16374,77
https://www.coulommiers.fr/wp-content/uploads/2024/04/Releve-des-deliberations-CM-08-fevrier-2024.pdf,https://www.coulommiers.fr/votre-ville/les-actes-administratifs/les-deliberations-2/,2,Délibérations du Conseil Municipal du 8 février 2024,deliberation;delib;cm-;-cm,deliberation;delib;conseil municipal,True,Coulommiers,77131,16374,77
https://www.coulommiers.fr/wp-content/uploads/2024/02/PV-CM-18.12.2023-adopte-le-08.02.2024.pdf,https://www.coulommiers.fr/votre-ville/les-actes-administratifs/les-deliberations-2/,2,Procès verbal du Conseil municipal du 18 décembre 2023,pv-;cm-;-cm,proces verbal;conseil municipal,True,Coulommiers,77131,16374,77
https://www.coulommiers.fr/wp-content/uploads/2023/12/Deliberations-du-Conseil-Municipal-du-18-decembre-2023.pdf,https://www.coulommiers.fr/votre-ville/les-actes-administratifs/les-deliberations-2/,2,Délibérations du Conseil Municipal du 18 décembre 2023,deliberation;delib;conseil-municipal,deliberation;delib;conseil municipal,True,Coulommiers,77131,16374,77
https://www.coulommiers.fr/wp-content/uploads/2023/12/PV-CM-18.09.2023-A-APPROUVER.pdf,https://www.coulommiers.fr/votre-ville/les-actes-administratifs/les-deliberations-2/,2,Procès verbal du Conseil municipal du 18 septembre 2023,pv-;cm-;-cm,proces verbal;conseil municipal,True,Coulommiers,77131,16374,77
https://www.coulommiers.fr/wp-content/uploads/2023/09/Releve-deliberations-CM-18-septembre-2023.pdf,https://www.coulommiers.fr/votre-ville/les-actes-administratifs/les-deliberations-2/,2,Délibérations du Conseil municipal du 18 septembre 2023,deliberation;delib;cm-;-cm,deliberation;delib;conseil municipal,True,Coulommiers,77131,16374,77
https://www.coulommiers.fr/wp-content/uploads/2023/09/PV-CM-19-JUIN-2023.pdf,https://www.coulommiers.fr/votre-ville/les-actes-administratifs/les-deliberations-2/,2,Procès verbal du Conseil municipal du 19 juin 2023,pv-;cm-;-cm,proces verbal;conseil municipal,True,Coulommiers,77131,16374,77
https://www.coulommiers.fr/wp-content/uploads/2023/06/Releve-deliberations-CM-19-juin-2023.pdf,https://www.coulommiers.fr/votre-ville/les-actes-administratifs/les-deliberations-2/,2,Délibérations du Conseil municipal du 19 juin 2023,deliberation;delib;cm-;-cm,deliberation;delib;conseil municipal,True,Coulommiers,77131,16374,77
https://www.coulommiers.fr/wp-content/uploads/2023/09/PV-CM-09.06.2023.pdf,https://www.coulommiers.fr/votre-ville/les-actes-administratifs/les-deliberations-2/,2,Procès verbal du Conseil municipal du 9 juin 2023,pv-;cm-;-cm,proces verbal;conseil municipal,True,Coulommiers,77131,16374,77
https://www.coulommiers.fr/wp-content/uploads/2023/06/PV-CM-27.03.2023-Cloture.pdf,https://www.coulommiers.fr/votre-ville/les-actes-administratifs/les-deliberations-2/,2,Procès verbal du Conseil municipal du 27 mars 2023,pv-;cm-;-cm,proces verbal;conseil municipal,True,Coulommiers,77131,16374,77
https://www.coulommiers.fr/wp-content/uploads/2023/04/Releve-deliberations-CM-27-mars-2023.pdf,https://www.coulommiers.fr/votre-ville/les-actes-administratifs/les-deliberations-2/,2,Délibérations du Conseil municipal du 27 mars 2023,deliberation;delib;cm-;-cm,deliberation;delib;conseil municipal,True,Coulommiers,77131,16374,77
https://www.coulommiers.fr/wp-content/uploads/2023/04/PV-CM-13.02.23-adopte.pdf,https://www.coulommiers.fr/votre-ville/les-actes-administratifs/les-deliberations-2/,2,Procès verbal du Conseil municipal du 13 février 2023,pv-;cm-;-cm,proces verbal;conseil municipal,True,Coulommiers,77131,16374,77
https://www.coulommiers.fr/wp-content/uploads/2023/02/Proces-verbal-du-Conseil-Municipal-du-13-decembre-2022.pdf,https://www.coulommiers.fr/votre-ville/les-actes-administratifs/les-deliberations-2/,2,Procès verbal du Conseil municipal du 13 décembre 2022,proces-verbal;conseil-municipal,proces verbal;conseil municipal,True,Coulommiers,77131,16374,77
https://www.coulommiers.fr/wp-content/uploads/2022/12/RELEVE-DELIB-CM-13122022-14122022.pdf,https://www.coulommiers.fr/votre-ville/les-actes-administratifs/les-deliberations-2/,2,Délibérations du Conseil municipal du 13 décembre 2022,delib;cm-;-cm,deliberation;delib;conseil municipal,True,Coulommiers,77131,16374,77
https://www.coulommiers.fr/wp-content/uploads/2022/12/PV-CM-03.10.2022-cloture.pdf,https://www.coulommiers.fr/votre-ville/les-actes-administratifs/les-deliberations-2/,2,Procès verbal du Conseil municipal du 3 octobre 2022,pv-;cm-;-cm,proces verbal;conseil municipal,True,Coulommiers,77131,16374,77
https://www.coulommiers.fr/wp-content/uploads/2022/10/Deliberations-CM-031022-05102022.pdf,https://www.coulommiers.fr/votre-ville/les-actes-administratifs/les-deliberations-2/,2,Délibérations du Conseil municipal du 3 octobre 2022,deliberation;delib;cm-;-cm,deliberation;delib;conseil municipal,True,Coulommiers,77131,16374,77
https://www.coulommiers.fr/wp-content/uploads/2022/10/PV-27.06.2022.pdf,https://www.coulommiers.fr/votre-ville/les-actes-administratifs/les-deliberations-2/,2,Procès verbal du Conseil municipal du 27 juin 2022,pv-,proces verbal;conseil municipal,True,Coulommiers,77131,16374,77
https://www.coulommiers.fr/wp-content/uploads/2022/09/PV-CM-19.04.22.pdf,https://www.coulommiers.fr/votre-ville/les-actes-administratifs/les-deliberations-2/,2,Procès verbal du Conseil municipal du 19 avril 2022,pv-;cm-;-cm,proces verbal;conseil municipal,True,Coulommiers,77131,16374,77
https://www.coulommiers.fr/wp-content/uploads/2022/05/PV-CM-07.02.2022.pdf,https://www.coulommiers.fr/votre-ville/les-actes-administratifs/les-deliberations-2/,2,Procès verbal du Conseil municipal du 7 février 2022,pv-;cm-;-cm,proces verbal;conseil municipal,True,Coulommiers,77131,16374,77
https://www.coulommiers.fr/wp-content/uploads/2022/03/PV-CM-15.12.21-adopte.pdf,https://www.coulommiers.fr/votre-ville/les-actes-administratifs/les-deliberations-2/,2,Procès verbal du Conseil municipal du 15 décembre 2021,pv-;cm-;-cm,proces verbal;conseil municipal,True,Coulommiers,77131,16374,77
https://www.coulommiers.fr/wp-content/uploads/2021/06/PV-CM-08.02.21.pdf,https://www.coulommiers.fr/votre-ville/les-actes-administratifs/les-deliberations-2/,2,Procès verbal du Conseil municipal du 8 février 2021,pv-;cm-;-cm,proces verbal;conseil municipal,True,Coulommiers,77131,16374,77
https://www.coulommiers.fr/wp-content/uploads/2021/04/PV14122020.pdf,https://www.coulommiers.fr/votre-ville/les-actes-administratifs/les-deliberations-2/,2,Procès verbal du Conseil municipal du 14 décembre 2020,,proces verbal;conseil municipal,False,Coulommiers,77131,16374,77
https://www.coulommiers.fr/wp-content/uploads/2021/04/PV09112020-valide.pdf,https://www.coulommiers.fr/votre-ville/les-actes-administratifs/les-deliberations-2/,2,Procès verbal du Conseil municipal du 9 novembre 2020,,proces verbal;conseil municipal,False,Coulommiers,77131,16374,77
https://www.coulommiers.fr/wp-content/uploads/2021/04/PROCES-VERBAL-210920-ADOPTE-LE-141220.pdf,https://www.coulommiers.fr/votre-ville/les-actes-administratifs/les-deliberations-2/,2,Procès verbal du Conseil municipal du 21 septembre 2020,proces-verbal,proces verbal;conseil municipal,True,Coulommiers,77131,16374,77
https://www.coulommiers.fr/wp-content/uploads/2021/04/PV-29.06.2020.pdf,https://www.coulommiers.fr/votre-ville/les-actes-administratifs/les-deliberations-2/,2,Procès verbal du Conseil municipal du 29 juin 2020,pv-,proces verbal;conseil municipal,True,Coulommiers,77131,16374,77
https://www.coulommiers.fr/wp-content/uploads/2021/04/PV-adopte-en-ligne.pdf,https://www.coulommiers.fr/votre-ville/les-actes-administratifs/les-deliberations-2/,2,Procès verbal du Conseil municipal du 11 juin 2020,pv-,proces verbal;conseil municipal,True,Coulommiers,77131,16374,77
https://www.coulommiers.fr/wp-content/uploads/2021/04/Proces-verbal-retranscrit-mot-a-mot-CM-INSTALLATION-23.05.2020.pdf,https://www.coulommiers.fr/votre-ville/les-actes-administratifs/les-deliberations-2/,2,Procès verbal du Conseil municipal du 23 mai 2020,proces-verbal;cm-;-cm,proces verbal;conseil municipal,True,Coulommiers,77131,16374,77
https://www.coulommiers.fr/wp-content/uploads/2021/04/compte_rendu-CM-03.02.20.pdf,https://www.coulommiers.fr/votre-ville/les-actes-administratifs/les-deliberations-2/,2,Compte rendu du Conseil municipal du 3 février 2020,compte_rendu;cm-;-cm,compte rendu;conseil municipal,True,Coulommiers,77131,16374,77
https://www.coulommiers.fr/wp-content/uploads/2021/04/PV-09.12.19-repro.pdf,https://www.coulommiers.fr/votre-ville/les-actes-administratifs/les-deliberations-2/,2,Procès verbal du Conseil municipal du 9 décembre 2019,pv-,proces verbal;conseil municipal,True,Coulommiers,77131,16374,77
https://www.coulommiers.fr/wp-content/uploads/2021/04/PV-CM-09.09.19.pdf,https://www.coulommiers.fr/votre-ville/les-actes-administratifs/les-deliberations-2/,2,Procès verbal du Conseil municipal du 9 septembre 2019,pv-;cm-;-cm,proces verbal;conseil municipal,True,Coulommiers,77131,16374,77
https://www.coulommiers.fr/wp-content/uploads/2021/04/PV-CM-17.06.19.pdf,https://www.coulommiers.fr/votre-ville/les-actes-administratifs/les-deliberations-2/,2,Procès verbal du Conseil municipal du 17 juin 2019,pv-;cm-;-cm,proces verbal;conseil municipal,True,Coulommiers,77131,16374,77
https://www.coulommiers.fr/wp-content/uploads/2021/04/Proces-verbal-du-Conseil-municipal-du-23-mars-2019.pdf,https://www.coulommiers.fr/votre-ville/les-actes-administratifs/les-deliberations-2/,2,Procès verbal du Conseil municipal du 23 mars 2019,proces-verbal;conseil-municipal,proces verbal;conseil municipal,True,Coulommiers,77131,16374,77
https://www.coulommiers.fr/wp-content/uploads/2021/04/Proces-verbal-du-Conseil-municipal-du-4-fevrier-2019.pdf,https://www.coulommiers.fr/votre-ville/les-actes-administratifs/les-deliberations-2/,2,Procès verbal du Conseil municipal du 4 février 2019,proces-verbal;conseil-municipal,proces verbal;conseil municipal,True,Coulommiers,77131,16374,77
https://www.coulommiers.fr/wp-content/uploads/2021/04/Proces-verbal-du-Conseil-municipal-du-3-decembre-2018.pdf,https://www.coulommiers.fr/votre-ville/les-actes-administratifs/les-deliberations-2/,2,Procès verbal du Conseil municipal du 3 décembre 2018,proces-verbal;conseil-municipal,proces verbal;conseil municipal,True,Coulommiers,77131,16374,77
https://www.coulommiers.fr/wp-content/uploads/2021/04/Proces-verbal-du-Conseil-municipal-du-17-septembre-2018.pdf,https://www.coulommiers.fr/votre-ville/les-actes-administratifs/les-deliberations-2/,2,Procès verbal du Conseil municipal du 17 septembre 2018,proces-verbal;conseil-municipal,proces verbal;conseil municipal,True,Coulommiers,77131,16374,77
https://www.coulommiers.fr/wp-content/uploads/2021/04/Proces-verbal-du-Conseil-municipal-du-25-juin-2018.pdf,https://www.coulommiers.fr/votre-ville/les-actes-administratifs/les-deliberations-2/,2,Procès verbal du Conseil municipal du 25 juin 2018,proces-verbal;conseil-municipal,proces verbal;conseil municipal,True,Coulommiers,77131,16374,77
https://www.coulommiers.fr/wp-content/uploads/2021/04/Proces-verbal-du-Conseil-municipal-du-26-mars-2018.pdf,https://www.coulommiers.fr/votre-ville/les-actes-administratifs/les-deliberations-2/,2,Procès verbal du Conseil municipal du 26 mars 2018,proces-verbal;conseil-municipal,proces verbal;conseil municipal,True,Coulommiers,77131,16374,77
https://www.coulommiers.fr/wp-content/uploads/2021/04/Proces-verbal-du-Conseil-municipal-du-5-fevrier-2018.pdf,https://www.coulommiers.fr/votre-ville/les-actes-administratifs/les-deliberations-2/,2,Procès verbal du Conseil municipal du 5 février 2018,proces-verbal;conseil-municipal,proces verbal;conseil municipal,True,Coulommiers,77131,16374,77
https://www.villedegien.fr/wp-content/uploads/Deliberations-du-Conseil-Municipal-du-16-06-2026.pdf,https://www.villedegien.fr/deliberations/,1,Délibérations du Conseil Municipal du 22 juin,deliberation;delib;conseil-municipal,deliberation;delib;conseil municipal,True,Gien,45155,13459,45
https://www.villedegien.fr/wp-content/uploads/Liste-des-deliberations-examinees-par-le-Conseil-Municipal-le-22-juin-2026.pdf,https://www.villedegien.fr/deliberations/,1,Liste des délibérations examinées par le Conseil Municipal le 22 juin,deliberation;delib;conseil-municipal,deliberation;delib;conseil municipal,True,Gien,45155,13459,45
https://www.villedegien.fr/wp-content/uploads/PV-du-CM-du-28-04-2026-signe.pdf,https://www.villedegien.fr/deliberations/,1,Procès Verbal du Conseil Municipal du 28 avril,pv-;cm-;-cm,proces verbal;conseil municipal,True,Gien,45155,13459,45
https://www.villedegien.fr/wp-content/uploads/DEL_Complet_CM28_4_26.pdf,https://www.villedegien.fr/deliberations/,1,Délibérations du Conseil Municipal du 28 avril,,deliberation;delib;conseil municipal,False,Gien,45155,13459,45
https://www.villedegien.fr/wp-content/uploads/Liste-des-deliberations-examinees-par-le-Conseil-Municipal-le-28-avril-2026.pdf,https://www.villedegien.fr/deliberations/,1,Liste des délibérations examinées par le Conseil Municipal le 28 avril,deliberation;delib;conseil-municipal,deliberation;delib;conseil municipal,True,Gien,45155,13459,45
https://www.villedegien.fr/wp-content/uploads/PV-du-CM-du-01-04-2026-signe.pdf,https://www.villedegien.fr/deliberations/,1,Procès Verbal du Conseil Municipal du 1er avril,pv-;cm-;-cm,proces verbal;conseil municipal,True,Gien,45155,13459,45
https://www.villedegien.fr/wp-content/uploads/Deliberations-du-Conseil-Municipal-du-1er-avril-2026.pdf,https://www.villedegien.fr/deliberations/,1,Délibérations du Conseil Municipal du 1er avril,deliberation;delib;conseil-municipal,deliberation;delib;conseil municipal,True,Gien,45155,13459,45
https://www.villedegien.fr/wp-content/uploads/Liste-des-deliberations-examinees-par-le-Conseil-Municipal-du-01-04-2026.pdf,https://www.villedegien.fr/deliberations/,1,Liste des délibérations examinées lors du Conseil Municipal du 20 mars,deliberation;delib;conseil-municipal,deliberation;delib;conseil municipal,True,Gien,45155,13459,45
https://www.villedegien.fr/wp-content/uploads/PV-du-CM-du-20-03-2026.pdf,https://www.villedegien.fr/deliberations/,1,Procès Verbal du Conseil Municipal du 20 mars,pv-;cm-;-cm,proces verbal;conseil municipal,True,Gien,45155,13459,45
https://www.villedegien.fr/wp-content/uploads/Deliberations-du-Conseil-Municipal-de-la-Ville-de-Gien-du-20-03-2026.pdf,https://www.villedegien.fr/deliberations/,1,Délibérations du Conseil Municipal du 20 mars,deliberation;delib;conseil-municipal,deliberation;delib;conseil municipal,True,Gien,45155,13459,45
https://www.villedegien.fr/wp-content/uploads/Liste-des-deliberations-examinees-par-le-Conseil-Municipal-le-20-mars-2026.pdf,https://www.villedegien.fr/deliberations/,1,Liste des délibérations examinées par le Conseil Municipal du 20 mars,deliberation;delib;conseil-municipal,deliberation;delib;conseil municipal,True,Gien,45155,13459,45
https://www.villedegien.fr/wp-content/uploads/PV-de-lelection-du-Maire-et-des-Adjoints.pdf,https://www.villedegien.fr/deliberations/,1,Procès Verbal du Conseil Municipal du 20 mars 2026 – Election du Maire et des Adjoints,pv-,proces verbal;conseil municipal,True,Gien,45155,13459,45
https://www.villedegien.fr/wp-content/uploads/PV-de-lelection-du-Maire-Delegue-dArrabloy.pdf,https://www.villedegien.fr/deliberations/,1,Procès Verbal du Conseil Municipal du 20 mars – Election du Maire Délégué d’Arrabloy,pv-,proces verbal;conseil municipal,True,Gien,45155,13459,45
https://www.villedegien.fr/wp-content/uploads/PV-du-CM-du-03-12-2025.pdf,https://www.villedegien.fr/deliberations/,1,Procès Verbal du Conseil Municipal du 03 décembre 2025,pv-;cm-;-cm,proces verbal;conseil municipal,True,Gien,45155,13459,45
https://www.villedegien.fr/wp-content/uploads/Deliberations-avec-les-pieces-annexes-du-CM-du-03-12-2025.pdf,https://www.villedegien.fr/deliberations/,1,Délibérations avec les pièces annexes du Conseil Municipale du 03 décembre 2025,deliberation;delib;cm-;-cm,deliberation;delib;conseil municipal,True,Gien,45155,13459,45
https://www.villedegien.fr/wp-content/uploads/PV-du-CM-du-24-09-2025-1.pdf,https://www.villedegien.fr/deliberations/,1,Liste des délibérations examinées par le Conseil Municipal du 03 décembre 2025,pv-;cm-;-cm,deliberation;delib;conseil municipal,True,Gien,45155,13459,45
https://www.villedegien.fr/wp-content/uploads/Liste-des-deliberations-examinees-par-le-Conseil-Municipal-du-03-12-2025.pdf,https://www.villedegien.fr/deliberations/,1,Procès Verbal du Conseil Municipal du 24 septembre 2025,deliberation;delib;conseil-municipal,proces verbal;conseil municipal,True,Gien,45155,13459,45
https://www.villedegien.fr/wp-content/uploads/Deliberations-avec-les-pieces-annexes-du-Conseil-Municipal-du-24-septembre-2025.pdf,https://www.villedegien.fr/deliberations/,1,Délibérations avec pièces annexes du Conseil Municipal du 24 septembre 2025,deliberation;delib;conseil-municipal,deliberation;delib;conseil municipal,True,Gien,45155,13459,45
https://www.villedegien.fr/wp-content/uploads/Liste-des-deliberations-examinees-par-le-Conseil-Municipal-du-24-09-2025.pdf,https://www.villedegien.fr/deliberations/,1,Liste des délibérations examinées par le Conseil Municipal du 24 septembre 2025,deliberation;delib;conseil-municipal,deliberation;delib;conseil municipal,True,Gien,45155,13459,45
https://www.villedegien.fr/wp-content/uploads/PV-du-CM-du-25-06-2025.pdf,https://www.villedegien.fr/deliberations/,1,Procès Verbal du Conseil Municipal du 25 juin 2025,pv-;cm-;-cm,proces verbal;conseil municipal,True,Gien,45155,13459,45
https://www.villedegien.fr/wp-content/uploads/Deliberations-avec-pieces-annexes-du-CM-du-25-06-2025.pdf,https://www.villedegien.fr/deliberations/,1,Délibérations avec pièces annexes du Conseil Municipal du 25 juin 2025,deliberation;delib;cm-;-cm,deliberation;delib;conseil municipal,True,Gien,45155,13459,45
https://www.villedegien.fr/wp-content/uploads/Liste-des-deliberations-examinees-par-le-Conseil-Municipal-du-25-06-2025.pdf,https://www.villedegien.fr/deliberations/,1,Liste des délibérations examinées par le Conseil Municipal du 25 juin 2025,deliberation;delib;conseil-municipal,deliberation;delib;conseil municipal,True,Gien,45155,13459,45
https://www.villedegien.fr/wp-content/uploads/PV-du-CM-du-14-05-2025.pdf,https://www.villedegien.fr/deliberations/,1,Procès Verbal du Conseil Municipal du 14 mai 2025,pv-;cm-;-cm,proces verbal;conseil municipal,True,Gien,45155,13459,45
https://www.villedegien.fr/wp-content/uploads/Deliberations-avec-pieces-annexes-du-CM-du-14-05-2025-2.pdf,https://www.villedegien.fr/deliberations/,1,Délibérations avec pièces annexes du Conseil Municipal du 14 mai 2025,deliberation;delib;cm-;-cm,deliberation;delib;conseil municipal,True,Gien,45155,13459,45
https://www.villedegien.fr/wp-content/uploads/PV-du-CM-du-26-03-2025.pdf,https://www.villedegien.fr/deliberations/,1,Procès Verbal du Conseil Municipal du 26 mars 2025,pv-;cm-;-cm,proces verbal;conseil municipal,True,Gien,45155,13459,45
https://www.villedegien.fr/wp-content/uploads/Liste-des-deliberations-examinees-par-le-Conseil-Municipal-du-14-05-2025.pdf,https://www.villedegien.fr/deliberations/,1,Liste des délibérations examinées par le Conseil Municipal du 14 mai 2025,deliberation;delib;conseil-municipal,deliberation;delib;conseil municipal,True,Gien,45155,13459,45
https://www.villedegien.fr/wp-content/uploads/Deliberations-avec-pieces-annexes-du-CM-du-26-03-2025.pdf,https://www.villedegien.fr/deliberations/,1,Délibérations avec pièces annexes du Conseil Municipal du 26 mars 2025,deliberation;delib;cm-;-cm,deliberation;delib;conseil municipal,True,Gien,45155,13459,45
https://www.villedegien.fr/wp-content/uploads/Liste-des-deliberations-examinees-par-le-Conseil-Municipal-du-26-03-2025.pdf,https://www.villedegien.fr/deliberations/,1,Liste des délibérations du Conseil Municipal du 26 mars 2025,deliberation;delib;conseil-municipal,deliberation;delib;conseil municipal,True,Gien,45155,13459,45
https://www.villedegien.fr/wp-content/uploads/PV-du-CM-du-05-02-2025.pdf,https://www.villedegien.fr/deliberations/,1,Procès Verbal du Conseil Municipal du 05 février 2025,pv-;cm-;-cm,proces verbal;conseil municipal,True,Gien,45155,13459,45
https://www.villedegien.fr/wp-content/uploads/Liste-des-deliberations-examinees-par-le-Conseil-Municipal-du-05-02-2025.pdf,https://www.villedegien.fr/deliberations/,1,Liste des délibérations du Conseil Municipal du 05 février 2025,deliberation;delib;conseil-municipal,deliberation;delib;conseil municipal,True,Gien,45155,13459,45
https://www.villedegien.fr/wp-content/uploads/PV-du-CM-du-18-12-2024.pdf,https://www.villedegien.fr/deliberations/,1,Procès Verbal du Conseil Municipal du 18 décembre 2024,pv-;cm-;-cm,proces verbal;conseil municipal,True,Gien,45155,13459,45
https://www.villedegien.fr/wp-content/uploads/Deliberations-du-18-12-2024.pdf,https://www.villedegien.fr/deliberations/,1,Délibérations du Conseil Municipal du 18 décembre 2024,deliberation;delib,deliberation;delib;conseil municipal,True,Gien,45155,13459,45
https://www.villedegien.fr/wp-content/uploads/Liste-des-deliberations-examinees-par-le-Conseil-Municipal-du-18-12-2024.pdf,https://www.villedegien.fr/deliberations/,1,Liste des délibérations du Conseil Municipal du 18 décembre 2024,deliberation;delib;conseil-municipal,deliberation;delib;conseil municipal,True,Gien,45155,13459,45
https://www.villedegien.fr/wp-content/uploads/Liste-des-deliberations-examinees-par-le-Conseil-Municipal-du-6-11-2024.pdf,https://www.villedegien.fr/deliberations/,1,Liste des délibérations du Conseil Municipal du 6 novembre 2024,deliberation;delib;conseil-municipal,deliberation;delib;conseil municipal,True,Gien,45155,13459,45
https://www.villedegien.fr/wp-content/uploads/delerations-CM-du-6-nov.pdf,https://www.villedegien.fr/deliberations/,1,Délibérations du Conseil Municipal du 6 novembre 2024,cm-;-cm,deliberation;delib;conseil municipal,True,Gien,45155,13459,45
https://www.villedegien.fr/wp-content/uploads/PV-du-CM-du-25-09-2024.pdf,https://www.villedegien.fr/deliberations/,1,Procès Verbal du Conseil Municipal du 25 septembre 2024,pv-;cm-;-cm,proces verbal;conseil municipal,True,Gien,45155,13459,45
https://www.villedegien.fr/wp-content/uploads/Deliberations-avec-pieces-annexes-du-CM-du-25-09-2024.pdf,https://www.villedegien.fr/deliberations/,1,Délibérations du Conseil Municipal du 25 septembre 2024,deliberation;delib;cm-;-cm,deliberation;delib;conseil municipal,True,Gien,45155,13459,45
https://www.villedegien.fr/wp-content/uploads/PV-du-CM-du-26-06-2024.pdf,https://www.villedegien.fr/deliberations/,1,Procès Verbal du Conseil Municipal du 26 juin 2024,pv-;cm-;-cm,proces verbal;conseil municipal,True,Gien,45155,13459,45
https://www.villedegien.fr/wp-content/uploads/Liste-des-deliberations-examinees-par-le-Conseil-Municipal-du-25-septembre-2024.pdf,https://www.villedegien.fr/deliberations/,1,Liste des délibérations examinées lors du Conseil Municipal du 25 septembre 2024,deliberation;delib;conseil-municipal,deliberation;delib;conseil municipal,True,Gien,45155,13459,45
https://www.villedegien.fr/wp-content/uploads/Deliberations_26_juin-2024.pdf,https://www.villedegien.fr/deliberations/,1,Délibérations du 26 juin 2024,deliberation;delib,deliberation;delib,True,Gien,45155,13459,45
https://www.villedegien.fr/wp-content/uploads/Liste-des-deliberations-examinees-par-le-Conseil-Municipal-du-26-juin-2024.pdf,https://www.villedegien.fr/deliberations/,1,Liste des délibérations examinées lors du Conseil Municipal du 26 juin 2024,deliberation;delib;conseil-municipal,deliberation;delib;conseil municipal,True,Gien,45155,13459,45
https://www.villedegien.fr/wp-content/uploads/PV-du-CM-du-03-04-2024.pdf,https://www.villedegien.fr/deliberations/,1,Procès Verbal du Conseil Municipal du 3 avril 2024,pv-;cm-;-cm,proces verbal;conseil municipal,True,Gien,45155,13459,45
https://www.villedegien.fr/wp-content/uploads/Annexes-Deliberations-du-3-avril-2024.pdf,https://www.villedegien.fr/deliberations/,1,Délibérations du 3 avril 2024,deliberation;delib,deliberation;delib,True,Gien,45155,13459,45
https://www.villedegien.fr/wp-content/uploads/Liste-des-deliberations-examinees-par-le-Conseil-Municipal-du-3-avril-2024.pdf,https://www.villedegien.fr/deliberations/,1,Liste des délibérations examinées lors du Conseil Municipal du 3 avril 2024,deliberation;delib;conseil-municipal,deliberation;delib;conseil municipal,True,Gien,45155,13459,45
https://www.villedegien.fr/wp-content/uploads/PV-du-CM-du-14-02-2024.pdf,https://www.villedegien.fr/deliberations/,1,Procès Verbal du Conseil Municipal du 14 février 2024,pv-;cm-;-cm,proces verbal;conseil municipal,True,Gien,45155,13459,45
https://www.villedegien.fr/wp-content/uploads/Deliberations-du-14-fevrier-2024.pdf,https://www.villedegien.fr/deliberations/,1,Délibérations du 14 février 2024,deliberation;delib,deliberation;delib,True,Gien,45155,13459,45
https://www.villedegien.fr/wp-content/uploads/Liste-des-deliberations-examinees-par-le-Conseil-Municipal-du-14-fevrier-2024.pdf,https://www.villedegien.fr/deliberations/,1,Liste des délibérations examinées lors du Conseil Municipal du 14 février 2024,deliberation;delib;conseil-municipal,deliberation;delib;conseil municipal,True,Gien,45155,13459,45
https://www.villedegien.fr/wp-content/uploads/PV-du-CM-du-13-12-2023.pdf,https://www.villedegien.fr/deliberations/,1,Procès Verbal du Conseil Municipal du 13 décembre 2023,pv-;cm-;-cm,proces verbal;conseil municipal,True,Gien,45155,13459,45
https://www.villedegien.fr/wp-content/uploads/Deliberations-du-CM-du-13-12-2023.pdf,https://www.villedegien.fr/deliberations/,1,Délibérations du 13 décembre 2023,deliberation;delib;cm-;-cm,deliberation;delib,True,Gien,45155,13459,45
https://www.villedegien.fr/wp-content/uploads/Liste-des-deliberations-examinees-par-le-Conseil-Municipal-du-13-decembre-2023.pdf,https://www.villedegien.fr/deliberations/,1,Liste des délibérations examinées lors du Conseil Municipal du 13 décembre 2023,deliberation;delib;conseil-municipal,deliberation;delib;conseil municipal,True,Gien,45155,13459,45
https://www.villedegien.fr/wp-content/uploads/PV-du-CM-du-8-11-2023.pdf,https://www.villedegien.fr/deliberations/,1,Procès Verbal du Conseil Municipal du 8 novembre 2023,pv-;cm-;-cm,proces verbal;conseil municipal,True,Gien,45155,13459,45
https://www.villedegien.fr/wp-content/uploads/Deliberations-8-novembre-2023.pdf,https://www.villedegien.fr/deliberations/,1,Délibérations du 8 novembre 2023,deliberation;delib,deliberation;delib,True,Gien,45155,13459,45
https://www.villedegien.fr/wp-content/uploads/Deliberations-avec-pieces-annexes-du-CM-du-27-09-2023.pdf,https://www.villedegien.fr/deliberations/,1,Délibérations du 27 septembre 2023,deliberation;delib;cm-;-cm,deliberation;delib,True,Gien,45155,13459,45
https://www.villedegien.fr/wp-content/uploads/Liste-des-deliberations-examinees-par-le-Conseil-Municipal-lors-de-la-seance-du-27-septembre-2023.pdf,https://www.villedegien.fr/deliberations/,1,Liste des délibérations examinées lors du Conseil Municipal du 27 septembre 2023,deliberation;delib;conseil-municipal;seance-du,deliberation;delib;conseil municipal,True,Gien,45155,13459,45
https://www.villedegien.fr/wp-content/uploads/PV-du-CM-du-21-06-2023.pdf,https://www.villedegien.fr/deliberations/,1,Procès Verbal du Conseil Municipal du 21 juin 2023,pv-;cm-;-cm,proces verbal;conseil municipal,True,Gien,45155,13459,45
https://www.villedegien.fr/wp-content/uploads/Deliberations-avec-pieces-annexes-du-CM-du-21-06-2023.pdf,https://www.villedegien.fr/deliberations/,1,Délibérations du 28 juin 2023,deliberation;delib;cm-;-cm,deliberation;delib,True,Gien,45155,13459,45
https://www.villedegien.fr/wp-content/uploads/Liste-des-deliberations-examinees-par-le-Conseil-Municipal-lors-de-la-seance-du-21-juin-2023.pdf,https://www.villedegien.fr/deliberations/,1,Liste des délibérations examinées lors du Conseil Municipal du 21 juin 2023,deliberation;delib;conseil-municipal;seance-du,deliberation;delib;conseil municipal,True,Gien,45155,13459,45
https://www.villedegien.fr/wp-content/uploads/Deliberations-du-09-06-2023.pdf,https://www.villedegien.fr/deliberations/,1,Délibérations du 9 juin 2023,deliberation;delib,deliberation;delib,True,Gien,45155,13459,45
https://www.villedegien.fr/wp-content/uploads/PV-du-Conseil-Municipal-du-3-mai-2023.pdf,https://www.villedegien.fr/deliberations/,1,Procès Verbal du Conseil Municipal du 3 mai 2023,pv-;conseil-municipal,proces verbal;conseil municipal,True,Gien,45155,13459,45
https://www.villedegien.fr/wp-content/uploads/Liste-des-deliberations-examinees-par-le-CM.pdf,https://www.villedegien.fr/deliberations/,1,Liste des délibérations examinées lors du Conseil Municipal du 9 juin 2023,deliberation;delib;-cm,deliberation;delib;conseil municipal,True,Gien,45155,13459,45
https://www.villedegien.fr/wp-content/uploads/Deliberations-du-Conseil-Municipale-du-3-mai-2023.pdf,https://www.villedegien.fr/deliberations/,1,Délibérations du 3 mai 2023,deliberation;delib;conseil-municipal,deliberation;delib,True,Gien,45155,13459,45
https://www.villedegien.fr/wp-content/uploads/PV-du-Conseil-Municipal-du-30-mars-2023-1.pdf,https://www.villedegien.fr/deliberations/,1,Procès Verbal du Conseil Municipal du 30 mars 2023,pv-;conseil-municipal,proces verbal;conseil municipal,True,Gien,45155,13459,45
https://www.villedegien.fr/wp-content/uploads/Liste-des-deliberations-examinees-lors-du-Conseil-Municipal-du-3-mai-2023.pdf,https://www.villedegien.fr/deliberations/,1,Liste des délibérations examinées lors du Conseil Municipal du 3 mai 2023,deliberation;delib;conseil-municipal,deliberation;delib;conseil municipal,True,Gien,45155,13459,45
https://www.villedegien.fr/wp-content/uploads/PV-du-CM-du-01-02-2023.pdf,https://www.villedegien.fr/deliberations/,1,Procès Verbal du Conseil Municipal du 1er février 2023,pv-;cm-;-cm,proces verbal;conseil municipal,True,Gien,45155,13459,45
https://www.villedegien.fr/wp-content/uploads/Liste-des-deliberations-examinees-lors-du-Conseil-Municipal-du-30-03-2023.pdf,https://www.villedegien.fr/deliberations/,1,Liste des délibérations examinées lors du Conseil Municipal du 30 mars 2023,deliberation;delib;conseil-municipal,deliberation;delib;conseil municipal,True,Gien,45155,13459,45
https://www.villedegien.fr/wp-content/uploads/Deliberations-CM-01-fevrier-2023.pdf,https://www.villedegien.fr/deliberations/,1,Délibérations du 1er février 2023,deliberation;delib;cm-;-cm,deliberation;delib,True,Gien,45155,13459,45
https://www.villedegien.fr/wp-content/uploads/Liste-des-deliberations-examinees-lors-du-CM-du-1er-2-2023.pdf,https://www.villedegien.fr/deliberations/,1,Liste des délibérations examinées lors du Conseil Municipal du 1er février 2023,deliberation;delib;cm-;-cm,deliberation;delib;conseil municipal,True,Gien,45155,13459,45
https://www.villedegien.fr/wp-content/uploads/PV-du-CM-du-14-12-2022.pdf,https://www.villedegien.fr/deliberations/,1,Procès Verbal du Conseil Municipal du 14 12 2022,pv-;cm-;-cm,proces verbal;conseil municipal,True,Gien,45155,13459,45
https://www.villedegien.fr/wp-content/uploads/deliberations-Conseil-Municipal-du-14-12-2022.pdf,https://www.villedegien.fr/deliberations/,1,Délibérations du 14 12 2022,deliberation;delib;conseil-municipal,deliberation;delib,True,Gien,45155,13459,45
https://www.villedegien.fr/wp-content/uploads/PV-du-CM-du-16-11-2022.pdf,https://www.villedegien.fr/deliberations/,1,Procès Verbal du Conseil Municipal du 16 11 2022,pv-;cm-;-cm,proces verbal;conseil municipal,True,Gien,45155,13459,45
https://www.villedegien.fr/wp-content/uploads/Liste-des-deliberations-examinees-lors-du-CM-du-14-12-2022.pdf,https://www.villedegien.fr/deliberations/,1,Liste des délibérations examinées lors du Conseil Municipal du 14 12 2022,deliberation;delib;cm-;-cm,deliberation;delib;conseil municipal,True,Gien,45155,13459,45
https://www.villedegien.fr/wp-content/uploads/Deliberations_CM_16_11_2022.pdf,https://www.villedegien.fr/deliberations/,1,Délibérations du 16 11 2022,deliberation;delib,deliberation;delib,True,Gien,45155,13459,45
https://www.villedegien.fr/wp-content/uploads/Liste-des-deliberations-examinees-lors-du-CM-du-16-11-2022.pdf,https://www.villedegien.fr/deliberations/,1,Liste des délibérations examinées lors du Conseil Municipal du 16 11 2022,deliberation;delib;cm-;-cm,deliberation;delib;conseil municipal,True,Gien,45155,13459,45
https://www.villedegien.fr/wp-content/uploads/PV-du-CM-du-28-09-2022-valide-et-signe-lors-du-CM-du-16-11-2022.pdf,https://www.villedegien.fr/deliberations/,1,Procès Verbal du Conseil Municipal du 28 09 2022,pv-;cm-;-cm,proces verbal;conseil municipal,True,Gien,45155,13459,45
https://www.villedegien.fr/wp-content/uploads/Deliberations-avec-pieces-annexes-du-CM-du-28-09-2022.pdf,https://www.villedegien.fr/deliberations/,1,Délibérations avec pièces annexes du Conseil Municipal du 28 09 2022,deliberation;delib;cm-;-cm,deliberation;delib;conseil municipal,True,Gien,45155,13459,45
https://www.villedegien.fr/wp-content/uploads/Ordre-du-jour-du-CM-du-24-09-2025.pdf,https://www.villedegien.fr/conseil-municipal/,1,PDF,cm-;-cm,,False,Gien,45155,13459,45
https://www.villedegien.fr/wp-content/uploads/Ordre-du-Jour-CM-25-juin-2025.pdf,https://www.villedegien.fr/conseil-municipal/,1,PDF,cm-;-cm,,False,Gien,45155,13459,45
https://www.villedegien.fr/wp-content/uploads/Convocation-CM-25-juin-2025.pdf,https://www.villedegien.fr/conseil-municipal/,1,PDF,cm-;-cm,,False,Gien,45155,13459,45
https://www.villedegien.fr/wp-content/uploads/Ordre-du-jour-CM-25-sept.pdf,https://www.villedegien.fr/conseil-municipal/,1,PDF,cm-;-cm,,False,Gien,45155,13459,45
https://www.villedegien.fr/wp-content/uploads/Convocation-CM-25-sept.pdf,https://www.villedegien.fr/conseil-municipal/,1,PDF,cm-;-cm,,False,Gien,45155,13459,45
https://www.villedegien.fr/wp-content/uploads/Ordre-du-jour-CM-28-juin-2024.pdf,https://www.villedegien.fr/conseil-municipal/,1,PDF,cm-;-cm,,False,Gien,45155,13459,45
https://www.villedegien.fr/wp-content/uploads/Convocation-CM-28-juin-2024.pdf,https://www.villedegien.fr/conseil-municipal/,1,PDF,cm-;-cm,,False,Gien,45155,13459,45
https://www.villedegien.fr/wp-content/uploads/Ordre-du-jour-CM-03-avril-2024.pdf,https://www.villedegien.fr/conseil-municipal/,1,PDF,cm-;-cm,,False,Gien,45155,13459,45
https://www.villedegien.fr/wp-content/uploads/ODJ-du-CM-du-14-02-2024-1.pdf,https://www.villedegien.fr/conseil-municipal/,1,PDF,cm-;-cm,,False,Gien,45155,13459,45
https://www.villedegien.fr/wp-content/uploads/Liste-des-deliberations-examinees-lors-du-Conseil-Municipal-du-3-mai-2023-1.pdf,https://www.villedegien.fr/conseil-municipal/,1,PDF,deliberation;delib;conseil-municipal,,False,Gien,45155,13459,45
https://www.villedegien.fr/wp-content/uploads/PV-du-Conseil-Municipal-du-30-mars-2023.pdf,https://www.villedegien.fr/conseil-municipal/,1,PDF,pv-;conseil-municipal,,False,Gien,45155,13459,45
https://www.villedegien.fr/wp-content/uploads/Deliberations-Conseil-municipal-du-30-mars-2023.pdf,https://www.villedegien.fr/conseil-municipal/,1,PDF,deliberation;delib;conseil-municipal,,False,Gien,45155,13459,45
https://www.villedegien.fr/wp-content/uploads/PV-du-CM-du-01-02-2023-signe-1.pdf,https://www.villedegien.fr/conseil-municipal/,1,PDF,pv-;cm-;-cm,,False,Gien,45155,13459,45
https://www.villedegien.fr/wp-content/uploads/Ordre-du-jour-CM-du-28-09-2022.pdf,https://www.villedegien.fr/conseil-municipal/,1,PDF,cm-;-cm,,False,Gien,45155,13459,45
https://www.villedegien.fr/wp-content/uploads/CR_Conseil_Municipal_27_06_2022.pdf,https://www.villedegien.fr/conseil-municipal/,1,PDF,conseil_municipal,,False,Gien,45155,13459,45
https://www.villedegien.fr/wp-content/uploads/CR-du-CM-du-27-04-2022.pdf,https://www.villedegien.fr/conseil-municipal/,1,PDF,cm-;-cm,,False,Gien,45155,13459,45
https://www.villedegien.fr/wp-content/uploads/CR-du-CM-du-23-02-2022.pdf,https://www.villedegien.fr/conseil-municipal/,1,PDF,cm-;-cm,,False,Gien,45155,13459,45
https://www.villedegien.fr/wp-content/uploads/CR-du-CM-15-12-2021.pdf,https://www.villedegien.fr/conseil-municipal/,1,PDF,cm-;-cm,,False,Gien,45155,13459,45
https://www.villedegien.fr/wp-content/uploads/Compte_rendu_conseil_municipal_10_juin_2020.pdf,https://www.villedegien.fr/conseil-municipal/,1,10.06.2020,compte_rendu;conseil_municipal,,False,Gien,45155,13459,45
https://www.villedegien.fr/wp-content/uploads/CR_Conseil_Municipal_24_01_18.pdf,https://www.villedegien.fr/conseil-municipal/,1,PDF détaillé,conseil_municipal,,False,Gien,45155,13459,45
https://www.villedegien.fr/wp-content/uploads/CR_Conseil_Municipal_20_12_17.pdf,https://www.villedegien.fr/conseil-municipal/,1,PDF détaillé,conseil_municipal,,False,Gien,45155,13459,45
https://www.saintmitrelesremparts.fr/wp-content/uploads/2026/05/Dossier-de-candidature-CMJ-2026-2028.pdf,https://www.saintmitrelesremparts.fr/conseil-municipal-des-jeunes/,1,Dossier de candidature CMJ 2026-2028 508ko - PDF,-cm,,False,Saint-Mitre-les-Remparts,13098,6175,13
https://www.saintmitrelesremparts.fr/wp-content/uploads/2025/05/reglement-cmj.pdf,https://www.saintmitrelesremparts.fr/conseil-municipal-des-jeunes/,1,Règlement Conseil municipal des jeunes 498.11 ko - PDF,-cm,conseil municipal,True,Saint-Mitre-les-Remparts,13098,6175,13
https://www.saintmitrelesremparts.fr/wp-content/uploads/2023/10/Deliberations-du-CM-du-21-novembre-2022.pdf,https://www.saintmitrelesremparts.fr/registre-des-actes-administratifs/,1,Délibérations du CM du 21 novembre 2022,deliberation;delib;cm-;-cm,deliberation;delib,True,Saint-Mitre-les-Remparts,13098,6175,13
https://www.saintmitrelesremparts.fr/wp-content/uploads/2020/11/AR-01-Règlement-intérieur-CM.pdf,https://www.saintmitrelesremparts.fr/registre-des-actes-administratifs/,1,Règlement intérieur du Conseil Municipal,-cm,conseil municipal,True,Saint-Mitre-les-Remparts,13098,6175,13
https://www.saintmitrelesremparts.fr/wp-content/uploads/2020/11/2020-53-Adoption-du-règlement-intérieur-du-Conseil-municipal.pdf,https://www.saintmitrelesremparts.fr/registre-des-actes-administratifs/,1,2020-53 Adoption du règlement intérieur du Conseil municipal,conseil-municipal,conseil municipal,True,Saint-Mitre-les-Remparts,13098,6175,13
https://www.saintmitrelesremparts.fr/wp-content/uploads/2020/08/Délibérations-du-CM-10-07-2020.pdf,https://www.saintmitrelesremparts.fr/registre-des-actes-administratifs/,1,Délibérations du CM du 10 juillet 2020,deliberation;delib;cm-;-cm,deliberation;delib,True,Saint-Mitre-les-Remparts,13098,6175,13
https://www.saintmitrelesremparts.fr/wp-content/uploads/2021/01/2020-42-Retrait-de-la-délibération-n°-2020-18-SYMCRAU.pdf,https://www.saintmitrelesremparts.fr/registre-des-actes-administratifs/,1,2020-42 Retrait de la délibération n° 2020-18 SYMCRAU 632.34 ko - PDF,deliberation;delib,deliberation;delib,True,Saint-Mitre-les-Remparts,13098,6175,13
https://www.saintmitrelesremparts.fr/wp-content/uploads/2026/09/ODJ-CM-14.09.2026-.pdf,https://www.saintmitrelesremparts.fr/deliberations-du-conseil-municipal/,1,Ordre du jour du 14 septembre 2026 113.43 ko - PDF,cm-;-cm,,False,Saint-Mitre-les-Remparts,13098,6175,13
https://www.saintmitrelesremparts.fr/wp-content/uploads/2026/06/ODJ-CM-05.06.2026_.pdf,https://www.saintmitrelesremparts.fr/deliberations-du-conseil-municipal/,1,Ordre du jour du 5 juin 2026 31.58 ko - PDF,cm-;-cm,,False,Saint-Mitre-les-Remparts,13098,6175,13
https://www.saintmitrelesremparts.fr/wp-content/uploads/2026/04/ODJ-CM-27.04.2026-.pdf,https://www.saintmitrelesremparts.fr/deliberations-du-conseil-municipal/,1,Ordre du jour du 27 avril 2026 314.41 ko - PDF,cm-;-cm,,False,Saint-Mitre-les-Remparts,13098,6175,13
https://www.saintmitrelesremparts.fr/wp-content/uploads/2026/04/ODJ-CM-09.04.2026-.pdf,https://www.saintmitrelesremparts.fr/deliberations-du-conseil-municipal/,1,Ordre du jour du 9 avril 2026 323.38 ko - PDF,cm-;-cm,,False,Saint-Mitre-les-Remparts,13098,6175,13
https://www.saintmitrelesremparts.fr/wp-content/uploads/2026/03/ODJ-CM-21.03.2026-.pdf,https://www.saintmitrelesremparts.fr/deliberations-du-conseil-municipal/,1,Ordre du jour du 21 mars 2026 303.95 ko - PDF,cm-;-cm,,False,Saint-Mitre-les-Remparts,13098,6175,13
https://www.saintmitrelesremparts.fr/wp-content/uploads/2026/01/ODJ-CM-26.01.2026-.pdf,https://www.saintmitrelesremparts.fr/deliberations-du-conseil-municipal/,1,Ordre du jour du 26 janvier 2026 233.55 ko - PDF,cm-;-cm,,False,Saint-Mitre-les-Remparts,13098,6175,13
https://www.saintmitrelesremparts.fr/wp-content/uploads/2025/12/ODJ-CM-15.12.2025.pdf,https://www.saintmitrelesremparts.fr/deliberations-du-conseil-municipal/,1,Ordre du jour du 15 décembre 2025 249.11 ko - PDF,cm-;-cm,,False,Saint-Mitre-les-Remparts,13098,6175,13
https://www.saintmitrelesremparts.fr/wp-content/uploads/2025/09/ODJ-CM-29.09.2025-.pdf,https://www.saintmitrelesremparts.fr/deliberations-du-conseil-municipal/,1,Ordre du jour du 29 septembre 2025 92.09 ko - PDF,cm-;-cm,,False,Saint-Mitre-les-Remparts,13098,6175,13
https://www.saintmitrelesremparts.fr/wp-content/uploads/2025/06/ODJ-CM-23.06.2025-.pdf,https://www.saintmitrelesremparts.fr/deliberations-du-conseil-municipal/,1,Ordre du jour du 23 juin 2025 257.82 ko - PDF,cm-;-cm,,False,Saint-Mitre-les-Remparts,13098,6175,13
https://www.saintmitrelesremparts.fr/wp-content/uploads/2025/04/Copie-de-ODJ-CM-14.04.2025.pdf,https://www.saintmitrelesremparts.fr/deliberations-du-conseil-municipal/,1,Ordre du jour du 14 avril 2025 200.78 ko - PDF,cm-;-cm,,False,Saint-Mitre-les-Remparts,13098,6175,13
https://www.saintmitrelesremparts.fr/wp-content/uploads/2025/03/ODJ-CM-31.03.2025-.pdf,https://www.saintmitrelesremparts.fr/deliberations-du-conseil-municipal/,1,Ordre du jour du 31 mars 2025 223.62 ko - PDF,cm-;-cm,,False,Saint-Mitre-les-Remparts,13098,6175,13
https://www.saintmitrelesremparts.fr/wp-content/uploads/2025/01/ODJ-CM-13.01.25.pdf,https://www.saintmitrelesremparts.fr/deliberations-du-conseil-municipal/,1,Ordre du jour du 13 janvier 2025 415.59 ko - PDF,cm-;-cm,,False,Saint-Mitre-les-Remparts,13098,6175,13
https://www.saintmitrelesremparts.fr/wp-content/uploads/2024/11/ODJ-CM-02.12.24.pdf,https://www.saintmitrelesremparts.fr/deliberations-du-conseil-municipal/,1,Ordre du jour du 2 décembre 2024 791.75 ko - PDF,cm-;-cm,,False,Saint-Mitre-les-Remparts,13098,6175,13
https://www.saintmitrelesremparts.fr/wp-content/uploads/2024/09/ODJ-CM-30.09.pdf,https://www.saintmitrelesremparts.fr/deliberations-du-conseil-municipal/,1,Ordre du jour du 30 septembre 2024 362.9 ko - PDF,cm-;-cm,,False,Saint-Mitre-les-Remparts,13098,6175,13
https://www.saintmitrelesremparts.fr/wp-content/uploads/2024/06/ODJ-CM-24.06.24.pdf,https://www.saintmitrelesremparts.fr/deliberations-du-conseil-municipal/,1,Ordre du jour du 24 juin 2024 454.93 ko - PDF,cm-;-cm,,False,Saint-Mitre-les-Remparts,13098,6175,13
https://www.saintmitrelesremparts.fr/wp-content/uploads/2024/05/ODJ-CM-27.05.2024.pdf,https://www.saintmitrelesremparts.fr/deliberations-du-conseil-municipal/,1,Ordre du jour du 27 mai 2024 914.66 ko - PDF,cm-;-cm,,False,Saint-Mitre-les-Remparts,13098,6175,13
https://www.saintmitrelesremparts.fr/wp-content/uploads/2024/04/ODJ-CM-12.04.24.pdf,https://www.saintmitrelesremparts.fr/deliberations-du-conseil-municipal/,1,Ordre du jour du 12 avril 2024 216.38 ko - PDF,cm-;-cm,,False,Saint-Mitre-les-Remparts,13098,6175,13
https://www.saintmitrelesremparts.fr/wp-content/uploads/2024/03/Ordre-du-jour-du-conseil-municipal-du-18-mars-2024.pdf,https://www.saintmitrelesremparts.fr/deliberations-du-conseil-municipal/,1,Ordre du jour du 18 mars 2024 226.83 ko - PDF,conseil-municipal,,False,Saint-Mitre-les-Remparts,13098,6175,13
https://www.saintmitrelesremparts.fr/wp-content/uploads/2023/12/ODJ-CM-11.12.2023.pdf,https://www.saintmitrelesremparts.fr/deliberations-du-conseil-municipal/,1,Ordre du jour du 11 décembre 2023 107.86 ko - PDF,cm-;-cm,,False,Saint-Mitre-les-Remparts,13098,6175,13
https://www.saintmitrelesremparts.fr/wp-content/uploads/2023/11/ODJ-CM-13.11.2023-v2.pdf,https://www.saintmitrelesremparts.fr/deliberations-du-conseil-municipal/,1,Ordre du jour du 13 novembre 2023 126.84 ko - PDF,cm-;-cm,,False,Saint-Mitre-les-Remparts,13098,6175,13
https://www.saintmitrelesremparts.fr/wp-content/uploads/2023/09/ODJ-CM-2-octobre-2023.pdf,https://www.saintmitrelesremparts.fr/deliberations-du-conseil-municipal/,1,Ordre du jour du 2 octobre 2023 186.37 ko - PDF,cm-;-cm,,False,Saint-Mitre-les-Remparts,13098,6175,13
https://www.saintmitrelesremparts.fr/wp-content/uploads/2023/07/ODJ-CM-30-juin-2023.pdf,https://www.saintmitrelesremparts.fr/deliberations-du-conseil-municipal/,1,Ordre du jour du 30 juin 2023 842.46 ko - PDF,cm-;-cm,,False,Saint-Mitre-les-Remparts,13098,6175,13
https://www.saintmitrelesremparts.fr/wp-content/uploads/2021/11/ODJ-CM-du-22-novembre-2021.pdf,https://www.saintmitrelesremparts.fr/deliberations-du-conseil-municipal/,1,Ordre du jour du 22 novembre 2021 741.27 ko - PDF,cm-;-cm,,False,Saint-Mitre-les-Remparts,13098,6175,13
https://www.saintmitrelesremparts.fr/wp-content/uploads/2026/06/CR-CM-05062026-SIGNATURES.pdf,https://www.saintmitrelesremparts.fr/deliberations-du-conseil-municipal/,1,Séance du 5 juin 2026 - compte-rendu 2201.22 ko - PDF,cm-;-cm,compte-rendu;seance du,True,Saint-Mitre-les-Remparts,13098,6175,13
https://www.saintmitrelesremparts.fr/wp-content/uploads/2026/04/CR-CM-27.04.2026.pdf,https://www.saintmitrelesremparts.fr/deliberations-du-conseil-municipal/,1,Séance du 27 avril 2026 - compte-rendu 1468.16 ko - PDF,cm-;-cm,compte-rendu;seance du,True,Saint-Mitre-les-Remparts,13098,6175,13
https://www.saintmitrelesremparts.fr/wp-content/uploads/2026/04/CR-CM-09.04.2026.pdf,https://www.saintmitrelesremparts.fr/deliberations-du-conseil-municipal/,1,Séance du 09 avril 2026 - compte-rendu 2502.21 ko - PDF,cm-;-cm,compte-rendu;seance du,True,Saint-Mitre-les-Remparts,13098,6175,13
https://www.saintmitrelesremparts.fr/wp-content/uploads/2026/03/CR-CM-21.03.2026.pdf,https://www.saintmitrelesremparts.fr/deliberations-du-conseil-municipal/,1,Séance du 21 mars 2026 - compte-rendu 920.88 ko - PDF,cm-;-cm,compte-rendu;seance du,True,Saint-Mitre-les-Remparts,13098,6175,13
https://www.saintmitrelesremparts.fr/wp-content/uploads/2026/02/Seance-du-26-janvier-2026-compte-rendu.pdf,https://www.saintmitrelesremparts.fr/deliberations-du-conseil-municipal/,1,Séance du 26 janvier 2026 - compte-rendu 345.57 ko - PDF,compte-rendu;seance-du,compte-rendu;seance du,True,Saint-Mitre-les-Remparts,13098,6175,13
https://www.saintmitrelesremparts.fr/wp-content/uploads/2025/12/CR-15.12.2025.pdf,https://www.saintmitrelesremparts.fr/deliberations-du-conseil-municipal/,1,Séance du 15 décembre 2025 - compte-rendu 1509.11 ko - PDF,,compte-rendu;seance du,False,Saint-Mitre-les-Remparts,13098,6175,13
https://www.saintmitrelesremparts.fr/wp-content/uploads/2025/10/CR-CM-29.09.2025-.pdf,https://www.saintmitrelesremparts.fr/deliberations-du-conseil-municipal/,1,Séance du 29 septembre 2025 - compte-rendu 1843 ko - PDF,cm-;-cm,compte-rendu;seance du,True,Saint-Mitre-les-Remparts,13098,6175,13
https://www.saintmitrelesremparts.fr/wp-content/uploads/2025/06/CR-CM-23.06.2025.pdf,https://www.saintmitrelesremparts.fr/deliberations-du-conseil-municipal/,1,Séance du 23 juin 2025 - compte-rendu 2460.71 ko - PDF,cm-;-cm,compte-rendu;seance du,True,Saint-Mitre-les-Remparts,13098,6175,13
https://www.saintmitrelesremparts.fr/wp-content/uploads/2025/04/Compte-rendu-CM-14.04.2025.pdf,https://www.saintmitrelesremparts.fr/deliberations-du-conseil-municipal/,1,Séance du 14 avril 2025 - compte-rendu 180.74 ko - PDF,compte-rendu;cm-;-cm,compte-rendu;seance du,True,Saint-Mitre-les-Remparts,13098,6175,13
https://www.saintmitrelesremparts.fr/wp-content/uploads/2025/04/CR-CM-31.03.2025.pdf,https://www.saintmitrelesremparts.fr/deliberations-du-conseil-municipal/,1,Séance du 31 mars 2025 - compte-rendu 2145.2 ko - PDF,cm-;-cm,compte-rendu;seance du,True,Saint-Mitre-les-Remparts,13098,6175,13
https://www.saintmitrelesremparts.fr/wp-content/uploads/2025/01/CR-CM-13-JANVIER-2025.pdf,https://www.saintmitrelesremparts.fr/deliberations-du-conseil-municipal/,1,Séance du 13 janvier 2025 - compte-rendu 898.16 ko - PDF,cm-;-cm,compte-rendu;seance du,True,Saint-Mitre-les-Remparts,13098,6175,13
https://www.saintmitrelesremparts.fr/wp-content/uploads/2025/04/CR-CM-2-decembre-2024.pdf,https://www.saintmitrelesremparts.fr/deliberations-du-conseil-municipal/,1,Séance du 2 décembre 2024 - compte-rendu 2052.33 ko - PDF,cm-;-cm,compte-rendu;seance du,True,Saint-Mitre-les-Remparts,13098,6175,13
https://www.saintmitrelesremparts.fr/wp-content/uploads/2024/10/CR-CM-30-SEPTEMBRE-2024.pdf,https://www.saintmitrelesremparts.fr/deliberations-du-conseil-municipal/,1,Séance du 30 septembre 2024 - compte-rendu 1510.96 ko - PDF,cm-;-cm,compte-rendu;seance du,True,Saint-Mitre-les-Remparts,13098,6175,13
https://www.saintmitrelesremparts.fr/wp-content/uploads/2024/07/CR-CM-24-JUIN-2024.pdf,https://www.saintmitrelesremparts.fr/deliberations-du-conseil-municipal/,1,Séance du 24 juin 2024 - compte-rendu 1474.82 ko - PDF,cm-;-cm,compte-rendu;seance du,True,Saint-Mitre-les-Remparts,13098,6175,13
https://www.saintmitrelesremparts.fr/wp-content/uploads/2024/07/compte-rendu-avec-signatures-conseil-27-mai-2024.pdf,https://www.saintmitrelesremparts.fr/deliberations-du-conseil-municipal/,1,Séance du 27 mai 2024 - compte-rendu 2231.04 ko - PDF,compte-rendu,compte-rendu;seance du,True,Saint-Mitre-les-Remparts,13098,6175,13
https://www.saintmitrelesremparts.fr/wp-content/uploads/2024/04/CR-CM-12-AVRIL-2024-SIGNE.pdf,https://www.saintmitrelesremparts.fr/deliberations-du-conseil-municipal/,1,Séance du 12 avril 2024 - compte-rendu 1113.47 ko - PDF,cm-;-cm,compte-rendu;seance du,True,Saint-Mitre-les-Remparts,13098,6175,13
https://www.saintmitrelesremparts.fr/wp-content/uploads/2024/03/CR-CM-du-18-mars-2024.pdf,https://www.saintmitrelesremparts.fr/deliberations-du-conseil-municipal/,1,Séance du 18 mars 2024 - compte-rendu 1926.13 ko - PDF,cm-;-cm,compte-rendu;seance du,True,Saint-Mitre-les-Remparts,13098,6175,13
https://www.saintmitrelesremparts.fr/wp-content/uploads/2024/03/CR-13-novembre-2023.pdf,https://www.saintmitrelesremparts.fr/deliberations-du-conseil-municipal/,1,Séance du 13 novembre 2023 - compte-rendu 293.61 ko - PDF,,compte-rendu;seance du,False,Saint-Mitre-les-Remparts,13098,6175,13
https://www.saintmitrelesremparts.fr/wp-content/uploads/2023/10/CR-2-OCTOBRE-2023.pdf,https://www.saintmitrelesremparts.fr/deliberations-du-conseil-municipal/,1,Séance du 2 octobre 2023 - compte-rendu 2135.08 ko - PDF,,compte-rendu;seance du,False,Saint-Mitre-les-Remparts,13098,6175,13
https://www.saintmitrelesremparts.fr/wp-content/uploads/2023/07/CR-CM-30-JUIN-2023.pdf,https://www.saintmitrelesremparts.fr/deliberations-du-conseil-municipal/,1,Séance du 30 juin 2023 - compte-rendu 1984.24 ko - PDF,cm-;-cm,compte-rendu;seance du,True,Saint-Mitre-les-Remparts,13098,6175,13
https://www.saintmitrelesremparts.fr/wp-content/uploads/2023/10/CR-CM-du-13-mars-2023.pdf,https://www.saintmitrelesremparts.fr/deliberations-du-conseil-municipal/,1,Séance du 13 mars 2023 - compte-rendu 1972.44 ko - PDF,cm-;-cm,compte-rendu;seance du,True,Saint-Mitre-les-Remparts,13098,6175,13
https://www.saintmitrelesremparts.fr/wp-content/uploads/2023/10/Compte-Rendu-27-juin-2022.pdf,https://www.saintmitrelesremparts.fr/deliberations-du-conseil-municipal/,1,Séance du 27 juin 2022 - compte-rendu 4055.94 ko - PDF,compte-rendu,compte-rendu;seance du,True,Saint-Mitre-les-Remparts,13098,6175,13
https://www.saintmitrelesremparts.fr/wp-content/uploads/2023/10/CR-CM-du-16.05.2022.pdf,https://www.saintmitrelesremparts.fr/deliberations-du-conseil-municipal/,1,Séance du 16 mai 2022 - compte-rendu 2988.89 ko - PDF,cm-;-cm,compte-rendu;seance du,True,Saint-Mitre-les-Remparts,13098,6175,13
https://www.saintmitrelesremparts.fr/wp-content/uploads/2023/10/CR-CM-DU-12.12.22.pdf,https://www.saintmitrelesremparts.fr/deliberations-du-conseil-municipal/,1,Séance du 12 décembre 2022 - compte-rendu 1620.93 ko - PDF,cm-;-cm,compte-rendu;seance du,True,Saint-Mitre-les-Remparts,13098,6175,13
https://www.saintmitrelesremparts.fr/wp-content/uploads/2021/12/CR-CM-13-dec-2021.pdf,https://www.saintmitrelesremparts.fr/deliberations-du-conseil-municipal/,1,Séance du 13 décembre 2021 - compte-rendu 1951.71 ko - PDF,cm-;-cm,compte-rendu;seance du,True,Saint-Mitre-les-Remparts,13098,6175,13
https://www.saintmitrelesremparts.fr/wp-content/uploads/2021/11/Compte-Rendu-22.11.2021_compressed.pdf,https://www.saintmitrelesremparts.fr/deliberations-du-conseil-municipal/,1,Séance du 22 novembre 2021 - compte-rendu 1585.38 ko - PDF,compte-rendu,compte-rendu;seance du,True,Saint-Mitre-les-Remparts,13098,6175,13
https://www.saintmitrelesremparts.fr/wp-content/uploads/2021/10/CR-conseil-municipal-du-30.09.2021_compressed.pdf,https://www.saintmitrelesremparts.fr/deliberations-du-conseil-municipal/,1,Séance du 30 septembre 2021 - compte-rendu 1621.27 ko - PDF,conseil-municipal,compte-rendu;seance du,True,Saint-Mitre-les-Remparts,13098,6175,13
https://www.saintmitrelesremparts.fr/wp-content/uploads/2021/09/CR-CM-29.06.21_compressed.pdf,https://www.saintmitrelesremparts.fr/deliberations-du-conseil-municipal/,1,Séance du 29 juin 2021 - compte-rendu 985.05 ko - PDF,cm-;-cm,compte-rendu;seance du,True,Saint-Mitre-les-Remparts,13098,6175,13
https://www.saintmitrelesremparts.fr/wp-content/uploads/2021/06/Séance-du-31-mai-2021-compte-rendu_compressed.pdf,https://www.saintmitrelesremparts.fr/deliberations-du-conseil-municipal/,1,Séance du 31 mai 2021 - compte-rendu 1371.37 ko - PDF,compte-rendu;seance-du,compte-rendu;seance du,True,Saint-Mitre-les-Remparts,13098,6175,13
https://www.saintmitrelesremparts.fr/wp-content/uploads/2021/04/Séance-du-12-avril-2021-compte-rendu_compressed.pdf,https://www.saintmitrelesremparts.fr/deliberations-du-conseil-municipal/,1,Séance du 12 avril 2021 - compte-rendu 1365.22 ko - PDF,compte-rendu;seance-du,compte-rendu;seance du,True,Saint-Mitre-les-Remparts,13098,6175,13
https://www.saintmitrelesremparts.fr/wp-content/uploads/2021/03/Séance-du-8-mars-2021-compte-rendu.pdf,https://www.saintmitrelesremparts.fr/deliberations-du-conseil-municipal/,1,Séance du 8 mars 2021 - compte-rendu 1198.85 ko - PDF,compte-rendu;seance-du,compte-rendu;seance du,True,Saint-Mitre-les-Remparts,13098,6175,13
https://www.saintmitrelesremparts.fr/wp-content/uploads/2021/02/Compte-rendu-CM-25.01.2021_compressed.pdf,https://www.saintmitrelesremparts.fr/deliberations-du-conseil-municipal/,1,Séance du 25 janvier 2021 - compte-rendu 1303.74 ko - PDF,compte-rendu;cm-;-cm,compte-rendu;seance du,True,Saint-Mitre-les-Remparts,13098,6175,13
https://www.saintmitrelesremparts.fr/wp-content/uploads/2020/12/Séance-du-14-décembre-2020-compte-rendu.pdf,https://www.saintmitrelesremparts.fr/deliberations-du-conseil-municipal/,1,Séance du 14 décembre 2020 - compte-rendu 0 ko - PDF,compte-rendu;seance-du,compte-rendu;seance du,True,Saint-Mitre-les-Remparts,13098,6175,13
https://www.saintmitrelesremparts.fr/wp-content/uploads/2020/11/Séance-du-2-nov-2020-compte-rendu.pdf,https://www.saintmitrelesremparts.fr/deliberations-du-conseil-municipal/,1,Séance du 2 novembre 2020 - compte-rendu 0 ko - PDF,compte-rendu;seance-du,compte-rendu;seance du,True,Saint-Mitre-les-Remparts,13098,6175,13
https://www.saintmitrelesremparts.fr/wp-content/uploads/2020/09/Séance-du-21-septembre-2020-compte-rendu-2020.pdf,https://www.saintmitrelesremparts.fr/deliberations-du-conseil-municipal/,1,Séance du 21 septembre 2020 - compte-rendu 0 ko - PDF,compte-rendu;seance-du,compte-rendu;seance du,True,Saint-Mitre-les-Remparts,13098,6175,13
https://www.saintmitrelesremparts.fr/wp-content/uploads/2020/07/Compte-rendu-21-juillet-2020.pdf,https://www.saintmitrelesremparts.fr/deliberations-du-conseil-municipal/,1,Séance du 21 juillet 2020 - compte-rendu 0 ko - PDF,compte-rendu,compte-rendu;seance du,True,Saint-Mitre-les-Remparts,13098,6175,13
https://www.saintmitrelesremparts.fr/wp-content/uploads/2020/07/Compte-rendu-03-juillet-2020.pdf,https://www.saintmitrelesremparts.fr/deliberations-du-conseil-municipal/,1,Séance du 3 juillet 2020 - compte-rendu 0 ko - PDF,compte-rendu,compte-rendu;seance du,True,Saint-Mitre-les-Remparts,13098,6175,13
https://www.saintmitrelesremparts.fr/wp-content/uploads/2026/06/PV-CM-27.04.2026.pdf,https://www.saintmitrelesremparts.fr/deliberations-du-conseil-municipal/,1,Procès-verbal du conseil municipal du 27 avril 2026 4049.44 ko - PDF,pv-;cm-;-cm,proces-verbal;conseil municipal,True,Saint-Mitre-les-Remparts,13098,6175,13
https://www.saintmitrelesremparts.fr/wp-content/uploads/2026/05/PV-CM-09.04.2026.pdf,https://www.saintmitrelesremparts.fr/deliberations-du-conseil-municipal/,1,Procès-verbal du conseil municipal du 9 avril 2026 7948.68 ko - PDF,pv-;cm-;-cm,proces-verbal;conseil municipal,True,Saint-Mitre-les-Remparts,13098,6175,13
https://www.saintmitrelesremparts.fr/wp-content/uploads/2026/01/PV-29.09.2025.pdf,https://www.saintmitrelesremparts.fr/deliberations-du-conseil-municipal/,1,Procès-verbal du conseil municipal du 29 septembre 2025 3352.03 ko - PDF,pv-,proces-verbal;conseil municipal,True,Saint-Mitre-les-Remparts,13098,6175,13
https://www.saintmitrelesremparts.fr/wp-content/uploads/2026/01/PV-CM-23.06.2025-signe.pdf,https://www.saintmitrelesremparts.fr/deliberations-du-conseil-municipal/,1,Procès-verbal du conseil municipal du 23 juin 2025 9907.36 ko - PDF,pv-;cm-;-cm,proces-verbal;conseil municipal,True,Saint-Mitre-les-Remparts,13098,6175,13
https://www.saintmitrelesremparts.fr/wp-content/uploads/2025/06/PV-CM-14.04.2025.pdf,https://www.saintmitrelesremparts.fr/deliberations-du-conseil-municipal/,1,Procès-verbal du conseil municipal du 14 avril 2025 6104.23 ko - PDF,pv-;cm-;-cm,proces-verbal;conseil municipal,True,Saint-Mitre-les-Remparts,13098,6175,13
https://www.saintmitrelesremparts.fr/wp-content/uploads/2025/06/PV-CM-31.03.2025-.pdf,https://www.saintmitrelesremparts.fr/deliberations-du-conseil-municipal/,1,Procès-verbal du conseil municipal du 31 mars 2025 10216.01 ko - PDF,pv-;cm-;-cm,proces-verbal;conseil municipal,True,Saint-Mitre-les-Remparts,13098,6175,13
https://www.saintmitrelesremparts.fr/wp-content/uploads/2025/04/PV-CM-du-13.01.2025.pdf,https://www.saintmitrelesremparts.fr/deliberations-du-conseil-municipal/,1,Procès-verbal du conseil municipal du 13 janvier 2025 4486.61 ko - PDF,pv-;cm-;-cm,proces-verbal;conseil municipal,True,Saint-Mitre-les-Remparts,13098,6175,13
https://www.saintmitrelesremparts.fr/wp-content/uploads/2025/04/PV-cm-2-decembre-2024.pdf,https://www.saintmitrelesremparts.fr/deliberations-du-conseil-municipal/,1,Procès-verbal du conseil municipal du 2 décembre 2024 195.83 ko - PDF,pv-;cm-;-cm,proces-verbal;conseil municipal,True,Saint-Mitre-les-Remparts,13098,6175,13
https://www.saintmitrelesremparts.fr/wp-content/uploads/2024/11/PV-CM-24-JUIN-2024.pdf,https://www.saintmitrelesremparts.fr/deliberations-du-conseil-municipal/,1,Procès-verbal du conseil municipal du 24 juin 2024 7816.46 ko - PDF,pv-;cm-;-cm,proces-verbal;conseil municipal,True,Saint-Mitre-les-Remparts,13098,6175,13
https://www.saintmitrelesremparts.fr/wp-content/uploads/2024/07/PV-CM-27-mai-2024.pdf,https://www.saintmitrelesremparts.fr/deliberations-du-conseil-municipal/,1,Procès-verbal du conseil municipal du 27 mai 2024 6674.9 ko - PDF,pv-;cm-;-cm,proces-verbal;conseil municipal,True,Saint-Mitre-les-Remparts,13098,6175,13
https://www.saintmitrelesremparts.fr/wp-content/uploads/2024/04/PV-18-mars-2024-signe.pdf,https://www.saintmitrelesremparts.fr/deliberations-du-conseil-municipal/,1,Procès-verbal du conseil municipal du 18 mars 2024 11106.62 ko - PDF,pv-,proces-verbal;conseil municipal,True,Saint-Mitre-les-Remparts,13098,6175,13
https://www.saintmitrelesremparts.fr/wp-content/uploads/2024/03/PV-29-janvier-2024.pdf,https://www.saintmitrelesremparts.fr/deliberations-du-conseil-municipal/,1,Procès-verbal du conseil municipal du 29 janvier 2024 2848.38 ko - PDF,pv-,proces-verbal;conseil municipal,True,Saint-Mitre-les-Remparts,13098,6175,13
https://www.saintmitrelesremparts.fr/wp-content/uploads/2023/10/PV-30-Juin-2023.pdf,https://www.saintmitrelesremparts.fr/deliberations-du-conseil-municipal/,1,Procès-verbal du conseil municipal du 30 Juin 2023 9493.1 ko - PDF,pv-,proces-verbal;conseil municipal,True,Saint-Mitre-les-Remparts,13098,6175,13
https://www.saintmitrelesremparts.fr/wp-content/uploads/2023/10/PV-16.05.22.pdf,https://www.saintmitrelesremparts.fr/deliberations-du-conseil-municipal/,1,Procès-verbal du conseil municipal du 16 mai 2022 345.93 ko - PDF,pv-,proces-verbal;conseil municipal,True,Saint-Mitre-les-Remparts,13098,6175,13
https://www.saintmitrelesremparts.fr/wp-content/uploads/2023/10/PV-13-MARS-2023-Signe.pdf,https://www.saintmitrelesremparts.fr/deliberations-du-conseil-municipal/,1,Procès-verbal du conseil municipal du 13 mars 2023 10586.92 ko - PDF,pv-,proces-verbal;conseil municipal,True,Saint-Mitre-les-Remparts,13098,6175,13
https://www.saintmitrelesremparts.fr/wp-content/uploads/2023/10/PV-20-janvier-2023.pdf,https://www.saintmitrelesremparts.fr/deliberations-du-conseil-municipal/,1,Procès-verbal du conseil municipal du 20 janvier 2023 3715.16 ko - PDF,pv-,proces-verbal;conseil municipal,True,Saint-Mitre-les-Remparts,13098,6175,13
https://www.saintmitrelesremparts.fr/wp-content/uploads/2023/10/PV-du-10.10.2022.pdf,https://www.saintmitrelesremparts.fr/deliberations-du-conseil-municipal/,1,Procès-verbal du conseil municipal du 10 octobre 2022 163.16 ko - PDF,pv-,proces-verbal;conseil municipal,True,Saint-Mitre-les-Remparts,13098,6175,13
https://www.saintmitrelesremparts.fr/wp-content/uploads/2023/10/PV-du-12.09.22.pdf,https://www.saintmitrelesremparts.fr/deliberations-du-conseil-municipal/,1,Procès-verbal du 12 septembre 2022 741.04 ko - PDF,pv-,proces-verbal,True,Saint-Mitre-les-Remparts,13098,6175,13
https://www.saintmitrelesremparts.fr/wp-content/uploads/2023/10/proces-verbal-28.03.22.pdf,https://www.saintmitrelesremparts.fr/deliberations-du-conseil-municipal/,1,Procès-verbal du conseil municipal du 28 mars 2022 123.25 ko - PDF,proces-verbal,proces-verbal;conseil municipal,True,Saint-Mitre-les-Remparts,13098,6175,13
https://www.saintmitrelesremparts.fr/wp-content/uploads/2021/10/PV-CM-29-juin-2021-1.pdf,https://www.saintmitrelesremparts.fr/deliberations-du-conseil-municipal/,1,Procès-verbal du conseil municipal du 29 juin 2021 415.22 ko - PDF,pv-;cm-;-cm,proces-verbal;conseil municipal,True,Saint-Mitre-les-Remparts,13098,6175,13
https://www.saintmitrelesremparts.fr/wp-content/uploads/2021/09/Procès-verbal-du-conseil-municipal-du-31-mai-2021.pdf,https://www.saintmitrelesremparts.fr/deliberations-du-conseil-municipal/,1,Procès-verbal du conseil municipal du 31 mai 2021 479.6 ko - PDF,proces-verbal;conseil-municipal,proces-verbal;conseil municipal,True,Saint-Mitre-les-Remparts,13098,6175,13
https://www.saintmitrelesremparts.fr/wp-content/uploads/2021/06/Procès-verbal-du-conseil-municipal-du-12-avril-2021.pdf,https://www.saintmitrelesremparts.fr/deliberations-du-conseil-municipal/,1,Procès-verbal du conseil municipal du 12 avril 2021 1144.77 ko - PDF,proces-verbal;conseil-municipal,proces-verbal;conseil municipal,True,Saint-Mitre-les-Remparts,13098,6175,13
https://www.saintmitrelesremparts.fr/wp-content/uploads/2021/04/Procès-verbal-du-conseil-municipal-du-15-avril-2021.pdf,https://www.saintmitrelesremparts.fr/deliberations-du-conseil-municipal/,1,Procès-verbal du conseil municipal du 8 mars 2021 954.35 ko - PDF,proces-verbal;conseil-municipal,proces-verbal;conseil municipal,True,Saint-Mitre-les-Remparts,13098,6175,13
https://www.saintmitrelesremparts.fr/wp-content/uploads/2021/03/Procès-verbal-du-conseil-municipal-du-25-janvier-2021.pdf,https://www.saintmitrelesremparts.fr/deliberations-du-conseil-municipal/,1,Procès-verbal du conseil municipal du 25 janvier 2021 164.41 ko - PDF,proces-verbal;conseil-municipal,proces-verbal;conseil municipal,True,Saint-Mitre-les-Remparts,13098,6175,13
https://www.saintmitrelesremparts.fr/wp-content/uploads/2021/01/PV-Conseil-Municipal-14-dec-2020.pdf,https://www.saintmitrelesremparts.fr/deliberations-du-conseil-municipal/,1,Procès-verbal du conseil municipal du 14 décembre 2020 634.72 ko - PDF,pv-;conseil-municipal,proces-verbal;conseil municipal,True,Saint-Mitre-les-Remparts,13098,6175,13
https://www.saintmitrelesremparts.fr/wp-content/uploads/2021/01/Procès-verbal-CM-2-nov-2020.pdf,https://www.saintmitrelesremparts.fr/deliberations-du-conseil-municipal/,1,Procès-verbal du conseil municipal du 2 novembre 2020 163.23 ko - PDF,proces-verbal;cm-;-cm,proces-verbal;conseil municipal,True,Saint-Mitre-les-Remparts,13098,6175,13
https://www.saintmitrelesremparts.fr/wp-content/uploads/2021/01/Procès-verbal-CM-21-sept-2020.pdf,https://www.saintmitrelesremparts.fr/deliberations-du-conseil-municipal/,1,Procès-verbal du conseil municipal du 21 septembre 2020 793.12 ko - PDF,proces-verbal;cm-;-cm,proces-verbal;conseil municipal,True,Saint-Mitre-les-Remparts,13098,6175,13
https://www.saintmitrelesremparts.fr/wp-content/uploads/2020/10/Procès-verbal-de-la-désignation-des-délégués-du-CM-et-de-leurs-suppléants-pour-les-sénatoriales_compressed.pdf,https://www.saintmitrelesremparts.fr/deliberations-du-conseil-municipal/,1,Procès-verbal de la désignation des délégués du CM et de leurs suppléants en vue des sénatoriales de la séance du 10 jui,proces-verbal;cm-;-cm,proces-verbal;seance du,True,Saint-Mitre-les-Remparts,13098,6175,13
https://www.saintmitrelesremparts.fr/wp-content/uploads/2020/10/Procès-verbal-de-lélection-du-Maire-et-adjoints-le-3-juillet-2020_compressed.pdf,https://www.saintmitrelesremparts.fr/deliberations-du-conseil-municipal/,1,Procès-verbal de l'élection du Maire et adjoints du 3 juillet 2020 0 ko - PDF,proces-verbal,proces-verbal,True,Saint-Mitre-les-Remparts,13098,6175,13
https://www.ville-lisses.fr/wp-content/uploads/2026/01/fiche-inscription-CMJ-25-copie.pdf,https://www.ville-lisses.fr/mon-quotidien/jeunesse/conseil-municipal-junior/,1,"Fiche inscription CMJ 25-26 940,96 Ko, pdf",-cm,,False,Lisses,91340,7373,91
https://www.ville-sarrians.fr/fileadmin/mediatheque/sarrians/documents/Vie_municipale/actes_adm/2026/liste_des_deliberation_CM_du_5_juin_2026.pdf,https://www.ville-sarrians.fr/vie-municipale/votre-ville-vos-elues/le-conseil-municipal.html,1,"Liste des délibérations examinées par Conseil Municipal du 5 juin 2026, pdf, 191ko",deliberation;delib,deliberation;delib;conseil municipal,True,Sarrians,84122,5792,84
https://www.ville-sarrians.fr/fileadmin/mediatheque/sarrians/documents/Vie_municipale/actes_adm/2026/extrait_du_CR_du_CM_du_5_juin_2026.pdf,https://www.ville-sarrians.fr/vie-municipale/votre-ville-vos-elues/le-conseil-municipal.html,1,"Extrait du compte rendu du Conseil Municipal du 5 juin 2026, pdf, 1.76mo",,compte rendu;conseil municipal,False,Sarrians,84122,5792,84
https://www.ville-sarrians.fr/fileadmin/mediatheque/sarrians/documents/Vie_municipale/actes_adm/2026/1-d-adm-gen-election-delegues-et-suppleants-pour-elections-senatoriales__1_.pdf,https://www.ville-sarrians.fr/vie-municipale/votre-ville-vos-elues/le-conseil-municipal.html,1,"Délibération n°1- ADMINISTRATION GENERALE - Election des délégués et des suppléants en vue de l'élection des sénateurs, ",,deliberation;delib,False,Sarrians,84122,5792,84
https://www.ville-sarrians.fr/fileadmin/mediatheque/sarrians/documents/Vie_municipale/actes_adm/2026/2-d-adm-gen-designation-representant-a-la-spl-ventoux-provence-__1_.pdf,https://www.ville-sarrians.fr/vie-municipale/votre-ville-vos-elues/le-conseil-municipal.html,1,Délibération n°2- ADMINISTRATION GENERALE - Désignation d'un représentant de la commune à la Société Publique Locale Ven,,deliberation;delib,False,Sarrians,84122,5792,84
https://www.ville-sarrians.fr/fileadmin/mediatheque/sarrians/documents/Vie_municipale/actes_adm/2026/3-d-adm-gen-designation-delegues-du-cm-aux-communes-forestieres-__1_.pdf,https://www.ville-sarrians.fr/vie-municipale/votre-ville-vos-elues/le-conseil-municipal.html,1,Délibération n°3-ADMINISTRATION GENERALE - Désignation des délégués du Conseil Municipal aux Communes Forestières de Vau,cm-;-cm,deliberation;delib;conseil municipal,True,Sarrians,84122,5792,84
https://www.ville-sarrians.fr/fileadmin/mediatheque/sarrians/documents/Vie_municipale/actes_adm/2026/4-d-adm-gen-convention-relative-a-la-sterilisation-chats-errants__1_.pdf,https://www.ville-sarrians.fr/vie-municipale/votre-ville-vos-elues/le-conseil-municipal.html,1,Délibération n°4- ADMINISTRATION GENERALE - Convention relative à la stérilisation et à l'identification des chats erran,,deliberation;delib,False,Sarrians,84122,5792,84
https://www.ville-sarrians.fr/fileadmin/mediatheque/sarrians/documents/Vie_municipale/actes_adm/2026/5-d-adm-gen-convention-2026-de-sterilisation-d-identification-30-millions-amis__1_.pdf,https://www.ville-sarrians.fr/vie-municipale/votre-ville-vos-elues/le-conseil-municipal.html,1,Délibération n°5- ADMINISTRATION GENERALE- Convention relative à la stérilisation et à l'identification des chats libres,,deliberation;delib,False,Sarrians,84122,5792,84
https://www.ville-sarrians.fr/fileadmin/mediatheque/sarrians/documents/Vie_municipale/actes_adm/2026/6-d-adm-gen-approbation-dotation-annuelle-petite-enfance__1_.pdf,https://www.ville-sarrians.fr/vie-municipale/votre-ville-vos-elues/le-conseil-municipal.html,1,Délibération n°6-ADMINISTRATION GENERALE- Approbation de la convention relative au versement de la dotation annuelle dan,,deliberation;delib,False,Sarrians,84122,5792,84
https://www.ville-sarrians.fr/fileadmin/mediatheque/sarrians/documents/Vie_municipale/actes_adm/2026/7-d-adm-gen-approbation-convention-cia-et-said__1_.pdf,https://www.ville-sarrians.fr/vie-municipale/votre-ville-vos-elues/le-conseil-municipal.html,1,Délibération n°7- ADMINISTRATION GENERALE-Approbation des conventions intercommunales d'attribution des logements sociau,,deliberation;delib,False,Sarrians,84122,5792,84
https://www.ville-sarrians.fr/fileadmin/mediatheque/sarrians/documents/Vie_municipale/actes_adm/2026/Liste_des_deliberations_examinees_par_CM_du_29_avril_2026.pdf,https://www.ville-sarrians.fr/vie-municipale/votre-ville-vos-elues/le-conseil-municipal.html,1,"Liste des délibérations examinées par Conseil Municipal du 29 avril 2026, pdf, 339ko",deliberation;delib,deliberation;delib;conseil municipal,True,Sarrians,84122,5792,84
https://www.ville-sarrians.fr/fileadmin/mediatheque/sarrians/documents/Vie_municipale/actes_adm/2026/Extrait_du_CR_du_CM_du_29_avril_2026.pdf,https://www.ville-sarrians.fr/vie-municipale/votre-ville-vos-elues/le-conseil-municipal.html,1,"Extrait du compte rendu du Conseil Municipal du 29 avril 2026, pdf, 3.89mo",,compte rendu;conseil municipal,False,Sarrians,84122,5792,84
https://www.ville-sarrians.fr/fileadmin/mediatheque/sarrians/documents/Vie_municipale/actes_adm/2026/1-adm-gen-approbation-tarifs-camping-2026__1_.pdf,https://www.ville-sarrians.fr/vie-municipale/votre-ville-vos-elues/le-conseil-municipal.html,1,"Délibération n°1 - ADMINISTRATION GENERALE - Approbation des tarifs 2026 du camping de la Sainte Croix, pdf, 1.65mo",,deliberation;delib,False,Sarrians,84122,5792,84
https://www.ville-sarrians.fr/fileadmin/mediatheque/sarrians/documents/Vie_municipale/actes_adm/2026/2-commande-publique-renouvellement-contrat-dsp__1_.pdf,https://www.ville-sarrians.fr/vie-municipale/votre-ville-vos-elues/le-conseil-municipal.html,1,Délibération n°2- COMMANDE PUBLIQUE - Renouvellement du contrat de délégation de service public pour les prestations de ,,deliberation;delib,False,Sarrians,84122,5792,84
https://www.ville-sarrians.fr/fileadmin/mediatheque/sarrians/documents/Vie_municipale/actes_adm/2026/3-commande-publique-dsp-rapport-d-enlevement-vehicules-2025__1_.pdf,https://www.ville-sarrians.fr/vie-municipale/votre-ville-vos-elues/le-conseil-municipal.html,1,Délibération n°3- COMMANDE PUBLIQUE - Délégation de service public - Rapport d'enlèvement des véhicules abandonnés en fo,,deliberation;delib,False,Sarrians,84122,5792,84
https://www.ville-sarrians.fr/fileadmin/mediatheque/sarrians/documents/Vie_municipale/actes_adm/2026/4-adm-gen-creation-cao-et-cdsp__1_.pdf,https://www.ville-sarrians.fr/vie-municipale/votre-ville-vos-elues/le-conseil-municipal.html,1,Délibération n°4 - ADMINISTRATION GENERALE - Création de la commission d'Appel d'Offres et Commission de Délégation de S,,deliberation;delib,False,Sarrians,84122,5792,84
https://www.ville-sarrians.fr/fileadmin/mediatheque/sarrians/documents/Vie_municipale/actes_adm/2026/5-adm-gen-composition-de-la-cao-et-de-la-cdsp__1_.pdf,https://www.ville-sarrians.fr/vie-municipale/votre-ville-vos-elues/le-conseil-municipal.html,1,Délibération n°5- ADMINISTRATION GENERALE - Composition de la Commission d'Appel d'Offres et de la Commission de Délégat,,deliberation;delib,False,Sarrians,84122,5792,84
https://www.ville-sarrians.fr/fileadmin/mediatheque/sarrians/documents/Vie_municipale/actes_adm/2026/6-administration-generale-approbation-reglement-interieur-cao-et-cdsp__1_.pdf,https://www.ville-sarrians.fr/vie-municipale/votre-ville-vos-elues/le-conseil-municipal.html,1,"Délibération n°6 - Approbation du règlement intérieur de la Commission de Délégation de Service Public, pdf, 1.80mo",,deliberation;delib,False,Sarrians,84122,5792,84
https://www.ville-sarrians.fr/fileadmin/mediatheque/sarrians/documents/Vie_municipale/actes_adm/2026/7-associations-subventions-2026-aux-associations__1_.pdf,https://www.ville-sarrians.fr/vie-municipale/votre-ville-vos-elues/le-conseil-municipal.html,1,"Délibération n°7- ASSOCIATIONS - Subventions 2026 aux associations, pdf, 805ko",,deliberation;delib,False,Sarrians,84122,5792,84
https://www.ville-sarrians.fr/fileadmin/mediatheque/sarrians/documents/Vie_municipale/actes_adm/2026/8-administration-generale-constitution-des-commissions-municipales__1_.pdf,https://www.ville-sarrians.fr/vie-municipale/votre-ville-vos-elues/le-conseil-municipal.html,1,"Délibération n°8 - ADMINISTRATION GENERALE - Constitution des commissions municipales, pdf, 829ko",,deliberation;delib,False,Sarrians,84122,5792,84
https://www.ville-sarrians.fr/fileadmin/mediatheque/sarrians/documents/Vie_municipale/actes_adm/2026/9-adm-gen-designation-des-delegues-du-cm-a-la-mission-locale__1_.pdf,https://www.ville-sarrians.fr/vie-municipale/votre-ville-vos-elues/le-conseil-municipal.html,1,"Délibération n°9 - ADMINISTRATION GENERALE - Désignation des délégués du Conseil Municipal à la Mission locale, pdf, 504",cm-;-cm,deliberation;delib;conseil municipal,True,Sarrians,84122,5792,84
https://www.ville-sarrians.fr/fileadmin/mediatheque/sarrians/documents/Vie_municipale/actes_adm/2026/10-adm-gen-renouvellement-de-la-convention-avec-le-cdad-__1_.pdf,https://www.ville-sarrians.fr/vie-municipale/votre-ville-vos-elues/le-conseil-municipal.html,1,Délibération n°10- ADMINISTRATION GENERALE - Convention avec le CDAD pour le renouvellement d'un point justice à Sarrian,,deliberation;delib,False,Sarrians,84122,5792,84
https://www.ville-sarrians.fr/fileadmin/mediatheque/sarrians/documents/Vie_municipale/actes_adm/2026/12-finances-budget-annexe-hydraulique-tarifs-2027__1_.pdf,https://www.ville-sarrians.fr/vie-municipale/votre-ville-vos-elues/le-conseil-municipal.html,1,"Délibération n°12 - Budget annexe de l'hydraulique- tarifs 2027, pdf, 795ko",,deliberation;delib,False,Sarrians,84122,5792,84
https://www.ville-sarrians.fr/fileadmin/mediatheque/sarrians/documents/Vie_municipale/actes_adm/2026/13-rh-adhesion-assistance-droits-de-retraite-cdg-__1_.pdf,https://www.ville-sarrians.fr/vie-municipale/votre-ville-vos-elues/le-conseil-municipal.html,1,Délibération n°13 - RESSOURCES HUMAINES - Adhésion à la mission complémentaire à l'assistance à la fiabilisation des dro,,deliberation;delib,False,Sarrians,84122,5792,84
https://www.ville-sarrians.fr/fileadmin/mediatheque/sarrians/documents/Vie_municipale/actes_adm/2026/14-rh-creation-cst-commun-entre-la-mairie-et-le-ccas__1_.pdf,https://www.ville-sarrians.fr/vie-municipale/votre-ville-vos-elues/le-conseil-municipal.html,1,Délibération n°14 - RESSOURCES HUMAINES - Création d'un Comité Social Territorial commun entre la commune de Sarrians et,,deliberation;delib,False,Sarrians,84122,5792,84
https://www.ville-sarrians.fr/fileadmin/mediatheque/sarrians/documents/Vie_municipale/actes_adm/2026/15-rh-modification-tableau-des-emplois__1_.pdf,https://www.ville-sarrians.fr/vie-municipale/votre-ville-vos-elues/le-conseil-municipal.html,1,"Délibération n°15 - RESSOURCES HUMAINES - Modification du tableau des emplois, pdf, 0.91mo",,deliberation;delib,False,Sarrians,84122,5792,84
https://www.ville-sarrians.fr/fileadmin/mediatheque/sarrians/documents/Vie_municipale/actes_adm/2026/16-commande-publique-convention-ugap-electricite-2028__1_.pdf,https://www.ville-sarrians.fr/vie-municipale/votre-ville-vos-elues/le-conseil-municipal.html,1,"Délibération n°16 - COMMANDE PUBLIQUE - Convention UGAP électricité 2028, pdf, 3.94mo",,deliberation;delib,False,Sarrians,84122,5792,84
https://www.ville-sarrians.fr/fileadmin/mediatheque/sarrians/documents/Vie_municipale/actes_adm/2026/Liste_des_deliberations_examinees_par_CM_du_22_avril_2026.pdf,https://www.ville-sarrians.fr/vie-municipale/votre-ville-vos-elues/le-conseil-municipal.html,1,"Liste des délibérations examinées par Conseil Municipal du 22 avril 2026, pdf, 182ko",deliberation;delib,deliberation;delib;conseil municipal,True,Sarrians,84122,5792,84
https://www.ville-sarrians.fr/fileadmin/mediatheque/sarrians/documents/Vie_municipale/actes_adm/2026/Extrait_du_CR_du_CM_du_22_avril_2026.pdf,https://www.ville-sarrians.fr/vie-municipale/votre-ville-vos-elues/le-conseil-municipal.html,1,"Extrait du compte rendu du Conseil Municipal du 22 avril 2026, pdf, 1.39mo",,compte rendu;conseil municipal,False,Sarrians,84122,5792,84
https://www.ville-sarrians.fr/fileadmin/mediatheque/sarrians/documents/Vie_municipale/actes_adm/2026/1-finances-budget-principal-budget-primitif-2026__1_.pdf,https://www.ville-sarrians.fr/vie-municipale/votre-ville-vos-elues/le-conseil-municipal.html,1,"Délibération n°1 : FINANCES -Budget Principal - Budget Primitif 2026, pdf, 2.41mo",,deliberation;delib,False,Sarrians,84122,5792,84
https://www.ville-sarrians.fr/fileadmin/mediatheque/sarrians/documents/Vie_municipale/actes_adm/2026/2-finances-budget-annexe-regie-funeraire-budget-primitif-2026__1_.pdf,https://www.ville-sarrians.fr/vie-municipale/votre-ville-vos-elues/le-conseil-municipal.html,1,"Délibération n°2: FINANCES- Budget Funéraire - Budget Primitif 2026, pdf, 1.48mo",,deliberation;delib,False,Sarrians,84122,5792,84
https://www.ville-sarrians.fr/fileadmin/mediatheque/sarrians/documents/Vie_municipale/actes_adm/2026/3-finances-budget-annexe-hydraulique-budget-primitif-2026__1_.pdf,https://www.ville-sarrians.fr/vie-municipale/votre-ville-vos-elues/le-conseil-municipal.html,1,"Délibération n°3 : FINANCES - Budget Hydraulique- Budget Primitif 2026, pdf, 1.20mo",,deliberation;delib,False,Sarrians,84122,5792,84
https://www.ville-sarrians.fr/fileadmin/mediatheque/sarrians/documents/Vie_municipale/actes_adm/2026/4-finances-budget-eau-pour-cpte-cove-budget-primitif-2026__1_.pdf,https://www.ville-sarrians.fr/vie-municipale/votre-ville-vos-elues/le-conseil-municipal.html,1,"Délibération n°4 : FINANCES -Budget Eau au nom et pour compte de la Cove - Budget Primitif 2026, pdf, 1.33mo",,deliberation;delib,False,Sarrians,84122,5792,84
https://www.ville-sarrians.fr/fileadmin/mediatheque/sarrians/documents/Vie_municipale/actes_adm/2026/5-finances-budget-assainissement-cpte-cove-budget-primitif-2026__1_.pdf,https://www.ville-sarrians.fr/vie-municipale/votre-ville-vos-elues/le-conseil-municipal.html,1,"Délibération n°5 : FINANCES - Budget Assainissement au nom et pour compte Cove- Budget Primitif 2026, pdf, 1.37mo",,deliberation;delib,False,Sarrians,84122,5792,84
https://www.ville-sarrians.fr/fileadmin/mediatheque/sarrians/documents/Vie_municipale/actes_adm/2026/6-administration-generale-designation-delegues-cm-ca-afcas__1_.pdf,https://www.ville-sarrians.fr/vie-municipale/votre-ville-vos-elues/le-conseil-municipal.html,1,"Délibération n°6 : ADMINISTRATION GENERALE - Désignation des délégués au Conseil d'Administration de l'AFCAS, pdf, 597ko",cm-;-cm,deliberation;delib,True,Sarrians,84122,5792,84
https://www.ville-sarrians.fr/fileadmin/mediatheque/sarrians/documents/Vie_municipale/actes_adm/2026/7-administration-generale-designation-delegues-cm-au-ca-du-ccas__1_.pdf,https://www.ville-sarrians.fr/vie-municipale/votre-ville-vos-elues/le-conseil-municipal.html,1,"Délibération n°7 : ADMINISTRATION GENERALE - Désignation des délégués au Conseil d'Administration du CCAS, pdf, 661ko",cm-;-cm,deliberation;delib,True,Sarrians,84122,5792,84
https://www.ville-sarrians.fr/fileadmin/mediatheque/sarrians/documents/Vie_municipale/actes_adm/2026/8-administration-generale-designation-delegues-cm-au-ca-maison-de-retraite__1_.pdf,https://www.ville-sarrians.fr/vie-municipale/votre-ville-vos-elues/le-conseil-municipal.html,1,Délibération n°8 : ADMINISTRATION GENERALE - Désignation des délégués au Conseil d'Administration de la Maison de retrai,cm-;-cm,deliberation;delib,True,Sarrians,84122,5792,84
https://www.ville-sarrians.fr/fileadmin/mediatheque/sarrians/documents/Vie_municipale/actes_adm/2026/9-administration-generale-vente-d-une-balayeuse__1_.pdf,https://www.ville-sarrians.fr/vie-municipale/votre-ville-vos-elues/le-conseil-municipal.html,1,"Délibération n°9 : ADMINISTRATION GENERALE - Vente d'une balayeuse, pdf, 570ko",,deliberation;delib,False,Sarrians,84122,5792,84
https://www.ville-sarrians.fr/fileadmin/mediatheque/sarrians/documents/Vie_municipale/actes_adm/2026/liste_des_deliberation_du_CM_du_08_avril_2026.pdf,https://www.ville-sarrians.fr/vie-municipale/votre-ville-vos-elues/le-conseil-municipal.html,1,"Liste des délibérations examinées par Conseil Municipal du 8 avril 2026, pdf, 255ko",deliberation;delib,deliberation;delib;conseil municipal,True,Sarrians,84122,5792,84
https://www.ville-sarrians.fr/fileadmin/mediatheque/sarrians/documents/Vie_municipale/actes_adm/2026/extrait_du_CR_du_CM_du_08_avril_2026.pdf,https://www.ville-sarrians.fr/vie-municipale/votre-ville-vos-elues/le-conseil-municipal.html,1,"Extrait du Compte Rendu du Conseil Municipal du 8 avril 2026, pdf, 3.03mo",,compte rendu;conseil municipal,False,Sarrians,84122,5792,84
https://www.ville-sarrians.fr/fileadmin/mediatheque/sarrians/documents/Vie_municipale/actes_adm/2026/1-finances-budget-principal-cfu-2025__1___1_.pdf,https://www.ville-sarrians.fr/vie-municipale/votre-ville-vos-elues/le-conseil-municipal.html,1,"Délibération n°1 - BUDGET PRINCIPAL - Compte Financier Unique 2025, pdf, 2.59mo",,deliberation;delib,False,Sarrians,84122,5792,84
https://www.ville-sarrians.fr/fileadmin/mediatheque/sarrians/documents/Vie_municipale/actes_adm/2026/2-finances-budget-principal-affectation-resultat-2025__1___1_.pdf,https://www.ville-sarrians.fr/vie-municipale/votre-ville-vos-elues/le-conseil-municipal.html,1,"Délibération n°2- BUDGET PRINCIPAL - Affectation du résultat 2025, pdf, 687ko",,deliberation;delib,False,Sarrians,84122,5792,84
https://www.ville-sarrians.fr/fileadmin/mediatheque/sarrians/documents/Vie_municipale/actes_adm/2026/3-finances-budget-annexe-funeraire-cfu-2025__1___1_.pdf,https://www.ville-sarrians.fr/vie-municipale/votre-ville-vos-elues/le-conseil-municipal.html,1,"Délibération n°3- BUDGET FUNERAIRE-Compte Financier Unique 2025, pdf, 1.41mo",,deliberation;delib,False,Sarrians,84122,5792,84
https://www.ville-sarrians.fr/fileadmin/mediatheque/sarrians/documents/Vie_municipale/actes_adm/2026/4-finances-budget-annexe-de-l-hydraulique-cfu-2025__1___1_.pdf,https://www.ville-sarrians.fr/vie-municipale/votre-ville-vos-elues/le-conseil-municipal.html,1,"Délibération n°4 - BUDGET HYDRAULIQUE- Compte Financier Unique 2025, pdf, 1.33mo",,deliberation;delib,False,Sarrians,84122,5792,84
https://www.ville-sarrians.fr/fileadmin/mediatheque/sarrians/documents/Vie_municipale/actes_adm/2026/5-finances-budget-annexe-eau-cfu-2025__1___1_.pdf,https://www.ville-sarrians.fr/vie-municipale/votre-ville-vos-elues/le-conseil-municipal.html,1,"Délibération n°5- BUDGET EAU AU NOM ET POUR COMPTE COVE - Compte Financier Unique 2025, pdf, 1.34mo",,deliberation;delib,False,Sarrians,84122,5792,84
https://www.ville-sarrians.fr/fileadmin/mediatheque/sarrians/documents/Vie_municipale/actes_adm/2026/6-finances-budget-annexe-assainissement-cfu-2025__1___1_.pdf,https://www.ville-sarrians.fr/vie-municipale/votre-ville-vos-elues/le-conseil-municipal.html,1,"Délibération n°6- BUDGET ASSAINISSEMENT AU NOM ET POUR COMPTE COVE- Compte Financier Unique 2025, pdf, 1.43mo",,deliberation;delib,False,Sarrians,84122,5792,84
https://www.ville-sarrians.fr/fileadmin/mediatheque/sarrians/documents/Vie_municipale/actes_adm/2026/7-finances-vote-des-taux-2026-dela-fiscalite-locale__1___1_.pdf,https://www.ville-sarrians.fr/vie-municipale/votre-ville-vos-elues/le-conseil-municipal.html,1,"Délibération n°7-FINANCES - Taux 2026 de la fiscalité locale, pdf, 1.12mo",,deliberation;delib,False,Sarrians,84122,5792,84
https://www.ville-sarrians.fr/fileadmin/mediatheque/sarrians/documents/Vie_municipale/actes_adm/2026/8-finances-variation-du-montant-de-l-attribution-de-compensation-eaux-pluviales__1___1_.pdf,https://www.ville-sarrians.fr/vie-municipale/votre-ville-vos-elues/le-conseil-municipal.html,1,"Délibération n°8-FINANCES-Attribution de compensation-eaux pluviales, pdf, 1.91mo",,deliberation;delib,False,Sarrians,84122,5792,84
https://www.ville-sarrians.fr/fileadmin/mediatheque/sarrians/documents/Vie_municipale/actes_adm/2026/9-finances-budget-principal-adoption-reglement-budgetaire-et-financier__1___1_.pdf,https://www.ville-sarrians.fr/vie-municipale/votre-ville-vos-elues/le-conseil-municipal.html,1,"Délibération n°9-FINANCES -Adoption du tèglement budgétaire et financier, pdf, 9.37mo",,deliberation;delib,False,Sarrians,84122,5792,84
https://www.ville-sarrians.fr/fileadmin/mediatheque/sarrians/documents/Vie_municipale/actes_adm/2026/10-finances-rob-2026__1___1_.pdf,https://www.ville-sarrians.fr/vie-municipale/votre-ville-vos-elues/le-conseil-municipal.html,1,"Délibération n°10-FINANCES- Rapport d'Orientations Budgétaires, pdf, 2.83mo",,deliberation;delib,False,Sarrians,84122,5792,84
https://www.ville-sarrians.fr/fileadmin/mediatheque/sarrians/documents/Vie_municipale/actes_adm/2026/11-administration-generale-designation-des-delegues-du-sev__1___1_.pdf,https://www.ville-sarrians.fr/vie-municipale/votre-ville-vos-elues/le-conseil-municipal.html,1,"Délibération n°11-ADMINISTRATION GENERALE-Désignation des délégués au Syndicat d'Electrification Vauclusien (SEV), pdf, ",,deliberation;delib,False,Sarrians,84122,5792,84
https://www.ville-sarrians.fr/fileadmin/mediatheque/sarrians/documents/Vie_municipale/actes_adm/2026/12-administration-generale-designation-des-delegues-du-smf__1___1_.pdf,https://www.ville-sarrians.fr/vie-municipale/votre-ville-vos-elues/le-conseil-municipal.html,1,"Délibération n°12- ADMINISTRATION GENERALE - Désignation des délégués au Syndicat Mixte Forestier, pdf, 523ko",,deliberation;delib,False,Sarrians,84122,5792,84
https://www.ville-sarrians.fr/fileadmin/mediatheque/sarrians/documents/Vie_municipale/actes_adm/2026/13-administration-generales-designation-des-delegues-epage-somv__1___1_.pdf,https://www.ville-sarrians.fr/vie-municipale/votre-ville-vos-elues/le-conseil-municipal.html,1,Délibération n°13- ADMINISTRATION GENERALE - Désignation des délégués à l'Etablissement Public d'Aménagement et de Gesti,,deliberation;delib,False,Sarrians,84122,5792,84
https://www.ville-sarrians.fr/fileadmin/mediatheque/sarrians/documents/Vie_municipale/actes_adm/2026/14-administration-generale-designation-des-delegues-du-cm-au-smop__1___1_.pdf,https://www.ville-sarrians.fr/vie-municipale/votre-ville-vos-elues/le-conseil-municipal.html,1,"Délibération n°14-ADMINISTRATION GENERALE-Désignation des délégués au Syndicat Mixte Ouvèze Provençale, pdf, 647ko",cm-;-cm,deliberation;delib,True,Sarrians,84122,5792,84
https://www.ville-sarrians.fr/fileadmin/mediatheque/sarrians/documents/Vie_municipale/actes_adm/2026/15-administration-generale-designation-des-delegues-du-cm-au-srv__1___1_.pdf,https://www.ville-sarrians.fr/vie-municipale/votre-ville-vos-elues/le-conseil-municipal.html,1,"Délibération n°15-ADMINISTRATION GENERALE - Désignation des délégués au Syndicat Rhône Ventoux, pdf, 568ko",cm-;-cm,deliberation;delib,True,Sarrians,84122,5792,84
https://www.ville-sarrians.fr/fileadmin/mediatheque/sarrians/documents/Vie_municipale/actes_adm/2026/16-administration-generale-designation-des-delegues-locaux-du-cnas__1___1_.pdf,https://www.ville-sarrians.fr/vie-municipale/votre-ville-vos-elues/le-conseil-municipal.html,1,"Délibération n°16- ADMINISTRATION GENERALE-Désignation des délégués locaux au Comité National d'Action Sociale, pdf, 583",,deliberation;delib,False,Sarrians,84122,5792,84
https://www.ville-sarrians.fr/fileadmin/mediatheque/sarrians/documents/Vie_municipale/actes_adm/2026/17-administration-generale-indemnites-elus__1___1_.pdf,https://www.ville-sarrians.fr/vie-municipale/votre-ville-vos-elues/le-conseil-municipal.html,1,"Délibération n°17-ADMINISTRATION GENERALE -Indemnités de fonction des élus, pdf, 1.10mo",,deliberation;delib,False,Sarrians,84122,5792,84
https://www.ville-sarrians.fr/fileadmin/mediatheque/sarrians/documents/Vie_municipale/actes_adm/2026/Liste_des_deliberations_examinees_par_le_Conseil_Municipal.pdf,https://www.ville-sarrians.fr/vie-municipale/votre-ville-vos-elues/le-conseil-municipal.html,1,"Liste des délibérations examinées par Conseil Municipal du 27 mars 2026, pdf, 50ko",deliberation;delib;conseil_municipal,deliberation;delib;conseil municipal,True,Sarrians,84122,5792,84
https://www.ville-sarrians.fr/fileadmin/mediatheque/sarrians/documents/Vie_municipale/actes_adm/2026/Extrait_du_CR_du_CM_du_27_mars_2026.pdf,https://www.ville-sarrians.fr/vie-municipale/votre-ville-vos-elues/le-conseil-municipal.html,1,"Extrait du compte rendu du Conseil Municipal du 27 mars 2026, pdf, 0.94mo",,compte rendu;conseil municipal,False,Sarrians,84122,5792,84
https://www.ville-sarrians.fr/fileadmin/mediatheque/sarrians/documents/Vie_municipale/actes_adm/2026/1_-_ADM_GEN_-_determination_du_nombre_des_adjoints.pdf,https://www.ville-sarrians.fr/vie-municipale/votre-ville-vos-elues/le-conseil-municipal.html,1,"Délibération N°1 - ADMINISTRATION GENERALE - Détermination du nombre d'adjoints, pdf, 475ko",,deliberation;delib,False,Sarrians,84122,5792,84
https://www.ville-sarrians.fr/fileadmin/mediatheque/sarrians/documents/Vie_municipale/actes_adm/2026/2-_ADM_GEN_-_delegations_du_conseil_municipal_au_Maire.pdf,https://www.ville-sarrians.fr/vie-municipale/votre-ville-vos-elues/le-conseil-municipal.html,1,"Délibération N°2 - ADMINISTRATION GENERALE - Délégations du Conseil Municipal au Maire, pdf, 1.30mo",conseil_municipal,deliberation;delib;conseil municipal,True,Sarrians,84122,5792,84
https://www.ville-sarrians.fr/fileadmin/mediatheque/sarrians/documents/Vie_municipale/actes_adm/2025/Liste_des_deliberations_examinees_par_conseil_municipal_du_5_novembre_2025.pdf,https://www.ville-sarrians.fr/vie-municipale/votre-ville-vos-elues/le-conseil-municipal.html,1,"Liste des délibérations examinées par Conseil Municipal du 05 novembre 2025, pdf, 80ko",deliberation;delib;conseil_municipal,deliberation;delib;conseil municipal,True,Sarrians,84122,5792,84
https://www.ville-sarrians.fr/fileadmin/mediatheque/sarrians/documents/Vie_municipale/actes_adm/2025/Extrait_du_CR_du_CM_du_5_novembre_2025.pdf,https://www.ville-sarrians.fr/vie-municipale/votre-ville-vos-elues/le-conseil-municipal.html,1,"Extrait du compte rendu du Conseil Municipal du 05 novembre 2025, pdf, 806ko",,compte rendu;conseil municipal,False,Sarrians,84122,5792,84
https://www.ville-sarrians.fr/fileadmin/mediatheque/sarrians/documents/Vie_municipale/actes_adm/2025/1-_FINANCES_-_Subvention_2025_association_AFCAS_-_personnel_mis_a_disposition.pdf,https://www.ville-sarrians.fr/vie-municipale/votre-ville-vos-elues/le-conseil-municipal.html,1,"Délibération n°1- FINANCES -Budget Principal - Subvention 2025 AFCAS -Personnel mis à disposition, pdf, 610ko",,deliberation;delib,False,Sarrians,84122,5792,84
https://www.ville-sarrians.fr/fileadmin/mediatheque/sarrians/documents/Vie_municipale/actes_adm/2025/2-_URBANISME_-acquisition_parcelles_situees_chemins_la_beaumette_et_du_mourre__.pdf,https://www.ville-sarrians.fr/vie-municipale/votre-ville-vos-elues/le-conseil-municipal.html,1,"Délibération n°2- URBANISME- Acquisition à l'euro symbolique de deux parcelles à Monsieur TEISSIER, pdf, 1.11mo",,deliberation;delib,False,Sarrians,84122,5792,84
https://www.ville-sarrians.fr/fileadmin/mediatheque/sarrians/documents/Vie_municipale/actes_adm/2025/3-_URBANISME_-_acquisition_du_chemin_des_pres.pdf,https://www.ville-sarrians.fr/vie-municipale/votre-ville-vos-elues/le-conseil-municipal.html,1,"Délibération n°3-URBANISME - Acquisition à l'euro symbolique du chemin des prés, pdf, 2.52mo",,deliberation;delib,False,Sarrians,84122,5792,84
https://www.ville-sarrians.fr/fileadmin/mediatheque/sarrians/documents/Vie_municipale/actes_adm/2025/4-_RESSOURCES_HUMAINES-_modification_du_tableau_des_emplois.pdf,https://www.ville-sarrians.fr/vie-municipale/votre-ville-vos-elues/le-conseil-municipal.html,1,"Délibération n°4- RESSOURCES HUMAINES -Mise à jour du tableau des emplois, pdf, 0.94mo",,deliberation;delib,False,Sarrians,84122,5792,84
https://www.ville-sarrians.fr/fileadmin/mediatheque/sarrians/documents/Vie_municipale/actes_adm/2025/Liste_des_deliberations_examinees_par_conseil_municipal.pdf,https://www.ville-sarrians.fr/vie-municipale/votre-ville-vos-elues/le-conseil-municipal.html,1,"Liste des délibérations examinées par conseil municipal du 30 septembre 2025, pdf, 291ko",deliberation;delib;conseil_municipal,deliberation;delib;conseil municipal,True,Sarrians,84122,5792,84
https://www.ville-sarrians.fr/fileadmin/mediatheque/sarrians/documents/Vie_municipale/actes_adm/2025/Extrait_du_compte_rendu_du_conseil_municipal_du_30_septembre_2025.pdf,https://www.ville-sarrians.fr/vie-municipale/votre-ville-vos-elues/le-conseil-municipal.html,1,"Extrait du compte rendu du Conseil Municipal du 30 septembre 2025, pdf, 3.34mo",compte_rendu;conseil_municipal,compte rendu;conseil municipal,True,Sarrians,84122,5792,84
https://www.ville-sarrians.fr/fileadmin/mediatheque/sarrians/documents/Vie_municipale/actes_adm/2025/1-_FINANCES_-_budget_principal-decision_modificative__1_.pdf,https://www.ville-sarrians.fr/vie-municipale/votre-ville-vos-elues/le-conseil-municipal.html,1,"Délibération n°1 -FINANCES - Budget Principal- Décision modificative N°1, pdf, 727ko",,deliberation;delib,False,Sarrians,84122,5792,84
https://www.ville-sarrians.fr/fileadmin/mediatheque/sarrians/documents/Vie_municipale/actes_adm/2025/2-_FINANCES_-_budget_principal-admission_en_non_valeur.pdf,https://www.ville-sarrians.fr/vie-municipale/votre-ville-vos-elues/le-conseil-municipal.html,1,"Délibération n°2 - FINANCES- Budget principal- Admission en non-valeur, pdf, 5.97mo",,deliberation;delib,False,Sarrians,84122,5792,84
https://www.ville-sarrians.fr/fileadmin/mediatheque/sarrians/documents/Vie_municipale/actes_adm/2025/3-_FINANCES_-_subvention_2025_au_CCAS_et_BA_Funeraire.pdf,https://www.ville-sarrians.fr/vie-municipale/votre-ville-vos-elues/le-conseil-municipal.html,1,"Délibération n°3 - FINANCES - Subvention 2025 au CCAS de sarrians et au budget annexe du funéraire, pdf, 632ko",,deliberation;delib,False,Sarrians,84122,5792,84
https://www.ville-sarrians.fr/fileadmin/mediatheque/sarrians/documents/Vie_municipale/actes_adm/2025/4_-_FUNERAIRE-_decision_modificative.pdf,https://www.ville-sarrians.fr/vie-municipale/votre-ville-vos-elues/le-conseil-municipal.html,1,"Délibération n°4 - FINANCES - Budget Funéraire-Décision modificative N°1, pdf, 646ko",,deliberation;delib,False,Sarrians,84122,5792,84
https://www.ville-sarrians.fr/fileadmin/mediatheque/sarrians/documents/Vie_municipale/actes_adm/2025/5-_BUDGET_ANNEXE_DE_L_HYDRAULIQUE_-_admission_en_non_valeur.pdf,https://www.ville-sarrians.fr/vie-municipale/votre-ville-vos-elues/le-conseil-municipal.html,1,"Délibération n°5-FINANCES -Budget hydraulique-admission en non-valeur, pdf, 1.68mo",,deliberation;delib,False,Sarrians,84122,5792,84
https://www.ville-sarrians.fr/fileadmin/mediatheque/sarrians/documents/Vie_municipale/actes_adm/2025/6-MARCHES_PUBLICS_-_Delegation_de_Service_Public_-Contrat_de_gestion_du_camping_de_la_Sainte_Croix-Rapport_annuel_d_activite_annee_2024.pdf,https://www.ville-sarrians.fr/vie-municipale/votre-ville-vos-elues/le-conseil-municipal.html,1,Délibération n°6-MARCHES PUBLICS-Délégation de service public-Contrat de gestion de la sainte croix-rapport annuel d'act,,deliberation;delib,False,Sarrians,84122,5792,84
https://www.ville-sarrians.fr/fileadmin/mediatheque/sarrians/documents/Vie_municipale/actes_adm/2025/7-_MARCHES_PUBLICS_-_DSP_rapport_d_enlevement_d_s_vehicules_abandonnes.pdf,https://www.ville-sarrians.fr/vie-municipale/votre-ville-vos-elues/le-conseil-municipal.html,1,Délibération n°7- MARCHES PUBLICS - Délégation de service public-rapport d'enlèvement des véhicules abandonnés en fourri,,deliberation;delib,False,Sarrians,84122,5792,84
https://www.ville-sarrians.fr/fileadmin/mediatheque/sarrians/documents/Vie_municipale/actes_adm/2025/8-_MARCHES_PUBLICS_-_renouvellement_de_la_delegation_de_service_public_vehicules.pdf,https://www.ville-sarrians.fr/vie-municipale/votre-ville-vos-elues/le-conseil-municipal.html,1,Délibération n°8-MARCHES PUBLICS-renouvellement de la délagation de service public pour l'enlèvement des véhicules aband,,deliberation;delib,False,Sarrians,84122,5792,84
https://www.ville-sarrians.fr/fileadmin/mediatheque/sarrians/documents/Vie_municipale/actes_adm/2025/9_-_vente_d_une_portion_de_parcelle_a_Mme_TARTON.pdf,https://www.ville-sarrians.fr/vie-municipale/votre-ville-vos-elues/le-conseil-municipal.html,1,"Délibération n°9-URBANISME-Vente d'une portion de parcelle appartenant à la commune à Madame TARTON, pdf, 2.07mo",,deliberation;delib,False,Sarrians,84122,5792,84
https://www.ville-sarrians.fr/fileadmin/mediatheque/sarrians/documents/Vie_municipale/actes_adm/2025/10_-_vente_d_une_parcelle_de_vignes_a_Mesdames_MARET.pdf,https://www.ville-sarrians.fr/vie-municipale/votre-ville-vos-elues/le-conseil-municipal.html,1,"Délibération n°10-URBANISME -Vente d'une parcelle de vigne AOP Vacqueyras à Mesdames MARET, pdf, 1.27mo",,deliberation;delib,False,Sarrians,84122,5792,84
https://www.ville-sarrians.fr/fileadmin/mediatheque/sarrians/documents/Vie_municipale/actes_adm/2025/11_-_acquisition_des_parcelles_de_la_gare.pdf,https://www.ville-sarrians.fr/vie-municipale/votre-ville-vos-elues/le-conseil-municipal.html,1,"Délibération n°11-Acquisition des parcelles de la Gare, pdf, 1.30mo",,deliberation;delib,False,Sarrians,84122,5792,84
https://www.ville-sarrians.fr/fileadmin/mediatheque/sarrians/documents/Vie_municipale/actes_adm/2025/12-_URBANISME_-_coeur_de_ville_-presentation_du_CRAC.pdf,https://www.ville-sarrians.fr/vie-municipale/votre-ville-vos-elues/le-conseil-municipal.html,1,Délibération n°12-URBANISME-Coeur de ville-présentation du compte rendu annuel de la concession d'aménagement à la colle,,deliberation;delib;compte rendu,False,Sarrians,84122,5792,84
https://www.ville-sarrians.fr/fileadmin/mediatheque/sarrians/documents/Vie_municipale/actes_adm/2025/13_-_RESSOURCES_HUMAINES_-_modification_du_tableau_des_emplois.pdf,https://www.ville-sarrians.fr/vie-municipale/votre-ville-vos-elues/le-conseil-municipal.html,1,"Délibération n°13-RESSOURCES HUMAINES -Modification du tableau des emplois, pdf, 0.96mo",,deliberation;delib,False,Sarrians,84122,5792,84
https://www.ville-sarrians.fr/fileadmin/mediatheque/sarrians/documents/Vie_municipale/actes_adm/2025/14_-_RESSOURCES_HUMAINES_-_labellisation_mutuelle_agents.pdf,https://www.ville-sarrians.fr/vie-municipale/votre-ville-vos-elues/le-conseil-municipal.html,1,Délibération n°14- RESSOURCES HUMAINES-participation obligatoire au financement de la protection sociale complémentaire ,,deliberation;delib,False,Sarrians,84122,5792,84
https://www.ville-sarrians.fr/fileadmin/mediatheque/sarrians/documents/Vie_municipale/actes_adm/2025/Liste_des_deliberations_examinees_par_CM_du_8_avril_2025.pdf,https://www.ville-sarrians.fr/vie-municipale/votre-ville-vos-elues/le-conseil-municipal.html,1,"Liste des délibérations examinées en Conseil Municipal le 8 avril 2025, pdf, 273ko",deliberation;delib,deliberation;delib;conseil municipal,True,Sarrians,84122,5792,84
https://www.ville-sarrians.fr/fileadmin/mediatheque/sarrians/documents/Vie_municipale/actes_adm/2025/extrait_du_CR_du_CM_du_8_avril_2025_1_.pdf,https://www.ville-sarrians.fr/vie-municipale/votre-ville-vos-elues/le-conseil-municipal.html,1,"Extrait du compte rendu du Conseil Municipal du 8 avril 2025, pdf, 3.40mo",,compte rendu;conseil municipal,False,Sarrians,84122,5792,84
https://www.ville-sarrians.fr/fileadmin/mediatheque/sarrians/documents/Vie_municipale/actes_adm/2025/1_-_2025_D_1_ASSOCIATIONS_subventions_2025_aux_associations.pdf,https://www.ville-sarrians.fr/vie-municipale/votre-ville-vos-elues/le-conseil-municipal.html,1,"Délibération n°1 - ASSOCIATIONS : subventions 2025 aux associations, pdf, 835ko",,deliberation;delib,False,Sarrians,84122,5792,84
https://www.ville-sarrians.fr/fileadmin/mediatheque/sarrians/documents/Vie_municipale/actes_adm/2025/2_-_2025_FINANCES_budget_principal_CFU_2024.pdf,https://www.ville-sarrians.fr/vie-municipale/votre-ville-vos-elues/le-conseil-municipal.html,1,"Délibération n°2 - FINANCES- BUDGET PRINCIPAL : Compte financier unique 2024, pdf, 2.72mo",,deliberation;delib,False,Sarrians,84122,5792,84
https://www.ville-sarrians.fr/fileadmin/mediatheque/sarrians/documents/Vie_municipale/actes_adm/2025/3-_2025_FINANCES_BUDGET_PRINCIPAL_affectation_resultat_2025.pdf,https://www.ville-sarrians.fr/vie-municipale/votre-ville-vos-elues/le-conseil-municipal.html,1,"Délibération n°3 - FINANCES - BUDGET PRINCIPAL : Affectation du résultat 2025, pdf, 757ko",,deliberation;delib,False,Sarrians,84122,5792,84
https://www.ville-sarrians.fr/fileadmin/mediatheque/sarrians/documents/Vie_municipale/actes_adm/2025/4_-_2025_FINANCES_BUDGET_PRINCIPAL_budget_primitif_2025.pdf,https://www.ville-sarrians.fr/vie-municipale/votre-ville-vos-elues/le-conseil-municipal.html,1,"Délibération n°4 - FINANCES - BUDGET PRINCIPAL : Budget primitif 2025, pdf, 2.57mo",,deliberation;delib,False,Sarrians,84122,5792,84
https://www.ville-sarrians.fr/fileadmin/mediatheque/sarrians/documents/Vie_municipale/actes_adm/2025/5_-_2025_FINANCES_Budget_annexe_funeraire_CFU_2024.pdf,https://www.ville-sarrians.fr/vie-municipale/votre-ville-vos-elues/le-conseil-municipal.html,1,"Délibération n°5 - FINANCES - BUDGET ANNEXE FUNERAIRE : Compte Financier Unique 2024, pdf, 1.68mo",,deliberation;delib,False,Sarrians,84122,5792,84
https://www.ville-sarrians.fr/fileadmin/mediatheque/sarrians/documents/Vie_municipale/actes_adm/2025/6_-_2025_BUDGET_ANNEXE_REGIE_FUNERAIRE_budget_primitif_2025.pdf,https://www.ville-sarrians.fr/vie-municipale/votre-ville-vos-elues/le-conseil-municipal.html,1,"Délibération n°6 - FINANCES - BUDGET ANNEXE FUNERAIRE : Budget Primitif 2025, pdf, 1.32mo",,deliberation;delib,False,Sarrians,84122,5792,84
https://www.ville-sarrians.fr/fileadmin/mediatheque/sarrians/documents/Vie_municipale/actes_adm/2025/7_-_2025_FINANCES_budget_annexe_hydraulique_CFU_2024.pdf,https://www.ville-sarrians.fr/vie-municipale/votre-ville-vos-elues/le-conseil-municipal.html,1,"Délibération n°7 - FINANCES - BUDGET ANNEXE HYDRAULIQUE : Compte Financier Unique 2024, pdf, 1.49mo",,deliberation;delib,False,Sarrians,84122,5792,84
https://www.ville-sarrians.fr/fileadmin/mediatheque/sarrians/documents/Vie_municipale/actes_adm/2025/8_-_2025_BUDGET_ANNEXE_HYDRAULIQUE_budget_primitif_2025.pdf,https://www.ville-sarrians.fr/vie-municipale/votre-ville-vos-elues/le-conseil-municipal.html,1,"Délibération n°8 - FINANCES - BUDGET ANNEXE HYDRAULIQUE : Budget Primitif 2025, pdf, 1.25mo",,deliberation;delib,False,Sarrians,84122,5792,84
https://www.ville-sarrians.fr/fileadmin/mediatheque/sarrians/documents/Vie_municipale/actes_adm/2025/9_-_2025_FINANCES_budget_annexe_eau_CFU_2024.pdf,https://www.ville-sarrians.fr/vie-municipale/votre-ville-vos-elues/le-conseil-municipal.html,1,"Délibération n°9 - FINANCES - BUDGET EAU AU NOM ET POUR COMPTE COVE : Compte Financier Unique 2024, pdf, 1.50mo",,deliberation;delib,False,Sarrians,84122,5792,84
https://www.ville-sarrians.fr/fileadmin/mediatheque/sarrians/documents/Vie_municipale/actes_adm/2025/10_-_2025_BUDGET_EAU_budget_primitif_2025.pdf,https://www.ville-sarrians.fr/vie-municipale/votre-ville-vos-elues/le-conseil-municipal.html,1,"Délibération n°10 - FINANCES - BUDGET EAU AU NOM ET POUR COMPTE COVE : Budget Primitif 2025, pdf, 1.30mo",,deliberation;delib,False,Sarrians,84122,5792,84
https://www.ville-sarrians.fr/fileadmin/mediatheque/sarrians/documents/Vie_municipale/actes_adm/2025/11_-_2025_FINANCES_budget_annexe_assainissement_CFU_2024.pdf,https://www.ville-sarrians.fr/vie-municipale/votre-ville-vos-elues/le-conseil-municipal.html,1,"Délibération n°11 - FINANCES - BUDGET ANNEXE ASSAINISSEMENT EU NOM ET POUR COMPTE COVE : Compte Financier Unique 2024, p",,deliberation;delib,False,Sarrians,84122,5792,84
https://www.ville-sarrians.fr/fileadmin/mediatheque/sarrians/documents/Vie_municipale/actes_adm/2025/12_-_2025_BUDGET_ASSAINISSEMENT_budget_primitif_2025.pdf,https://www.ville-sarrians.fr/vie-municipale/votre-ville-vos-elues/le-conseil-municipal.html,1,"Délibération n°12 - FINANCES - BUDGET ASSAINISSEMENT AU NOM ET POUR COMPTE COVE : Budget Primitif 2025, pdf, 1.35mo",,deliberation;delib,False,Sarrians,84122,5792,84
https://www.ville-sarrians.fr/fileadmin/mediatheque/sarrians/documents/Vie_municipale/actes_adm/2025/13_-_2025_TRAVAUX_Delib_13_2025_TRAVAUX_budget_principal_demande_de_subvention.pdf,https://www.ville-sarrians.fr/vie-municipale/votre-ville-vos-elues/le-conseil-municipal.html,1,Délibération n°13 - TRAVAUX - BUDGET PRINCIPAL : Demande d'une subvention auprès de la fondation de patrimoine au titre ,delib,deliberation;delib,True,Sarrians,84122,5792,84
https://www.ville-sarrians.fr/fileadmin/mediatheque/sarrians/documents/Vie_municipale/actes_adm/2025/14_-_2025_RESSOURCES_HUMAINES_mise_en_place_tickets_restaurants.pdf,https://www.ville-sarrians.fr/vie-municipale/votre-ville-vos-elues/le-conseil-municipal.html,1,"Délibération n°14 - RESSOURCES HUMAINES : Mise en place de la prestation titres-restaurant, pdf, 1.41mo",,deliberation;delib,False,Sarrians,84122,5792,84
https://www.ville-sarrians.fr/fileadmin/mediatheque/sarrians/documents/Vie_municipale/actes_adm/2025/15_-2025_RESSOURCES_HUMAINES_action_sociale_en_faveur_des_agents_.pdf,https://www.ville-sarrians.fr/vie-municipale/votre-ville-vos-elues/le-conseil-municipal.html,1,"Délibération n°15 - RESSOURCES HUMAINES : Action sociale en faveur des agents de la Collectivité, pdf, 763ko",,deliberation;delib,False,Sarrians,84122,5792,84
https://www.ville-sarrians.fr/fileadmin/mediatheque/sarrians/documents/Vie_municipale/actes_adm/2025/liste_des_deliberations_examinees_par_conseil_municipal_du_11_mars_2025.pdf,https://www.ville-sarrians.fr/vie-municipale/votre-ville-vos-elues/le-conseil-municipal.html,1,"Liste des délibérations examinées en conseil municipal le 11 mars 2025, pdf, 91ko",deliberation;delib;conseil_municipal,deliberation;delib;conseil municipal,True,Sarrians,84122,5792,84
https://www.ville-sarrians.fr/fileadmin/mediatheque/sarrians/documents/Vie_municipale/actes_adm/2025/Extrait_du_compte_rendu_du_conseil_municipal_du_11_mars_2025.pdf,https://www.ville-sarrians.fr/vie-municipale/votre-ville-vos-elues/le-conseil-municipal.html,1,"Extrait du compte rendu du conseil municipal du 11 mars 2025, pdf, 1.14mo",compte_rendu;conseil_municipal,compte rendu;conseil municipal,True,Sarrians,84122,5792,84
https://www.ville-sarrians.fr/fileadmin/mediatheque/sarrians/documents/Vie_municipale/actes_adm/2025/1_-_ADMINISTRATION_GENERALE_-_tarifs_camping_2025.pdf,https://www.ville-sarrians.fr/vie-municipale/votre-ville-vos-elues/le-conseil-municipal.html,1,"Délibération n°1 - ADMINISTRATION GENERALE : approbation des tarifs du camping de la sainte croix - Année 2025, pdf, 1.7",,deliberation;delib,False,Sarrians,84122,5792,84
https://www.ville-sarrians.fr/fileadmin/mediatheque/sarrians/documents/Vie_municipale/actes_adm/2025/2_-_URBANISME_-_mission_d_etude_perimetre_monuments_historiques.pdf,https://www.ville-sarrians.fr/vie-municipale/votre-ville-vos-elues/le-conseil-municipal.html,1,Délibération n°2 - URBANISME : lancement d'une mission d'étude de périmètre délimité des abords des monuments historique,,deliberation;delib,False,Sarrians,84122,5792,84
https://www.ville-sarrians.fr/fileadmin/mediatheque/sarrians/documents/Vie_municipale/actes_adm/2025/3_-_URBANISME_-_convention_2025_-2026_Soliha_84.pdf,https://www.ville-sarrians.fr/vie-municipale/votre-ville-vos-elues/le-conseil-municipal.html,1,Délibération n°3 - URBANISME : convention 2025-2026 avec Soliha 84 pour le suivi et l'animation du point information amé,,deliberation;delib,False,Sarrians,84122,5792,84
https://www.ville-sarrians.fr/fileadmin/mediatheque/sarrians/documents/Vie_municipale/actes_adm/2025/4_-_FINANCES_-_Vote_des_taux_2025_de_la_fiscalite_directe_locale.pdf,https://www.ville-sarrians.fr/vie-municipale/votre-ville-vos-elues/le-conseil-municipal.html,1,"Délibération n°4 - FINANCES : vote des taux 2025 de la fiscalité directe locale , pdf, 660ko",,deliberation;delib,False,Sarrians,84122,5792,84
https://www.ville-sarrians.fr/fileadmin/mediatheque/sarrians/documents/Vie_municipale/actes_adm/2025/5_-_FINANCES_-_Rapport_d_Orientation_Budgetaire_2025.pdf,https://www.ville-sarrians.fr/vie-municipale/votre-ville-vos-elues/le-conseil-municipal.html,1,"Délibération n°5 - FINANCES : rapport d'orientations budgétaires 2025, pdf, 2.54mo",,deliberation;delib,False,Sarrians,84122,5792,84
https://www.ville-sarrians.fr/fileadmin/mediatheque/sarrians/documents/Vie_municipale/actes_adm/2024/Liste_des_deliberations_examinees_par_conseil_municipal_du_26_novembre_2024.pdf,https://www.ville-sarrians.fr/vie-municipale/votre-ville-vos-elues/le-conseil-municipal.html,1,"Liste des délibérations examinées par Conseil Municipal du 26 novembre 2024, pdf, 304ko",deliberation;delib;conseil_municipal,deliberation;delib;conseil municipal,True,Sarrians,84122,5792,84
https://www.ville-sarrians.fr/fileadmin/mediatheque/sarrians/documents/Vie_municipale/actes_adm/2024/Extrait_du_compte_rendu_du_conseil_municipal_du_26-11-2024_.pdf,https://www.ville-sarrians.fr/vie-municipale/votre-ville-vos-elues/le-conseil-municipal.html,1,"Extrait du compte rendu du Conseil Municipal du 26 novembre 2024, pdf, 6.31mo",compte_rendu;conseil_municipal,compte rendu;conseil municipal,True,Sarrians,84122,5792,84
https://www.ville-sarrians.fr/fileadmin/mediatheque/sarrians/documents/Vie_municipale/actes_adm/2024/D_1_Administration_generale_-_subvention_de_solidarite_Espagne-1.pdf,https://www.ville-sarrians.fr/vie-municipale/votre-ville-vos-elues/le-conseil-municipal.html,1,"Délibération n°1- ADMINISTRATION GENERALE : Subvention de solidarité en faveur des victimes des inondations en Espagne, ",,deliberation;delib,False,Sarrians,84122,5792,84
https://www.ville-sarrians.fr/fileadmin/mediatheque/sarrians/documents/Vie_municipale/actes_adm/2024/D_2_FINANCES_-_Budget_Principal_-_ouverture_de_credits_2025_en_section_invest-1.pdf,https://www.ville-sarrians.fr/vie-municipale/votre-ville-vos-elues/le-conseil-municipal.html,1,"Délibération n°2 - FINANCES : Budget principal : ouverture de crédits, pdf, 0.97mo",,deliberation;delib,False,Sarrians,84122,5792,84
https://www.ville-sarrians.fr/fileadmin/mediatheque/sarrians/documents/Vie_municipale/actes_adm/2024/D_3_FINANCES_-_Budget_assainissement_collectif_au_nom_et_pour_compte_cove-1.pdf,https://www.ville-sarrians.fr/vie-municipale/votre-ville-vos-elues/le-conseil-municipal.html,1,"Délibération n°3 - FINANCES : Budget assainissement au nom et pour compte Cove : ouverture de crédits, pdf, 856ko",,deliberation;delib,False,Sarrians,84122,5792,84
https://www.ville-sarrians.fr/fileadmin/mediatheque/sarrians/documents/Vie_municipale/actes_adm/2024/D_4_-_FINANCES_-_Budget_eau_potable_au_nom_et_pour_compte_cove-1.pdf,https://www.ville-sarrians.fr/vie-municipale/votre-ville-vos-elues/le-conseil-municipal.html,1,"Délibération n°4 - FINANCES : Budget eau au nom et pour compte Cove : ouverture de crédits, pdf, 858ko",,deliberation;delib,False,Sarrians,84122,5792,84
https://www.ville-sarrians.fr/fileadmin/mediatheque/sarrians/documents/Vie_municipale/actes_adm/2024/D_5_FINANCES_-_Budget_funeraire_-_ouverture_de_credits_2025-1.pdf,https://www.ville-sarrians.fr/vie-municipale/votre-ville-vos-elues/le-conseil-municipal.html,1,"Délibération n°5 - FINANCES : Budget funéraire : ouverture de crédits, pdf, 811ko",,deliberation;delib,False,Sarrians,84122,5792,84
https://www.ville-sarrians.fr/fileadmin/mediatheque/sarrians/documents/Vie_municipale/actes_adm/2024/D_6_-_FINANCES_-_Taxe_locale_sur_la_publicite_exterieure_-_mise_a_jour_tarifs-1.pdf,https://www.ville-sarrians.fr/vie-municipale/votre-ville-vos-elues/le-conseil-municipal.html,1,"Délibération n°6 - FINANCES : Taxe locale sur la publicité extérieure, pdf, 1.28mo",,deliberation;delib,False,Sarrians,84122,5792,84
https://www.ville-sarrians.fr/fileadmin/mediatheque/sarrians/documents/Vie_municipale/actes_adm/2024/D_7_-_FINANCES_-_Subvention_2024_a_lassociation_AFCAS_-1.pdf,https://www.ville-sarrians.fr/vie-municipale/votre-ville-vos-elues/le-conseil-municipal.html,1,"Délibération n°7 - FINANCES : Subvention 2024 à l'AFCAS - mise à disposition de personnel, pdf, 692ko",,deliberation;delib,False,Sarrians,84122,5792,84
https://www.ville-sarrians.fr/fileadmin/mediatheque/sarrians/documents/Vie_municipale/actes_adm/2024/D_8_-_ENFANCE_JEUNESSE_Renouvellement_de_la_convention_territoriale_globale-1.pdf,https://www.ville-sarrians.fr/vie-municipale/votre-ville-vos-elues/le-conseil-municipal.html,1,"Délibération n°8 - ENFANCE JEUNESSE : Renouvellement de la Convention Territoriale Globale 2025/2029, pdf, 7.42mo",,deliberation;delib,False,Sarrians,84122,5792,84
https://www.ville-sarrians.fr/fileadmin/mediatheque/sarrians/documents/Vie_municipale/actes_adm/2024/D_9_-_ENFANCE_JEUNESSE_-_Convention_2025_-_2027-1.pdf,https://www.ville-sarrians.fr/vie-municipale/votre-ville-vos-elues/le-conseil-municipal.html,1,"Délibération n°9 - ENFANCE JEUNESSE : Renouvellement de convention avec l'AFCAS 2025/2027, pdf, 2.38mo",,deliberation;delib,False,Sarrians,84122,5792,84
https://www.ville-sarrians.fr/fileadmin/mediatheque/sarrians/documents/Vie_municipale/actes_adm/2024/D_10_-_RESSOURCES_HUMAINES_-_Modification_du_tableau_des_emplois-1.pdf,https://www.ville-sarrians.fr/vie-municipale/votre-ville-vos-elues/le-conseil-municipal.html,1,"Délibération n°10 - RESSOURCES HUMAINES : mise à jour du tableau des emplois, pdf, 0.91mo",,deliberation;delib,False,Sarrians,84122,5792,84
https://www.ville-sarrians.fr/fileadmin/mediatheque/sarrians/documents/Vie_municipale/actes_adm/2024/D_11_-_RESSOURCES_HUMAINES_-_Mise_a_jour_des_modalites_d_attribution_vehicules-1.pdf,https://www.ville-sarrians.fr/vie-municipale/votre-ville-vos-elues/le-conseil-municipal.html,1,"Délibération n°11 - RESSOURCES HUMAINES : mise à jour des modalités d'attribution des véhicules de service, pdf, 1.85mo",,deliberation;delib,False,Sarrians,84122,5792,84
https://www.ville-sarrians.fr/fileadmin/mediatheque/sarrians/documents/Vie_municipale/actes_adm/2024/D_12_RESSOURCES_HUMAINES-_PREVOYANCE-1.pdf,https://www.ville-sarrians.fr/vie-municipale/votre-ville-vos-elues/le-conseil-municipal.html,1,"Délibération n°12 - RESSOURCES HUMAINES : Protection Sociale Complémentaire, pdf, 1.87mo",,deliberation;delib,False,Sarrians,84122,5792,84
https://www.ville-sarrians.fr/fileadmin/mediatheque/sarrians/documents/Vie_municipale/actes_adm/2024/D_13_-_RESSOURCES_HUMAINES_-_indemnite_speciale_Police_Municipale-2.pdf,https://www.ville-sarrians.fr/vie-municipale/votre-ville-vos-elues/le-conseil-municipal.html,1,"Délibération n°13 - RESSOURCES HUMAINES : Régime indemnitaire des agents de Police Municipale, pdf, 1.38mo",,deliberation;delib,False,Sarrians,84122,5792,84
https://www.ville-sarrians.fr/fileadmin/mediatheque/sarrians/documents/Vie_municipale/actes_adm/2024/D_14_-_HYDRAULIQUE-_Plan_pluriannuel_de_gestion_et_d_entretien_des_mayres-1.pdf,https://www.ville-sarrians.fr/vie-municipale/votre-ville-vos-elues/le-conseil-municipal.html,1,"Délibération n°14 - HYDRAULIQUE : Plan pluriannuel de gestion et d'entretien des Mayres 2025/2029, pdf, 13.14mo",,deliberation;delib,False,Sarrians,84122,5792,84
https://www.ville-sarrians.fr/fileadmin/mediatheque/sarrians/documents/Vie_municipale/actes_adm/2024/D_15_-_INTERCOMMUNALITE_-_Competence_eaux_pluviales_urbaines-1.pdf,https://www.ville-sarrians.fr/vie-municipale/votre-ville-vos-elues/le-conseil-municipal.html,1,"Délibération n°15 - INTERCOMMUNALITE : Convention de gestion avec la Cove relative aux eaux pluviales, pdf, 2.38mo",,deliberation;delib,False,Sarrians,84122,5792,84
https://www.ville-sarrians.fr/fileadmin/mediatheque/sarrians/documents/Vie_municipale/actes_adm/2024/D_16_-_SECURITE_-_Convention_conclue_entre_l_Etat_et_la_commune_SAIP-1.pdf,https://www.ville-sarrians.fr/vie-municipale/votre-ville-vos-elues/le-conseil-municipal.html,1,Délibération n°16 - SECURITE : Convention conclue entre l'Etat et la commune de Sarrians relative à l'installation d'une,,deliberation;delib,False,Sarrians,84122,5792,84
https://www.ville-sarrians.fr/fileadmin/mediatheque/sarrians/documents/Vie_municipale/actes_adm/2024/D_17_-_ADMINISTRATION_GENERALE_-_Adhesion_a_Vaucluse_Ingenierie-1.pdf,https://www.ville-sarrians.fr/vie-municipale/votre-ville-vos-elues/le-conseil-municipal.html,1,"Délibération n°17 - ADMINISTRATION GENERALE : Adhésion à l'agence technique départemantale Vaucluse Ingénierie, pdf, 5.3",,deliberation;delib,False,Sarrians,84122,5792,84
https://www.ville-sarrians.fr/fileadmin/mediatheque/sarrians/documents/Vie_municipale/actes_adm/2024/D_18_-_ADMINISTRATION_GENERALE_-_Maintien_autonomie_collectivite_territoriale-1.pdf,https://www.ville-sarrians.fr/vie-municipale/votre-ville-vos-elues/le-conseil-municipal.html,1,"Délibération n°18 - ADMINISTRATION GENERALE : Motion pour le maintien de l'autonomie des Collectivités Territoriales, pd",,deliberation;delib,False,Sarrians,84122,5792,84
https://www.ville-sarrians.fr/fileadmin/mediatheque/sarrians/documents/Vie_municipale/actes_adm/2025/19_-_MARCHES_PUBLICS_-_DSP_Camping_-rapport_annuel_d_activite.pdf,https://www.ville-sarrians.fr/vie-municipale/votre-ville-vos-elues/le-conseil-municipal.html,1,"Délibération n°19 - MARCHES PUBLICS : Rapport annuel de la DSP Camping, pdf, 3.18mo",,deliberation;delib,False,Sarrians,84122,5792,84
https://www.ville-sarrians.fr/fileadmin/mediatheque/sarrians/documents/Vie_municipale/Le_Conseil_Municipal/CM_19_03_2024/Liste_des_deliberations_examinees_par_conseil_municipal_du_18_septembre_2024.pdf,https://www.ville-sarrians.fr/vie-municipale/votre-ville-vos-elues/le-conseil-municipal.html,1,"Liste des délibérations examinées par conseil municipal du 18 septembre 2024, pdf, 199ko",deliberation;delib;conseil_municipal,deliberation;delib;conseil municipal,True,Sarrians,84122,5792,84
https://www.ville-sarrians.fr/fileadmin/mediatheque/sarrians/documents/Vie_municipale/Le_Conseil_Municipal/CM_18_09_2024/extrait_du_compte_rendu_du_conseil_municipal_du_18_septembre_2024_1_.pdf,https://www.ville-sarrians.fr/vie-municipale/votre-ville-vos-elues/le-conseil-municipal.html,1,"Extrait du compte rendu du Conseil municipal du 18 septembre 2024, pdf, 2.86mo",compte_rendu;conseil_municipal,compte rendu;conseil municipal,True,Sarrians,84122,5792,84
https://www.ville-sarrians.fr/fileadmin/mediatheque/sarrians/images/Vie_municipale/Actes_administratifs/2024/1_urbanisme_coeur_de_ville_CRAC_bilan_financier_previsionnel-1.pdf,https://www.ville-sarrians.fr/vie-municipale/votre-ville-vos-elues/le-conseil-municipal.html,1,"Délibération n°1 - Urbanisme: coeur de ville présentation du CRAC 2023, pdf, 6.39mo",,deliberation;delib,False,Sarrians,84122,5792,84
https://www.ville-sarrians.fr/fileadmin/mediatheque/sarrians/images/Vie_municipale/Actes_administratifs/2024/2_Urbanisme_acquisition_du_fonds_de_commerce_bar_du_casino.pdf,https://www.ville-sarrians.fr/vie-municipale/votre-ville-vos-elues/le-conseil-municipal.html,1,"Délibération n°2 - Urbanisme : Acquisition du fonds de commerce ""Bar du Casino"", pdf, 1.01mo",,deliberation;delib,False,Sarrians,84122,5792,84
https://www.ville-sarrians.fr/fileadmin/mediatheque/sarrians/images/Vie_municipale/Actes_administratifs/2024/3_finances_budget_principal_decision_modificative_N__1.pdf,https://www.ville-sarrians.fr/vie-municipale/votre-ville-vos-elues/le-conseil-municipal.html,1,"Délibération n°3 - Finances - Budget principal : décision modificative N°1, pdf, 0.91mo",,deliberation;delib,False,Sarrians,84122,5792,84
https://www.ville-sarrians.fr/fileadmin/mediatheque/sarrians/images/Vie_municipale/Actes_administratifs/2024/4_Budget_assainissement_au_nom_et_pour_cpte_Cove.pdf,https://www.ville-sarrians.fr/vie-municipale/votre-ville-vos-elues/le-conseil-municipal.html,1,"Délibération n°4 - Budget Assainissement au nom et pour CPTE COVE, pdf, 770ko",,deliberation;delib,False,Sarrians,84122,5792,84
https://www.ville-sarrians.fr/fileadmin/mediatheque/sarrians/images/Vie_municipale/Actes_administratifs/2024/5_budget_hydraulique_decision_modificative_N__1.pdf,https://www.ville-sarrians.fr/vie-municipale/votre-ville-vos-elues/le-conseil-municipal.html,1,"Délibération n°5 - Budget hydraulique : décision modificative N°1 -2024, pdf, 687ko",,deliberation;delib,False,Sarrians,84122,5792,84
https://www.ville-sarrians.fr/fileadmin/mediatheque/sarrians/images/Vie_municipale/Actes_administratifs/2024/6_budget_funeraire_decision_modificative_N__1.pdf,https://www.ville-sarrians.fr/vie-municipale/votre-ville-vos-elues/le-conseil-municipal.html,1,"Délibération n°6 - Funéraire : Décision modificative n°1, pdf, 731ko",,deliberation;delib,False,Sarrians,84122,5792,84
https://www.ville-sarrians.fr/fileadmin/mediatheque/sarrians/images/Vie_municipale/Actes_administratifs/2024/7_Finances_-_budget_principal_vente_d_une_epareuse.pdf,https://www.ville-sarrians.fr/vie-municipale/votre-ville-vos-elues/le-conseil-municipal.html,1,"Délibération n°7 - Finances - Budget principal : vente d'une épareuse, pdf, 566ko",,deliberation;delib,False,Sarrians,84122,5792,84
https://www.ville-sarrians.fr/fileadmin/mediatheque/sarrians/images/Vie_municipale/Actes_administratifs/2024/8_Finances_budget_principal_fixation_des_durees_d_amortissement_des_biens_acquis_par_la_commune.pdf,https://www.ville-sarrians.fr/vie-municipale/votre-ville-vos-elues/le-conseil-municipal.html,1,Délibération n°8 - Finances - Budget principal : fixation des durées d'amortissement des biens acquis par la commune - A,,deliberation;delib,False,Sarrians,84122,5792,84
https://www.ville-sarrians.fr/fileadmin/mediatheque/sarrians/images/Vie_municipale/Actes_administratifs/2024/9_Enfance_jeunesse_modification_reglement_interieur_alsh_maternel.pdf,https://www.ville-sarrians.fr/vie-municipale/votre-ville-vos-elues/le-conseil-municipal.html,1,"Délibération n°9 - Enfance jeunesse : modification du règlement intérieur de l'ALSH maternel, pdf, 1.36mo",,deliberation;delib,False,Sarrians,84122,5792,84
https://www.ville-sarrians.fr/fileadmin/mediatheque/sarrians/images/Vie_municipale/Actes_administratifs/2024/10_Enfance_jeunesse_modification_reglement_interieur_Alsh_periscolaire_maternelles_elementaires.pdf,https://www.ville-sarrians.fr/vie-municipale/votre-ville-vos-elues/le-conseil-municipal.html,1,Délibération n°10 - Enfance jeunesse : modification du règlement intérieur des ALSH périscolaires maternelles élémentair,,deliberation;delib,False,Sarrians,84122,5792,84
https://www.ville-sarrians.fr/fileadmin/mediatheque/sarrians/images/Vie_municipale/Actes_administratifs/2024/11_Enfance_jeunesse_modification_reglement_interieur_restaurant_scolaire.pdf,https://www.ville-sarrians.fr/vie-municipale/votre-ville-vos-elues/le-conseil-municipal.html,1,"Délibération n°11 - Enfance jeunesse : modification du réglement intérieur du restaurant scolaire, pdf, 1.59mo",,deliberation;delib,False,Sarrians,84122,5792,84
https://www.ville-sarrians.fr/fileadmin/mediatheque/sarrians/images/Vie_municipale/Actes_administratifs/2024/12_Urbanisme_mise_a_jour_classement_voies_communales.pdf,https://www.ville-sarrians.fr/vie-municipale/votre-ville-vos-elues/le-conseil-municipal.html,1,"Délibération n°12 - Urbanisme : mise à jour du tableau de classement des voies communales, pdf, 3.00mo",,deliberation;delib,False,Sarrians,84122,5792,84
https://www.ville-sarrians.fr/fileadmin/mediatheque/sarrians/images/Vie_municipale/Actes_administratifs/2024/13_Ressources_humaines_tableau_des_emplois.pdf,https://www.ville-sarrians.fr/vie-municipale/votre-ville-vos-elues/le-conseil-municipal.html,1,"Délibération n°13 - Ressources humaines : modification du tableau des emplois, pdf, 0.93mo",,deliberation;delib,False,Sarrians,84122,5792,84
https://www.ville-sarrians.fr/fileadmin/mediatheque/sarrians/images/Vie_municipale/Actes_administratifs/2024/14_Marches_publics_delegation_de_service_public__rapport_d_enlevement_des_vehicules_abandonnes_en_fourriere.pdf,https://www.ville-sarrians.fr/vie-municipale/votre-ville-vos-elues/le-conseil-municipal.html,1,Délibération n°14 - Marchés publics : délégation de service public rapport d'enlèvement des véhicules abandonnés en four,,deliberation;delib,False,Sarrians,84122,5792,84
https://www.ville-sarrians.fr/fileadmin/mediatheque/sarrians/documents/Vie_municipale/Le_Conseil_Municipal/CR_CM_2024/Extrait_du_Compte-rendu_du_CM_du_19_Mars_2024.pdf,https://www.ville-sarrians.fr/vie-municipale/votre-ville-vos-elues/le-conseil-municipal.html,1,"Extrait du Compte-rendu du Conseil Municipal du 19 mars 2024, pdf, 1.72mo",compte-rendu,compte-rendu;conseil municipal,True,Sarrians,84122,5792,84
https://www.ville-sarrians.fr/fileadmin/mediatheque/sarrians/documents/Vie_municipale/Le_Conseil_Municipal/CM_19_03_2024/Liste_des_deliberations_examinees__au_Conseil_municipal_du_19.03.2024.pdf,https://www.ville-sarrians.fr/vie-municipale/votre-ville-vos-elues/le-conseil-municipal.html,1,"Liste des délibérations examinées par le Conseil Municipal du 19 mars 2024, pdf, 211ko",deliberation;delib;conseil_municipal,deliberation;delib;conseil municipal,True,Sarrians,84122,5792,84
https://www.ville-sarrians.fr/fileadmin/mediatheque/sarrians/documents/Vie_municipale/Le_Conseil_Municipal/MEL-Extrait_du_Compte-rendu_du_Conseil_Municipal_du_18.10.23.pdf,https://www.ville-sarrians.fr/vie-municipale/votre-ville-vos-elues/le-conseil-municipal.html,1,"Extrait du compte-rendu du Conseil Municipal du 29.11.23, pdf, 2.77mo",compte-rendu;conseil_municipal,compte-rendu;conseil municipal,True,Sarrians,84122,5792,84
https://www.ville-sarrians.fr/fileadmin/mediatheque/sarrians/documents/Vie_municipale/Le_Conseil_Municipal/MEL-Liste_des_deliberations-CM_29.11.23.pdf,https://www.ville-sarrians.fr/vie-municipale/votre-ville-vos-elues/le-conseil-municipal.html,1,"Liste des délibérations du Conseil Municipal du 29.11.23, pdf, 200ko",deliberation;delib;-cm,deliberation;delib;conseil municipal,True,Sarrians,84122,5792,84
https://www.ville-sarrians.fr/fileadmin/mediatheque/sarrians/documents/Vie_municipale/Le_Conseil_Municipal/MEL-Liste_des_deliberations-CM_18.10.23.pdf,https://www.ville-sarrians.fr/vie-municipale/votre-ville-vos-elues/le-conseil-municipal.html,1,"Liste des délibérations-Conseil Municipal du 18 Octobre 2023, pdf, 296ko",deliberation;delib;-cm,deliberation;delib;conseil municipal,True,Sarrians,84122,5792,84
https://www.ville-sarrians.fr/fileadmin/mediatheque/sarrians/documents/Vie_municipale/Le_Conseil_Municipal/MEL-1-Urbanisme-Approbation_de_la_revision_generale_du_PLU.pdf,https://www.ville-sarrians.fr/vie-municipale/votre-ville-vos-elues/le-conseil-municipal.html,1,"Délibération 1-Urbanisme-Approbation de la révision générale du PLU, pdf, 17.81mo",,deliberation;delib,False,Sarrians,84122,5792,84
https://www.ville-sarrians.fr/fileadmin/mediatheque/sarrians/documents/Vie_municipale/Le_Conseil_Municipal/MEL-2-Urbanisme-Coeur_de_Ville-Presentation_du_Compte_rendu_annuel_de_la_Concession_d_Amenagement_a_la_Collectivite__CRAC_.pdf,https://www.ville-sarrians.fr/vie-municipale/votre-ville-vos-elues/le-conseil-municipal.html,1,Délibération 2-Urbanisme-Coeur de ville-Présentation du compte rendu annuel de la CRAC-Bilan financier et plan de trésor,compte_rendu,deliberation;delib;compte rendu,True,Sarrians,84122,5792,84
https://www.ville-sarrians.fr/fileadmin/mediatheque/sarrians/documents/Vie_municipale/Le_Conseil_Municipal/MEL-3-Finances-Budget_Principal-Depense_a_imputer_au_6232.pdf,https://www.ville-sarrians.fr/vie-municipale/votre-ville-vos-elues/le-conseil-municipal.html,1,"Délibération 3-Finances-Budget principal-Dépenses à imputer au 6232, pdf, 755ko",,deliberation;delib,False,Sarrians,84122,5792,84
https://www.ville-sarrians.fr/fileadmin/mediatheque/sarrians/documents/Vie_municipale/Le_Conseil_Municipal/MEL-4-Finances-Budget_Principal-Virements_de_credits.pdf,https://www.ville-sarrians.fr/vie-municipale/votre-ville-vos-elues/le-conseil-municipal.html,1,"Délibération 4-Finances-Budget principal-Virements de crédits, pdf, 634ko",,deliberation;delib,False,Sarrians,84122,5792,84
https://www.ville-sarrians.fr/fileadmin/mediatheque/sarrians/documents/Vie_municipale/Le_Conseil_Municipal/MEL-5-Finances-Budget_Principal-Admission_en_non_valeur.pdf,https://www.ville-sarrians.fr/vie-municipale/votre-ville-vos-elues/le-conseil-municipal.html,1,"Délibération 5-Finances-Budget principal-Admission en non valeur, pdf, 584ko",,deliberation;delib,False,Sarrians,84122,5792,84
https://www.ville-sarrians.fr/fileadmin/mediatheque/sarrians/documents/Vie_municipale/Le_Conseil_Municipal/MEL-6-Finances-Budget_Principal-Decision_Modificative_n___1.pdf,https://www.ville-sarrians.fr/vie-municipale/votre-ville-vos-elues/le-conseil-municipal.html,1,"Délibération 6-Finances-Budget principal-Décision modificative n° 1, pdf, 0.91mo",,deliberation;delib,False,Sarrians,84122,5792,84
https://www.ville-sarrians.fr/fileadmin/mediatheque/sarrians/documents/Vie_municipale/Le_Conseil_Municipal/MEL-7-Finances-Budget_Annexe_Eau_Potable_au_nom_et_pour_compte_de_la_CoVe-Decision_Modificative_n___1.pdf,https://www.ville-sarrians.fr/vie-municipale/votre-ville-vos-elues/le-conseil-municipal.html,1,"Délibération 7-Finances-Budget annexe Eau Potable au nom et pour compte de la CoVe-Décision modificative n° 1, pdf, 819k",,deliberation;delib,False,Sarrians,84122,5792,84
https://www.ville-sarrians.fr/fileadmin/mediatheque/sarrians/documents/Vie_municipale/Le_Conseil_Municipal/MEL-8-Associations-Subventions_2023.pdf,https://www.ville-sarrians.fr/vie-municipale/votre-ville-vos-elues/le-conseil-municipal.html,1,"Délibération 8-Associations-Subventions 2023, pdf, 565ko",,deliberation;delib,False,Sarrians,84122,5792,84
https://www.ville-sarrians.fr/fileadmin/mediatheque/sarrians/documents/Vie_municipale/Le_Conseil_Municipal/MEL-9-Enfance-Jeunesse-Projet_educatif_territorial_2023-2026.pdf,https://www.ville-sarrians.fr/vie-municipale/votre-ville-vos-elues/le-conseil-municipal.html,1,"Délibération 9-Enfance Jeunesse-Projet éducatif territorial 2023-2026, pdf, 14.23mo",,deliberation;delib,False,Sarrians,84122,5792,84
https://www.ville-sarrians.fr/fileadmin/mediatheque/sarrians/documents/Vie_municipale/Le_Conseil_Municipal/MEL-10-Enfance-Jeunesse-Modification_du_reglement_interieur_des_ALSH_Periscolaires_maternelles_elementaires.pdf,https://www.ville-sarrians.fr/vie-municipale/votre-ville-vos-elues/le-conseil-municipal.html,1,"Délibération 10-Enfance Jeunesse-Modification du règlement intérieur des ALSH périscolaires maternelles élémentaires, pd",,deliberation;delib,False,Sarrians,84122,5792,84
https://www.ville-sarrians.fr/fileadmin/mediatheque/sarrians/documents/Vie_municipale/Le_Conseil_Municipal/MEL-11-Ressources_humaines-Designation_du_referent_deontologue_des_elus_et_adhesion_a_la_mission_d_assistance_et_de_conseil_mise_en_place_-CDG84.pdf,https://www.ville-sarrians.fr/vie-municipale/votre-ville-vos-elues/le-conseil-municipal.html,1,Délibération 11-Ressources humaines-Désignation du référent déontologue des élus et adhésion à la mission d'assistance e,,deliberation;delib,False,Sarrians,84122,5792,84
https://www.ville-sarrians.fr/fileadmin/mediatheque/sarrians/documents/Vie_municipale/Le_Conseil_Municipal/MEL-12-Ressources_humaines-Modification_du_tableau_des_emplois.pdf,https://www.ville-sarrians.fr/vie-municipale/votre-ville-vos-elues/le-conseil-municipal.html,1,"Délibération 12-Ressources humaines-Modification du tableau des emplois, pdf, 922ko",,deliberation;delib,False,Sarrians,84122,5792,84
https://www.ville-sarrians.fr/fileadmin/mediatheque/sarrians/documents/Vie_municipale/Le_Conseil_Municipal/MEL-13-Ressources_humaines-Accueil_de_collaborateur_occasionnel_ou_benevole_du_service_public.pdf,https://www.ville-sarrians.fr/vie-municipale/votre-ville-vos-elues/le-conseil-municipal.html,1,"Délibération 13-Ressources humaines-Accueil de collaborateur occasionnel ou bénévole du service public, pdf, 602ko",,deliberation;delib,False,Sarrians,84122,5792,84
https://www.ville-sarrians.fr/fileadmin/mediatheque/sarrians/documents/Vie_municipale/Le_Conseil_Municipal/MEL-14-Urbanisme-Vente_d__une_portion_de_parcelle_appartenant_a_la_commune_a_M._TELLENE_et_a_Mme_GUIGUE.pdf,https://www.ville-sarrians.fr/vie-municipale/votre-ville-vos-elues/le-conseil-municipal.html,1,"Délibération 14-Urbanisme-Vente d'une portion de parcelle appartenant à la commune à M. TELLENE et Mme GUIGUE, pdf, 3.44",,deliberation;delib,False,Sarrians,84122,5792,84
https://www.ville-sarrians.fr/fileadmin/mediatheque/sarrians/documents/Vie_municipale/Le_Conseil_Municipal/MEL-15-Urbanisme-Vente_d_une_portion_de_parcelle_appartenant_a_la_commune_a_M._et_Mme_LOPEZ_BELMONTE.pdf,https://www.ville-sarrians.fr/vie-municipale/votre-ville-vos-elues/le-conseil-municipal.html,1,"Délibération 15-Urbanisme-Vente d'une portion de parcelle appartenant à la commune à M. et Mme LOPEZ BELMONTE, pdf, 2.76",,deliberation;delib,False,Sarrians,84122,5792,84
https://www.ville-sarrians.fr/fileadmin/mediatheque/sarrians/documents/Vie_municipale/Le_Conseil_Municipal/CM_15_04_2023/4_-_FINANCES-Eau-Compte_de_Gestion_2022-1.pdf,https://www.ville-sarrians.fr/vie-municipale/votre-ville-vos-elues/le-conseil-municipal.html,1,"Délibération n°4 : FINANCES - BUDGET EAU AU NOM ET POUR LE COMPTE DE LA COVE : COMPTE DE GESTION 2022, pdf, 312ko",,deliberation;delib,False,Sarrians,84122,5792,84
https://www.ville-sarrians.fr/fileadmin/mediatheque/sarrians/documents/Vie_municipale/Le_Conseil_Municipal/CM_15_04_2023/5_-FINANCES-Eau-Compte_Administratif_2022-1.pdf,https://www.ville-sarrians.fr/vie-municipale/votre-ville-vos-elues/le-conseil-municipal.html,1,"Délibération n°5 : FINANCES - BUDGET EAU AU NOM ET POUR LE COMPTE DE LA COVE : COMPTE ADMINISTRATIF 2022, pdf, 0.96mo",,deliberation;delib,False,Sarrians,84122,5792,84
https://www.ville-sarrians.fr/fileadmin/mediatheque/sarrians/documents/Vie_municipale/Le_Conseil_Municipal/CM_15_04_2023/6_-FINANCES-Assainissement-Compte_de_gestion_2022-1.pdf,https://www.ville-sarrians.fr/vie-municipale/votre-ville-vos-elues/le-conseil-municipal.html,1,"Délibération n°6 : FINANCES - BUDGET ASSAINISSEMENT AU NOM ET POUR LE COMPTE DE LA COVE : COMPTE DE GESTION 2022 , pdf, ",,deliberation;delib,False,Sarrians,84122,5792,84
https://www.ville-sarrians.fr/fileadmin/mediatheque/sarrians/documents/Vie_municipale/Le_Conseil_Municipal/CM_15_04_2023/7_-FINANCES-Assainissement-Compte_Administratif_2022-1.pdf,https://www.ville-sarrians.fr/vie-municipale/votre-ville-vos-elues/le-conseil-municipal.html,1,"Délibération n°7 : FINANCES - BUDGET ASSAINISSEMENT AU NOM ET POUR LE COMPTE DE LA COVE : COMPTE ADMINISTRATIF 2022, pdf",,deliberation;delib,False,Sarrians,84122,5792,84
https://www.ville-sarrians.fr/fileadmin/mediatheque/sarrians/documents/Vie_municipale/Le_Conseil_Municipal/CM_15_04_2023/8_-_FINANCES-Hydraulique-Compte_de_gestion_2022-1.pdf,https://www.ville-sarrians.fr/vie-municipale/votre-ville-vos-elues/le-conseil-municipal.html,1,"Délibération n°8 : FINANCES - BUDGET ANNEXE DE L' HYDRAULIQUE : COMPTE DE GESTION 2022, pdf, 304ko",,deliberation;delib,False,Sarrians,84122,5792,84
https://www.ville-sarrians.fr/fileadmin/mediatheque/sarrians/documents/Vie_municipale/Le_Conseil_Municipal/CM_15_04_2023/9-FINANCES-Hydraulique-Compte_administratif_2022-1.pdf,https://www.ville-sarrians.fr/vie-municipale/votre-ville-vos-elues/le-conseil-municipal.html,1,"Délibération n°9 : FINANCES - BUDGET ANNEXE DE L'HYDRAULIQUE : COMPTE ADMINISTRATIF 2022, pdf, 801ko",,deliberation;delib,False,Sarrians,84122,5792,84
https://www.ville-sarrians.fr/fileadmin/mediatheque/sarrians/documents/Vie_municipale/Le_Conseil_Municipal/CM_15_04_2023/10-FINANCES-Camping-Compte_de_Gestion_2022-2.pdf,https://www.ville-sarrians.fr/vie-municipale/votre-ville-vos-elues/le-conseil-municipal.html,1,"Délibération n°10 : FINANCES - BUDGET ANNEXE DU CAMPING : COMPTE DE GESTION 2022, pdf, 300ko",,deliberation;delib,False,Sarrians,84122,5792,84
https://www.ville-sarrians.fr/fileadmin/mediatheque/sarrians/documents/Vie_municipale/Le_Conseil_Municipal/CM_15_04_2023/11-FINANCES-Camping-Compte_Administratif_2022-1.pdf,https://www.ville-sarrians.fr/vie-municipale/votre-ville-vos-elues/le-conseil-municipal.html,1,"Délibération n°11 : FINANCES - BUDGET ANNEXE DU CAMPING : COMPTE ADMINISTRATIF 2022, pdf, 794ko",,deliberation;delib,False,Sarrians,84122,5792,84
https://www.ville-sarrians.fr/fileadmin/mediatheque/sarrians/documents/Vie_municipale/Le_Conseil_Municipal/CM_15_04_2023/12_-_FINANCES-Fune__raire_-_Compte_de_gestion_2022.pdf,https://www.ville-sarrians.fr/vie-municipale/votre-ville-vos-elues/le-conseil-municipal.html,1,"Délibération n°12 : BUDGET ANNEXE DU FUNERAIRE - COMPTE DE GESTION 2022, pdf, 303ko",,deliberation;delib,False,Sarrians,84122,5792,84
https://www.ville-sarrians.fr/fileadmin/mediatheque/sarrians/documents/Vie_municipale/Le_Conseil_Municipal/CM_15_04_2023/13-FINANCES-Fune__raire-Compte_Administratif_2022.pdf,https://www.ville-sarrians.fr/vie-municipale/votre-ville-vos-elues/le-conseil-municipal.html,1,"Délibération n°13 : BUDGET ANNEXE DU FUNERAIRE - COMPTE DE GESTION 2022, pdf, 0.96mo",,deliberation;delib,False,Sarrians,84122,5792,84
https://www.ville-sarrians.fr/fileadmin/mediatheque/sarrians/documents/Vie_municipale/Le_Conseil_Municipal/CM_15_04_2023/14-FINANCES-Camping-cloture.pdf,https://www.ville-sarrians.fr/vie-municipale/votre-ville-vos-elues/le-conseil-municipal.html,1,"Délibération n°14 : FINANCES - BUDGET PRINCIPAL : CLÔTURE DU BUDGET ANNEXE "" CAMPING "" SUITE A UNE DÉLÉGATION DE SERVICE",,deliberation;delib,False,Sarrians,84122,5792,84
https://www.ville-sarrians.fr/fileadmin/mediatheque/sarrians/documents/Vie_municipale/Le_Conseil_Municipal/CM_15_04_2023/15-FINANCES-Budget_Principal-Affectation_re__sultat_2022.pdf,https://www.ville-sarrians.fr/vie-municipale/votre-ville-vos-elues/le-conseil-municipal.html,1,"Délibération n°15 : FINANCES - BUDGET PRINCIPAL : AFFECTATION DU RESULTAT 2022, pdf, 268ko",,deliberation;delib,False,Sarrians,84122,5792,84
https://www.ville-sarrians.fr/fileadmin/mediatheque/sarrians/documents/Vie_municipale/Le_Conseil_Municipal/CM_15_04_2023/16-FINANCES-Budget_Principal-Budget_Primitif_2023.pdf,https://www.ville-sarrians.fr/vie-municipale/votre-ville-vos-elues/le-conseil-municipal.html,1,"Délibération n°16 : FINANCES - BUDGET PRINCIPAL : BUDGET PRIMITIF 2023, pdf, 1.87mo",,deliberation;delib,False,Sarrians,84122,5792,84
https://www.ville-sarrians.fr/fileadmin/mediatheque/sarrians/documents/Vie_municipale/Le_Conseil_Municipal/CM_15_04_2023/17-FINANCES-Eau-Budget_Primitif_2023.pdf,https://www.ville-sarrians.fr/vie-municipale/votre-ville-vos-elues/le-conseil-municipal.html,1,"Délibération n°17 : BUDGET EAU AU NOM ET POUR LE COMPTE COVE : BUDGET PRIMITIF 2023, pdf, 881ko",,deliberation;delib,False,Sarrians,84122,5792,84
https://www.ville-sarrians.fr/fileadmin/mediatheque/sarrians/documents/Vie_municipale/Le_Conseil_Municipal/CM_15_04_2023/18-FINANCES-Assainissement-Budget_Primitif_2023.pdf,https://www.ville-sarrians.fr/vie-municipale/votre-ville-vos-elues/le-conseil-municipal.html,1,"Délibération n°18 : BUDGET ASSAINISSEMENT AU NOM ET POUR CPTE COVE : BUDGET PRIMITIF 2023, pdf, 0.96mo",,deliberation;delib,False,Sarrians,84122,5792,84
https://www.ville-sarrians.fr/fileadmin/mediatheque/sarrians/documents/Vie_municipale/Le_Conseil_Municipal/CM_15_04_2023/19-FINANCES-Hydraulique-BP_2023.pdf,https://www.ville-sarrians.fr/vie-municipale/votre-ville-vos-elues/le-conseil-municipal.html,1,"Délibération n°19 : BUDGET ANNEXE DE L'HYDRAULIQUE - BUDGET PRIMITIF 2023, pdf, 1.02mo",,deliberation;delib,False,Sarrians,84122,5792,84
https://www.ville-sarrians.fr/fileadmin/mediatheque/sarrians/documents/Vie_municipale/Le_Conseil_Municipal/CM_15_04_2023/20-FINANCES-Fune__raire-Budget_Primitif_2023.pdf,https://www.ville-sarrians.fr/vie-municipale/votre-ville-vos-elues/le-conseil-municipal.html,1,"Délibération n°20 : BUDGET ANNEXE DE LA REGIE FUNERAIRE : BUDGET PRIMITIF 2023, pdf, 0.99mo",,deliberation;delib,False,Sarrians,84122,5792,84
https://www.ville-sarrians.fr/fileadmin/mediatheque/sarrians/documents/Vie_municipale/Le_Conseil_Municipal/CM_15_04_2023/Extrait_CR_CM_15.04.2023.pdf,https://www.ville-sarrians.fr/vie-municipale/votre-ville-vos-elues/le-conseil-municipal.html,1,"Extrait du compte-rendu du Conseil Municipal 15 avril 2023, pdf, 93ko",,compte-rendu;conseil municipal,False,Sarrians,84122,5792,84
https://www.ville-sarrians.fr/fileadmin/mediatheque/sarrians/documents/Vie_municipale/Le_Conseil_Municipal/CM_11_04_2023/1-_Urbanisme_-_Arre__t_PLU.pdf,https://www.ville-sarrians.fr/vie-municipale/votre-ville-vos-elues/le-conseil-municipal.html,1,"Délibération n°1 :URBANISME - RÉVISION GÉNÉRALE DU PLAN LOCAL D'URBANISME : BILAN DE LA CONCERTATION ET ARRÊT DU PROJET,",,deliberation;delib,False,Sarrians,84122,5792,84
https://www.ville-sarrians.fr/fileadmin/mediatheque/sarrians/documents/Vie_municipale/Le_Conseil_Municipal/CM_11_04_2023/2-FINANCES-Budget_Principal-Compte_de_Gestion_2022.pdf,https://www.ville-sarrians.fr/vie-municipale/votre-ville-vos-elues/le-conseil-municipal.html,1,"Délibération n°2 :FINANCES - BUDGET PRINCIPAL : COMPTE DE GESTION 2022, pdf, 293ko",,deliberation;delib,False,Sarrians,84122,5792,84
https://www.ville-sarrians.fr/fileadmin/mediatheque/sarrians/documents/Vie_municipale/Le_Conseil_Municipal/CM_11_04_2023/3-FINANCES-Budget_Principal-Compte_Administratif_2022.pdf,https://www.ville-sarrians.fr/vie-municipale/votre-ville-vos-elues/le-conseil-municipal.html,1,"Délibération n°3 : FINANCES - BUDGET PRINCIPAL : COMPTE ADMINISTRATIF 2022, pdf, 2.46mo",,deliberation;delib,False,Sarrians,84122,5792,84
https://www.ville-sarrians.fr/fileadmin/mediatheque/sarrians/documents/Vie_municipale/Le_Conseil_Municipal/CM_11_04_2023/Extrait_CR_CM_11.04.2023.pdf,https://www.ville-sarrians.fr/vie-municipale/votre-ville-vos-elues/le-conseil-municipal.html,1,"Extrait du compte-rendu du Conseil Municipal 11 avril 2023, pdf, 114ko",,compte-rendu;conseil municipal,False,Sarrians,84122,5792,84
https://www.ville-sarrians.fr/fileadmin/mediatheque/sarrians/documents/Vie_municipale/Le_Conseil_Municipal/CR_21_03_2023/1-_ADMINISTRATION_GENERALE_-_Mise_a___jour_des_de__le__gations_du_conseil_municipal_au_Maire.pdf,https://www.ville-sarrians.fr/vie-municipale/votre-ville-vos-elues/le-conseil-municipal.html,1,"Délibération n°1 : ADMINISTRATION GENERALE - MISE A JOUR DE LA DELEGATION DU CONSEIL MUNICIPAL AU MAIRE (ALINEA 26°), pd",conseil_municipal,deliberation;delib;conseil municipal,True,Sarrians,84122,5792,84
https://www.ville-sarrians.fr/fileadmin/mediatheque/sarrians/documents/Vie_municipale/Le_Conseil_Municipal/CR_21_03_2023/2_-_FINANCES-_Taux_2023_de_la_fiscalite___directe_locale.pdf,https://www.ville-sarrians.fr/vie-municipale/votre-ville-vos-elues/le-conseil-municipal.html,1,"Délibération n°2 : FINANCES - VOTE DES TAUX 2023 DE LA FISCALITE DIRECTE LOCALE , pdf, 173ko",,deliberation;delib,False,Sarrians,84122,5792,84
https://www.ville-sarrians.fr/fileadmin/mediatheque/sarrians/documents/Vie_municipale/Le_Conseil_Municipal/CR_21_03_2023/3-_MEDIATHEQUE_-_Projet_scientifique__culturel__e__ducatif_et_social__PSCES___1_.pdf,https://www.ville-sarrians.fr/vie-municipale/votre-ville-vos-elues/le-conseil-municipal.html,1,"Délibération n°3 : MEDIATHEQUE : APPROBATION DU PROJET SCIENTIFIQUE, CULTUREL, EDUCATIF ET SOCIAL (PSCES) , pdf, 3.05mo",,deliberation;delib,False,Sarrians,84122,5792,84
https://www.ville-sarrians.fr/fileadmin/mediatheque/sarrians/documents/Vie_municipale/Le_Conseil_Municipal/CR_21_03_2023/4-_MARCHES_PUBLICS_-_Convention_UGAP_Electricite___2025.pdf,https://www.ville-sarrians.fr/vie-municipale/votre-ville-vos-elues/le-conseil-municipal.html,1,"Délibération n°4 : MARCHES PUBLICS - CONVENTION UGAP ELECTRICITE 2025 , pdf, 1.02mo",,deliberation;delib,False,Sarrians,84122,5792,84
https://www.ville-sarrians.fr/fileadmin/mediatheque/sarrians/documents/Vie_municipale/Le_Conseil_Municipal/CR_21_03_2023/5-_HYDRAULIQUE_-_Paln_pluriannuel_entretien_des_mayres-Loi_sur_l_eau_et_de__claration_d_inte__re__t_ge__ne__ral.pdf,https://www.ville-sarrians.fr/vie-municipale/votre-ville-vos-elues/le-conseil-municipal.html,1,Délibération n°5 :HYDRAULIQUE : PLAN PLURIANNUEL DE GESTION ET D'ENTRETIEN DES MAYRES 2023-2029 - DOSSIER LOI SUR L'EAU ,,deliberation;delib,False,Sarrians,84122,5792,84
https://www.ville-sarrians.fr/fileadmin/mediatheque/sarrians/documents/Vie_municipale/Le_Conseil_Municipal/CR_21_03_2023/6-_FINANCES_-_Rapport_d_orientations_budge__taires_2023__1___1_.pdf,https://www.ville-sarrians.fr/vie-municipale/votre-ville-vos-elues/le-conseil-municipal.html,1,"Délibération n°6 : FINANCES : RAPPORT D'ORIENTATIONS BUDGETAIRES 2023, pdf, 1.38mo",,deliberation;delib,False,Sarrians,84122,5792,84
https://www.ville-sarrians.fr/fileadmin/mediatheque/sarrians/documents/Vie_municipale/Le_Conseil_Municipal/CR_21_03_2023/Liste_des_de__libe__rations-C.Mun._21_-_03-2023.pdf,https://www.ville-sarrians.fr/vie-municipale/votre-ville-vos-elues/le-conseil-municipal.html,1,"Relevé des délibérations du Conseil Municipal du 21 mars 2023, pdf, 53ko",,deliberation;delib;conseil municipal,False,Sarrians,84122,5792,84
https://www.ville-sarrians.fr/fileadmin/mediatheque/sarrians/documents/Vie_municipale/Le_Conseil_Municipal/CM_24_01_2023/1-Finances-Subvention_2022_AFCAS-Rattachement_comptable.pdf,https://www.ville-sarrians.fr/vie-municipale/votre-ville-vos-elues/le-conseil-municipal.html,1,"Délibération 1-Finances-Subvention 2022 à l'AFCAS-Rattachement comptable d'une dépense au titre de l'exercice 2022., pdf",,deliberation;delib,False,Sarrians,84122,5792,84
https://www.ville-sarrians.fr/fileadmin/mediatheque/sarrians/documents/Vie_municipale/Le_Conseil_Municipal/CM_24_01_2023/2-Commande_publique-Approbation_des_tarifs_du_camping_de_la_sainte_croix_et_mise_a_jour_du_statut_du_titulaire.pdf,https://www.ville-sarrians.fr/vie-municipale/votre-ville-vos-elues/le-conseil-municipal.html,1,Délibération 2-Commande publique-Approbation des tarifs du Camping de la Sainte Croix et approbation de l'avenant n° 1 a,,deliberation;delib,False,Sarrians,84122,5792,84
https://www.ville-sarrians.fr/fileadmin/mediatheque/sarrians/documents/Vie_municipale/Le_Conseil_Municipal/CM_24_01_2023/3-Urbanisme-Debat_PADD.pdf,https://www.ville-sarrians.fr/vie-municipale/votre-ville-vos-elues/le-conseil-municipal.html,1,Délibération 3-Urbanisme-Débat sur les orientations générales du projet d'aménagement et de développement durable (PADD),,deliberation;delib,False,Sarrians,84122,5792,84
https://www.ville-sarrians.fr/fileadmin/mediatheque/sarrians/documents/Vie_municipale/Le_Conseil_Municipal/CM_24_01_2023/4-Marches_publics-DSP-Rapport_2021_Mise_en_fourriere.pdf,https://www.ville-sarrians.fr/vie-municipale/votre-ville-vos-elues/le-conseil-municipal.html,1,Délibération 4-Marchés publics-Délégation de service public pour rapport d'enlèvement des véhicules abandonnés en fourri,,deliberation;delib,False,Sarrians,84122,5792,84
https://www.ville-sarrians.fr/fileadmin/mediatheque/sarrians/documents/Vie_municipale/Le_Conseil_Municipal/CM_24_01_2023/MEL-Liste_Deliberations_24.01.2023.pdf,https://www.ville-sarrians.fr/vie-municipale/votre-ville-vos-elues/le-conseil-municipal.html,1,"Relevé des délibérations du Conseil Municipal du 24 Janvier 2023., pdf, 119ko",deliberation;delib,deliberation;delib;conseil municipal,True,Sarrians,84122,5792,84
https://www.ville-sarrians.fr/fileadmin/mediatheque/sarrians/documents/Vie_municipale/Le_Conseil_Municipal/CM_24_01_2023/MEL-3-Urbanisme-Retranscription_du_debat_PADD.pdf,https://www.ville-sarrians.fr/vie-municipale/votre-ville-vos-elues/le-conseil-municipal.html,1,"Délibération 3-Urbanisme-Retranscription du débat PADD dans le cadre de la révision du PLU., pdf, 1.22mo",,deliberation;delib,False,Sarrians,84122,5792,84
https://www.ville-sarrians.fr/fileadmin/mediatheque/sarrians/documents/Vie_municipale/Le_Conseil_Municipal/CM_06_12_2022/MEL-_Releve_des_deliberations-C.Mun._06.12.22.pdf,https://www.ville-sarrians.fr/vie-municipale/votre-ville-vos-elues/le-conseil-municipal.html,1,"Relevé des délibérations du Conseil Municipal du 06/12/22., pdf, 276ko",deliberation;delib,deliberation;delib;conseil municipal,True,Sarrians,84122,5792,84
https://www.ville-sarrians.fr/fileadmin/mediatheque/sarrians/documents/Vie_municipale/Le_Conseil_Municipal/CM_20_09_2022/MEL-_Liste_des_deliberations-C.Mun._20.09.22.pdf,https://www.ville-sarrians.fr/vie-municipale/votre-ville-vos-elues/le-conseil-municipal.html,1,"Liste des délibérations du Conseil Municipal du 20/09/22, pdf, 176ko",deliberation;delib,deliberation;delib;conseil municipal,True,Sarrians,84122,5792,84
https://www.ville-sarrians.fr/fileadmin/mediatheque/sarrians/documents/Vie_municipale/Le_Conseil_Municipal/CM_20_09_2022/1-Finances-Budget_principal-DM_1.pdf,https://www.ville-sarrians.fr/vie-municipale/votre-ville-vos-elues/le-conseil-municipal.html,1,"CM 20/09/22-Délibération 1-Finances-Budget principal-Décision modificative 1., pdf, 0.92mo",,deliberation;delib,False,Sarrians,84122,5792,84
https://www.ville-sarrians.fr/fileadmin/mediatheque/sarrians/documents/Vie_municipale/Le_Conseil_Municipal/CM_20_09_2022/2-Ressources_humaines-Modification_du_tableau_des_emplois.pdf,https://www.ville-sarrians.fr/vie-municipale/votre-ville-vos-elues/le-conseil-municipal.html,1,"CM 20/09/22-Délibération 2-Ressources humaines-Modification du tableau des emplois., pdf, 871ko",,deliberation;delib,False,Sarrians,84122,5792,84
https://www.ville-sarrians.fr/fileadmin/mediatheque/sarrians/documents/Vie_municipale/Le_Conseil_Municipal/CM_20_09_2022/3-Services_techniques-Denomination_de_voies_et_places.pdf,https://www.ville-sarrians.fr/vie-municipale/votre-ville-vos-elues/le-conseil-municipal.html,1,"CM 20/09/22-Délibération 3-Services techniques-Dénomination de voies et places., pdf, 793ko",,deliberation;delib,False,Sarrians,84122,5792,84
https://www.ville-sarrians.fr/fileadmin/mediatheque/sarrians/documents/Vie_municipale/Le_Conseil_Municipal/CM_20_09_2022/4-Services_techniques-Conventions_Servitude_eaux_pluviales.pdf,https://www.ville-sarrians.fr/vie-municipale/votre-ville-vos-elues/le-conseil-municipal.html,1,"CM 20/09/22-Délibération 4-Services techniques-Conventions passage canalisation eaux pluviales., pdf, 1.10mo",,deliberation;delib,False,Sarrians,84122,5792,84
https://www.ville-sarrians.fr/fileadmin/mediatheque/sarrians/documents/Vie_municipale/Le_Conseil_Municipal/CM_20_09_2022/5-Funeraire-Chambre_funeraire_Les_Grands_Cypres-Reglement_interieur.pdf,https://www.ville-sarrians.fr/vie-municipale/votre-ville-vos-elues/le-conseil-municipal.html,1,"CM 20/09/22-Délibération 5-Chambre funéraire ""Les Grands Cyprès""-Approbation du règlement intérieur., pdf, 1.23mo",,deliberation;delib,False,Sarrians,84122,5792,84
https://www.ville-sarrians.fr/fileadmin/mediatheque/sarrians/documents/Vie_municipale/Le_Conseil_Municipal/CM_20_09_2022/6-Urbanisme-Acquisition_Cabinet_medical_Boulevard_M._Bastidon.pdf,https://www.ville-sarrians.fr/vie-municipale/votre-ville-vos-elues/le-conseil-municipal.html,1,"M 20/09/22-Délibération 6-Urbanisme-Acquisition du cabinet médical-24 Boulevard M. Bastidon., pdf, 1.45mo",,deliberation;delib,False,Sarrians,84122,5792,84
https://www.ville-sarrians.fr/fileadmin/mediatheque/sarrians/documents/Vie_municipale/Le_Conseil_Municipal/CM_20_09_2022/7-Urbanisme-Coeur_de_ville-CRAC-Bilan_financier.pdf,https://www.ville-sarrians.fr/vie-municipale/votre-ville-vos-elues/le-conseil-municipal.html,1,"CM 20/09/22-Délibération 7-Urbanisme-Coeur de ville-Présentation du CRAC-Bilan financier au 31/12/21., pdf, 5.18mo",,deliberation;delib,False,Sarrians,84122,5792,84
https://www.ville-sarrians.fr/fileadmin/mediatheque/sarrians/documents/Vie_municipale/Le_Conseil_Municipal/CR_CM_2021/Extrait_compte_rendu_CM_01_07_2021.pdf,https://www.ville-sarrians.fr/vie-municipale/votre-ville-vos-elues/le-conseil-municipal.html,1,"1er juillet 2021, pdf, 138ko",compte_rendu,,False,Sarrians,84122,5792,84
https://www.ville-sarrians.fr/fileadmin/mediatheque/sarrians/documents/Vie_municipale/Le_Conseil_Municipal/CR_CM_2017/Sarrians-CR-CM-2017-10-03.pdf,https://www.ville-sarrians.fr/vie-municipale/votre-ville-vos-elues/le-conseil-municipal.html,1,"3 octobre 2017, pdf, 1.72mo",cm-;-cm,,False,Sarrians,84122,5792,84
https://www.ville-sarrians.fr/fileadmin/mediatheque/sarrians/documents/Vie_municipale/Le_Conseil_Municipal/CR_CM_2017/Sarrians-CR-CM-2017-07-18.pdf,https://www.ville-sarrians.fr/vie-municipale/votre-ville-vos-elues/le-conseil-municipal.html,1,"18 juillet 2017, pdf, 4.95mo",cm-;-cm,,False,Sarrians,84122,5792,84
https://www.ville-sarrians.fr/fileadmin/mediatheque/sarrians/documents/Vie_municipale/Le_Conseil_Municipal/CR_CM_2017/Sarrians-CR-CM-2017-06-20.pdf,https://www.ville-sarrians.fr/vie-municipale/votre-ville-vos-elues/le-conseil-municipal.html,1,"20 juin 2017, pdf, 2.69mo",cm-;-cm,,False,Sarrians,84122,5792,84
https://www.ville-sarrians.fr/fileadmin/mediatheque/sarrians/documents/Vie_municipale/Le_Conseil_Municipal/CR_CM_2017/Sarrians-CR-CM-2017-03-28.pdf,https://www.ville-sarrians.fr/vie-municipale/votre-ville-vos-elues/le-conseil-municipal.html,1,"28 mars 2017, pdf, 2.45mo",cm-;-cm,,False,Sarrians,84122,5792,84
https://www.ville-sarrians.fr/fileadmin/mediatheque/sarrians/documents/Vie_municipale/Le_Conseil_Municipal/CR_CM_2017/Sarrians-CR-CM-2017-02-28.pdf,https://www.ville-sarrians.fr/vie-municipale/votre-ville-vos-elues/le-conseil-municipal.html,1,"28 février 2017, pdf, 3.60mo",cm-;-cm,,False,Sarrians,84122,5792,84
https://www.ville-sarrians.fr/fileadmin/mediatheque/sarrians/documents/Vie_municipale/Le_Conseil_Municipal/CR_CM_2017/Sarrians-_CR-CM-2017-01-24.pdf,https://www.ville-sarrians.fr/vie-municipale/votre-ville-vos-elues/le-conseil-municipal.html,1,"24 janvier 2017, pdf, 4.46mo",cm-;-cm,,False,Sarrians,84122,5792,84
https://www.ville-sarrians.fr/fileadmin/mediatheque/sarrians/documents/Vie_municipale/Le_Conseil_Municipal/Sarrians-CR-CM-2016-12-20.pdf,https://www.ville-sarrians.fr/vie-municipale/votre-ville-vos-elues/le-conseil-municipal.html,1,"20 décembre 2016, pdf, 8.23mo",cm-;-cm,,False,Sarrians,84122,5792,84
https://www.ville-sarrians.fr/fileadmin/mediatheque/sarrians/documents/Vie_municipale/Le_Conseil_Municipal/Sarrians-CR-CM-2016-11-08.pdf,https://www.ville-sarrians.fr/vie-municipale/votre-ville-vos-elues/le-conseil-municipal.html,1,"8 novembre 2016, pdf, 6.05mo",cm-;-cm,,False,Sarrians,84122,5792,84
https://www.ville-sarrians.fr/fileadmin/mediatheque/sarrians/documents/Vie_municipale/Le_Conseil_Municipal/Sarrians-CR-CM-2016-09-27.pdf,https://www.ville-sarrians.fr/vie-municipale/votre-ville-vos-elues/le-conseil-municipal.html,1,"27 septembre 2016, pdf, 7.40mo",cm-;-cm,,False,Sarrians,84122,5792,84
https://www.ville-sarrians.fr/fileadmin/mediatheque/sarrians/documents/Vie_municipale/Le_Conseil_Municipal/Sarrians-CR-CM-2016-06-02.pdf,https://www.ville-sarrians.fr/vie-municipale/votre-ville-vos-elues/le-conseil-municipal.html,1,"2 juin 2016, pdf, 9.68mo",cm-;-cm,,False,Sarrians,84122,5792,84
https://www.ville-sarrians.fr/fileadmin/mediatheque/sarrians/documents/Vie_municipale/Le_Conseil_Municipal/Sarrians-CR-CM-2016-03-29.pdf,https://www.ville-sarrians.fr/vie-municipale/votre-ville-vos-elues/le-conseil-municipal.html,1,"29 mars 2016, pdf, 10.24mo",cm-;-cm,,False,Sarrians,84122,5792,84
https://www.ville-sarrians.fr/fileadmin/mediatheque/sarrians/documents/Vie_municipale/Le_Conseil_Municipal/Sarrians-CR-CM-2016-03-01.pdf,https://www.ville-sarrians.fr/vie-municipale/votre-ville-vos-elues/le-conseil-municipal.html,1,"1er mars 2016, pdf, 6.96mo",cm-;-cm,,False,Sarrians,84122,5792,84
https://www.ville-sarrians.fr/fileadmin/mediatheque/sarrians/documents/Vie_municipale/Le_Conseil_Municipal/Sarrians-CR-CM-2015-10-13.pdf,https://www.ville-sarrians.fr/vie-municipale/votre-ville-vos-elues/le-conseil-municipal.html,1,"13 octobre 2015, pdf, 6.48mo",cm-;-cm,,False,Sarrians,84122,5792,84
https://www.ville-sarrians.fr/fileadmin/mediatheque/sarrians/documents/Vie_municipale/Le_Conseil_Municipal/Sarrians-CR-CM-2015-09-17.pdf,https://www.ville-sarrians.fr/vie-municipale/votre-ville-vos-elues/le-conseil-municipal.html,1,"17 septembre 2015, pdf, 8.81mo",cm-;-cm,,False,Sarrians,84122,5792,84
https://www.ville-sarrians.fr/fileadmin/mediatheque/sarrians/documents/Vie_municipale/Le_Conseil_Municipal/Sarrians-CR-CM-2015-07-07.pdf,https://www.ville-sarrians.fr/vie-municipale/votre-ville-vos-elues/le-conseil-municipal.html,1,"7 juillet 2015, pdf, 5.29mo",cm-;-cm,,False,Sarrians,84122,5792,84
https://www.ville-sarrians.fr/fileadmin/mediatheque/sarrians/documents/Vie_municipale/Le_Conseil_Municipal/Sarrians-CR-CM-2015-05-26.pdf,https://www.ville-sarrians.fr/vie-municipale/votre-ville-vos-elues/le-conseil-municipal.html,1,"26 mai 2015, pdf, 7.66mo",cm-;-cm,,False,Sarrians,84122,5792,84
https://www.ville-sarrians.fr/fileadmin/mediatheque/sarrians/documents/Vie_municipale/Le_Conseil_Municipal/Sarrians-CR-CM-2015-03-24.pdf,https://www.ville-sarrians.fr/vie-municipale/votre-ville-vos-elues/le-conseil-municipal.html,1,"24 mars 2015, pdf, 12.01mo",cm-;-cm,,False,Sarrians,84122,5792,84
https://www.ville-sarrians.fr/fileadmin/mediatheque/sarrians/documents/Vie_municipale/Le_Conseil_Municipal/Sarrians-CR-CM-2015-02-24.pdf,https://www.ville-sarrians.fr/vie-municipale/votre-ville-vos-elues/le-conseil-municipal.html,1,"24 février 2015, pdf, 12.18mo",cm-;-cm,,False,Sarrians,84122,5792,84
